{
"type": "FeatureCollection",
"name": "madagascar",
"crs": { "type": "name", "properties": { "name": "urn:ogc:def:crs:OGC:1.3:CRS84" } },
"features": [
{ "type": "Feature", "properties": { "ISO": "MDG-ALA", "NAME_1": "Alaotra Mangoro" }, "geometry": { "type": "Polygon", "coordinates": [ [ [ 47.857699791000073, -19.53480987599994 ], [ 47.874884432000044, -19.523435535999965 ], [ 47.895729173000063, -19.522189078999929 ], [ 47.903261096000051, -19.508308270999976 ], [ 47.883240041000079, -19.467900813999961 ], [ 47.881516584000053, -19.438393179999935 ], [ 47.894980454000063, -19.428909053999973 ], [ 47.897242789000074, -19.410137865999957 ], [ 47.941299547000028, -19.384444045999942 ], [ 47.936821438000038, -19.374405012999944 ], [ 47.947057091000033, -19.362593774999937 ], [ 47.939025977000028, -19.298526514999935 ], [ 47.941108256000064, -19.271334395999929 ], [ 47.954346263000048, -19.258967543999972 ], [ 47.956469432000063, -19.223624618999963 ], [ 47.931978368000046, -19.213490671999978 ], [ 47.934099999000068, -19.157480002999932 ], [ 47.919680570000025, -19.151074834999974 ], [ 47.894874496000057, -19.118171529999927 ], [ 47.893869371000051, -19.103230120999967 ], [ 47.921556988000077, -19.057102658999952 ], [ 47.925684895000074, -19.014292635999936 ], [ 47.937879642000041, -19.000984685999981 ], [ 47.943261943000039, -18.97855001399995 ], [ 47.936300505000077, -18.968859559999942 ], [ 47.935856454000032, -18.935035826999979 ], [ 47.943275903000028, -18.919895148999956 ], [ 47.946004305000031, -18.847851269999978 ], [ 47.942920446000073, -18.830043816999932 ], [ 47.932076324000036, -18.831224948999932 ], [ 47.926935839000066, -18.763962034999963 ], [ 47.934832922000055, -18.71428547599993 ], [ 47.944442163000076, -18.70129437099996 ], [ 47.935235517000081, -18.69123299599994 ], [ 47.931238201000042, -18.657861493999974 ], [ 47.947012097000027, -18.626987534999955 ], [ 47.971693337000033, -18.626158873999941 ], [ 47.969033793000051, -18.611789441999974 ], [ 47.983357804000036, -18.589649127999962 ], [ 47.993712691000042, -18.528593799999953 ], [ 47.98386838700003, -18.500467592999939 ], [ 47.994419857000025, -18.49401010899993 ], [ 47.993759630000056, -18.463648160999981 ], [ 48.006612186000041, -18.462073914999962 ], [ 48.023509334000039, -18.39577294399993 ], [ 48.037003651000077, -18.382658797999966 ], [ 48.036786450000079, -18.356603599999971 ], [ 48.028259168000034, -18.354541065999967 ], [ 48.019230942000036, -18.334524872999964 ], [ 48.018445605000068, -18.281655644999944 ], [ 48.002030948000026, -18.275874120999958 ], [ 48.00753480700007, -18.181604466999943 ], [ 47.988994890000072, -18.161514047999958 ], [ 47.989103446000058, -18.120986581999944 ], [ 48.001515810000058, -18.102609088999941 ], [ 48.005217981000044, -18.052427274999957 ], [ 47.99274945600007, -18.050194164999937 ], [ 47.98958770400003, -18.030526572999975 ], [ 47.996660508000048, -18.01219778799998 ], [ 47.960506280000061, -17.98876063299997 ], [ 47.958965467000041, -17.966118456999936 ], [ 47.964892422000048, -17.958181208999974 ], [ 47.95730001700008, -17.930600009999978 ], [ 47.913574337000057, -17.924756038999931 ], [ 47.899123792000069, -17.905292393999957 ], [ 47.905489793000072, -17.89380258999995 ], [ 47.939086046000057, -17.879736193999975 ], [ 47.936292262000052, -17.863884303999953 ], [ 47.959880759000043, -17.812336038999945 ], [ 47.949787761000039, -17.784864096999968 ], [ 47.975741822000032, -17.752719043999946 ], [ 47.977505018000045, -17.729642403999947 ], [ 47.999927779000075, -17.724621248999938 ], [ 47.996859571000073, -17.716587705999927 ], [ 47.986556068000027, -17.714933419999966 ], [ 47.989413782000042, -17.693061381999939 ], [ 48.008791325000061, -17.68019809599997 ], [ 48.039962483000068, -17.679370991999974 ], [ 48.051972149000051, -17.650085257999933 ], [ 48.022784415000046, -17.644270157999927 ], [ 48.007292616000029, -17.632155446999946 ], [ 48.009580001000074, -17.618400003999966 ], [ 47.974435544000073, -17.585507191999966 ], [ 47.97264535100004, -17.574234278999938 ], [ 47.982829429000049, -17.55687226799995 ], [ 47.956881243000055, -17.559800997999957 ], [ 47.94360621900006, -17.532934916999977 ], [ 47.932442365000043, -17.52862472299995 ], [ 47.918245699000067, -17.48138236099993 ], [ 47.923731830000065, -17.461391984999977 ], [ 47.936722064000037, -17.471335139999951 ], [ 47.957772635000026, -17.457534403999944 ], [ 47.969168927000055, -17.43999608699994 ], [ 47.981539682000061, -17.450649615999964 ], [ 47.992111076000072, -17.448887081999942 ], [ 48.021643490000031, -17.393389877999937 ], [ 48.03187233400007, -17.394326902999978 ], [ 48.04477773800005, -17.40792982399995 ], [ 48.069053358000076, -17.405394586999932 ], [ 48.074281832000054, -17.422729587999982 ], [ 48.098636838000061, -17.413499687999945 ], [ 48.107956303000037, -17.383444769999983 ], [ 48.096957462000034, -17.363391487999934 ], [ 48.103360475000045, -17.338959885999941 ], [ 48.108005, -17.331726827999944 ], [ 48.130340347000072, -17.338293778999969 ], [ 48.151155772000038, -17.320816752999974 ], [ 48.148374147000027, -17.281574872999954 ], [ 48.138963819000026, -17.260519189999968 ], [ 48.145707813000058, -17.256017522999969 ], [ 48.149711126000057, -17.231447347999961 ], [ 48.17222840900007, -17.231337282999959 ], [ 48.197287791000065, -17.183250702999942 ], [ 48.189804103000029, -17.160354954999946 ], [ 48.176021794000064, -17.15280069399995 ], [ 48.18006207600007, -17.057954891999941 ], [ 48.136743481000053, -17.07012173499993 ], [ 48.117366537000066, -17.04850234099996 ], [ 48.098169938000069, -17.057155405999936 ], [ 48.083963441000037, -17.041435449999938 ], [ 48.074101471000063, -17.012426060999928 ], [ 48.052194049000036, -16.98946734499998 ], [ 48.07100190500006, -16.971907987999941 ], [ 48.052687076000041, -16.965197055999965 ], [ 48.048069954000027, -16.949004294999952 ], [ 48.062905389000036, -16.931252713999982 ], [ 48.065635721000035, -16.902363289999982 ], [ 48.035523347000037, -16.889280099999951 ], [ 48.029818976000058, -16.867064987999981 ], [ 48.003802120000046, -16.854169166999952 ], [ 48.011731790000056, -16.833980375999943 ], [ 47.987057001000039, -16.788890781999953 ], [ 47.94808226300006, -16.760600416999978 ], [ 47.925577996000072, -16.727100047999954 ], [ 47.94509746600005, -16.703897912999935 ], [ 47.937377811000033, -16.667892245999951 ], [ 47.949645693000036, -16.642215724999971 ], [ 47.921997901000054, -16.603815291999979 ], [ 47.920392073000073, -16.591012097999965 ], [ 47.904564441000048, -16.584550057999934 ], [ 47.737882564000074, -16.390088447999972 ], [ 47.712560747000055, -16.353825084999983 ], [ 47.697143369000059, -16.315072552999936 ], [ 47.713263660000052, -16.311403016999975 ], [ 47.734920384000077, -16.356796888999952 ], [ 47.784154211000043, -16.399595126999941 ], [ 47.807027444000028, -16.400658044999943 ], [ 47.871986785000047, -16.377892161999966 ], [ 47.9053, -16.333100003999959 ], [ 47.917000346000066, -16.329197812999951 ], [ 47.924318752000033, -16.311949266999932 ], [ 47.946897338000042, -16.298316474999979 ], [ 47.961235108000039, -16.25442458699996 ], [ 47.956193493000058, -16.240559013999928 ], [ 47.976678913000057, -16.249299054999938 ], [ 47.981218633000026, -16.258895424999935 ], [ 48.002457367000034, -16.258861326999977 ], [ 48.019546148000074, -16.250062949999972 ], [ 48.078269298000066, -16.276362380999956 ], [ 48.114106296000045, -16.282960144999947 ], [ 48.136250561000054, -16.268553013999963 ], [ 48.15692591100003, -16.274465007999936 ], [ 48.172907620000046, -16.254546069999947 ], [ 48.189471081000079, -16.247019244999933 ], [ 48.212843045000056, -16.250019858999963 ], [ 48.232553847000077, -16.240528791999964 ], [ 48.277726746000042, -16.245075586999974 ], [ 48.317023104000043, -16.285754299999951 ], [ 48.372959854000044, -16.312088409999944 ], [ 48.37845509400006, -16.354944944999943 ], [ 48.390789859000051, -16.339715636999927 ], [ 48.412109446000045, -16.344949888999963 ], [ 48.442109128000027, -16.331629315999976 ], [ 48.46915690700007, -16.35342873999997 ], [ 48.496183350000081, -16.399413232999962 ], [ 48.508699334000028, -16.406641031999982 ], [ 48.533636276000038, -16.404629219999947 ], [ 48.59061312700004, -16.448432763999961 ], [ 48.58616588600006, -16.464419269999951 ], [ 48.598926800000072, -16.466807488999962 ], [ 48.599712904000057, -16.475584140999956 ], [ 48.61817265500008, -16.488708583999937 ], [ 48.615611468000054, -16.495740286999933 ], [ 48.604168077000054, -16.497048090999954 ], [ 48.615859356000044, -16.502829104999932 ], [ 48.61334843000003, -16.515513277999958 ], [ 48.637536381000075, -16.510910292999938 ], [ 48.616548640000076, -16.552893268999981 ], [ 48.637030235000054, -16.563641005999955 ], [ 48.644915998000045, -16.578981535999958 ], [ 48.649193265000065, -16.572240650999959 ], [ 48.655651100000057, -16.592473888999962 ], [ 48.63357320700004, -16.616703446999963 ], [ 48.638980551000031, -16.626478719999966 ], [ 48.629973872000051, -16.625896552999961 ], [ 48.620090147000042, -16.650992400999939 ], [ 48.602945305000048, -16.657509350999931 ], [ 48.613188539000078, -16.667403276999949 ], [ 48.615119892000052, -16.682607933999975 ], [ 48.62158508300007, -16.664616463999948 ], [ 48.658980143000065, -16.65810399399993 ], [ 48.675472761000037, -16.68285840599998 ], [ 48.690589792000026, -16.689722046999975 ], [ 48.706836118000069, -16.684533375999933 ], [ 48.719235577000063, -16.664149302999931 ], [ 48.739447111000061, -16.670274039999981 ], [ 48.752756287000068, -16.660116646999938 ], [ 48.765395954000041, -16.662535029999958 ], [ 48.771203227000058, -16.678613623999979 ], [ 48.78580931700003, -16.683200658999965 ], [ 48.798689692000039, -16.677447237999957 ], [ 48.826687785000047, -16.686393890999966 ], [ 48.860262871000032, -16.671607068999947 ], [ 48.875835744000028, -16.682124733999956 ], [ 48.893011443000034, -16.678064623999944 ], [ 48.933997352000063, -16.685584940999945 ], [ 48.904061366000064, -16.702654783999947 ], [ 48.901273218000028, -16.714105304999975 ], [ 48.888121583000043, -16.715555744999961 ], [ 48.877089643000033, -16.73112326599994 ], [ 48.874570605000031, -16.782664741999952 ], [ 48.859087134000049, -16.788229613999931 ], [ 48.822161909000044, -16.857615548999945 ], [ 48.815326500000026, -16.879244735999976 ], [ 48.830163784000035, -16.876090372999954 ], [ 48.822592884000073, -16.892517899999973 ], [ 48.839771781000081, -16.895282323999936 ], [ 48.830131030000075, -16.918226610999966 ], [ 48.838534937000077, -16.925375875999976 ], [ 48.836510818000079, -16.951954893999982 ], [ 48.820107431000054, -16.992068598999936 ], [ 48.824822119000032, -16.998821416999931 ], [ 48.78909176600007, -17.032792109999946 ], [ 48.792693989000043, -17.045622350999963 ], [ 48.782733196000038, -17.066596373999971 ], [ 48.793108859000029, -17.070106879999969 ], [ 48.813434663000066, -17.056726566999941 ], [ 48.826683032000062, -17.072898733999978 ], [ 48.86758, -17.061550002999979 ], [ 48.872547947000044, -17.065581392999945 ], [ 48.87228, -17.113350003999926 ], [ 48.90334811300005, -17.124943731999963 ], [ 48.898373657000036, -17.189218853999932 ], [ 48.910447172000033, -17.268729264999934 ], [ 48.88295, -17.310670003999974 ], [ 48.878175929000065, -17.295820692999939 ], [ 48.888050001000067, -17.27463000299997 ], [ 48.85473, -17.262470003999965 ], [ 48.8219, -17.298950003999948 ], [ 48.82065, -17.325900003999948 ], [ 48.83817, -17.35912000299993 ], [ 48.83248578000007, -17.371427080999979 ], [ 48.835250373000065, -17.414507549999939 ], [ 48.825487378000048, -17.434763354999973 ], [ 48.814559253000027, -17.422698036999975 ], [ 48.802214480000032, -17.42146641599993 ], [ 48.795754904000034, -17.437379538999949 ], [ 48.807994845000053, -17.459471574999952 ], [ 48.817986482000038, -17.456725666999944 ], [ 48.832042031000071, -17.474431727999956 ], [ 48.815313275000051, -17.481261305999965 ], [ 48.80629001300008, -17.477062944999943 ], [ 48.804402124000035, -17.49011407699993 ], [ 48.787569444000042, -17.488993677999929 ], [ 48.78508596000006, -17.494520863999981 ], [ 48.803891758000077, -17.51827018299997 ], [ 48.805525184000032, -17.54353241299998 ], [ 48.789135273000056, -17.553045826999949 ], [ 48.759510140000032, -17.545974588999968 ], [ 48.738305961000037, -17.569345239999961 ], [ 48.730887682000059, -17.589092454999957 ], [ 48.737253696000039, -17.602417196999966 ], [ 48.723584148000043, -17.609765427999946 ], [ 48.709764836000033, -17.604931870999962 ], [ 48.704759816000035, -17.614041234999945 ], [ 48.689243541000053, -17.61558811499998 ], [ 48.690092041000071, -17.628524278999976 ], [ 48.680928262000066, -17.638369133999959 ], [ 48.693566186000055, -17.641914396999937 ], [ 48.699147314000072, -17.659965532999934 ], [ 48.720181645000025, -17.661817839999969 ], [ 48.729325705000065, -17.67020191499995 ], [ 48.752476155000068, -17.666645987999971 ], [ 48.776783374000047, -17.651057779999974 ], [ 48.827699093000035, -17.654751274999967 ], [ 48.819874496000068, -17.69603359499996 ], [ 48.849453236000045, -17.697778524999933 ], [ 48.844752311000036, -17.719825205999939 ], [ 48.822163907000061, -17.752796659999944 ], [ 48.84376977200003, -17.764192839999964 ], [ 48.848889728000074, -17.776015914999959 ], [ 48.816680459000054, -17.804653170999927 ], [ 48.837048364000054, -17.878649917999951 ], [ 48.828705774000071, -17.87206673299994 ], [ 48.805431589000079, -17.872609772999965 ], [ 48.794644938000033, -17.897983404999934 ], [ 48.767848281000056, -17.867319753999936 ], [ 48.742961512000079, -17.887826944999972 ], [ 48.737203300000033, -17.903836940999952 ], [ 48.723994855000058, -17.900443976999952 ], [ 48.725404701000059, -17.912088098999959 ], [ 48.715330077000033, -17.924159532999965 ], [ 48.70056462000008, -17.914527899999939 ], [ 48.688257470000053, -17.886443003999943 ], [ 48.66809648900005, -17.886605313999951 ], [ 48.657539756000062, -17.897932040999933 ], [ 48.673219776000053, -17.933316913999931 ], [ 48.657194546000028, -17.943032560999939 ], [ 48.659084774000064, -17.94851063699997 ], [ 48.667836871000077, -17.950154040999962 ], [ 48.698275557000045, -17.984884312999952 ], [ 48.677147157000036, -18.033904832999951 ], [ 48.679451060000076, -18.052476113999944 ], [ 48.670194675000062, -18.058831165999948 ], [ 48.68423311500004, -18.067387413999938 ], [ 48.706039020000048, -18.061485433999962 ], [ 48.728999693000048, -18.075947683999971 ], [ 48.740223463000063, -18.053272642999957 ], [ 48.76510391000005, -18.053116049999971 ], [ 48.778750032000062, -18.094435528999952 ], [ 48.774164873000075, -18.113861955999937 ], [ 48.79185308700005, -18.141897454999935 ], [ 48.780883574000029, -18.169251993999978 ], [ 48.790604253000026, -18.183662117999972 ], [ 48.78976889900008, -18.196329937999963 ], [ 48.736145918000034, -18.212026950999928 ], [ 48.721714376000079, -18.244513379999944 ], [ 48.70448454600006, -18.235269702999972 ], [ 48.675699628000075, -18.248454319999951 ], [ 48.661116148000076, -18.234671052999943 ], [ 48.644354620000058, -18.241909570999951 ], [ 48.636846525000067, -18.25551620799996 ], [ 48.618415564000031, -18.258505408999952 ], [ 48.592262637000033, -18.247698384999978 ], [ 48.587608519000071, -18.238447726999937 ], [ 48.567638892000048, -18.251087119999966 ], [ 48.556479727000067, -18.234930769999949 ], [ 48.550003261000029, -18.243033387999958 ], [ 48.557886195000037, -18.264127457999962 ], [ 48.54125618300003, -18.273385034999933 ], [ 48.546194607000075, -18.277095264999957 ], [ 48.533566477000079, -18.297802889999957 ], [ 48.536475428000074, -18.306042349999927 ], [ 48.517693168000051, -18.309673782999937 ], [ 48.500888217000067, -18.323615930999949 ], [ 48.493287903000066, -18.341270341999973 ], [ 48.497959913000045, -18.352177092999966 ], [ 48.490777727000079, -18.362802622999936 ], [ 48.480259309000076, -18.352173516999983 ], [ 48.469645154000034, -18.393268934999981 ], [ 48.47229076800005, -18.415638099999967 ], [ 48.48444829400006, -18.426174097999933 ], [ 48.481168655000033, -18.446588064999958 ], [ 48.493855458000041, -18.502493340999933 ], [ 48.501512812000044, -18.507572568999933 ], [ 48.499267465000059, -18.520873880999943 ], [ 48.51595366500004, -18.533147722999956 ], [ 48.503722458000027, -18.562857031999954 ], [ 48.516498244000047, -18.558176026999945 ], [ 48.525036988000068, -18.564303265999968 ], [ 48.486073266000062, -18.614774017999935 ], [ 48.499105563000057, -18.661396350999951 ], [ 48.509153064000031, -18.670685203999938 ], [ 48.518053676000079, -18.662393905999977 ], [ 48.526349721000031, -18.666615089999937 ], [ 48.524492277000036, -18.679080653999961 ], [ 48.531230221000044, -18.682408905999978 ], [ 48.524092190000033, -18.68839505699998 ], [ 48.525830451000047, -18.70366994699998 ], [ 48.506915464000031, -18.71512419499993 ], [ 48.542212119000055, -18.729693852999958 ], [ 48.552424548000033, -18.756991881999966 ], [ 48.552377769000032, -18.773895778999929 ], [ 48.543337655000073, -18.783514981999929 ], [ 48.546048866000035, -18.801119934999974 ], [ 48.588571161000061, -18.815687196999932 ], [ 48.61883780200003, -18.836955031999935 ], [ 48.615789109000048, -18.85315972199993 ], [ 48.62714552500006, -18.876027268999962 ], [ 48.619237359000067, -18.880375490999938 ], [ 48.62373, -18.930930003999947 ], [ 48.640109576000043, -18.942787842999962 ], [ 48.64072150800007, -18.974496194999972 ], [ 48.661420200000066, -18.997550120999961 ], [ 48.650520568000047, -19.005016829999931 ], [ 48.652593090000039, -19.030058476999955 ], [ 48.643937079000068, -19.049084615999959 ], [ 48.687637490000043, -19.074026394999976 ], [ 48.694626565000078, -19.119378866999966 ], [ 48.710410873000058, -19.127465680999933 ], [ 48.715312122000057, -19.144960603999948 ], [ 48.70333000100004, -19.16628000399993 ], [ 48.6869, -19.155380001999958 ], [ 48.671247209000057, -19.171399515999951 ], [ 48.653891084000065, -19.17327299699997 ], [ 48.625157082000044, -19.152858119999962 ], [ 48.605344969000043, -19.159878730999935 ], [ 48.585260189000053, -19.139328424999974 ], [ 48.559975713000028, -19.130737126999975 ], [ 48.550540493000028, -19.135528170999976 ], [ 48.578782705000037, -19.169671462999929 ], [ 48.596750536000059, -19.231478687999982 ], [ 48.558386480000081, -19.292857652999942 ], [ 48.531663036000054, -19.300170492999939 ], [ 48.516879239000048, -19.282425579999938 ], [ 48.513742295000043, -19.325492193999935 ], [ 48.494596319000038, -19.333144195999978 ], [ 48.488311938000038, -19.348768399999926 ], [ 48.471994928000072, -19.339563713999951 ], [ 48.455042303000027, -19.357576453999968 ], [ 48.440735258000075, -19.336532148999936 ], [ 48.416970493000065, -19.33925792399998 ], [ 48.406075947000033, -19.324080347999939 ], [ 48.390112366000039, -19.324973181999951 ], [ 48.380431638000061, -19.304142079999963 ], [ 48.375137060000043, -19.306909417999975 ], [ 48.375054191000061, -19.335583672999974 ], [ 48.360698737000064, -19.362146562999953 ], [ 48.381703610000045, -19.393627729999935 ], [ 48.373750691000055, -19.415223052999977 ], [ 48.406987794000031, -19.51867969999995 ], [ 48.385239162000062, -19.542090297999948 ], [ 48.345308246000059, -19.537970621999932 ], [ 48.343067237000071, -19.525908086999948 ], [ 48.335443300000065, -19.539369292999936 ], [ 48.312604540000052, -19.538289280999948 ], [ 48.32238181200006, -19.568135536999932 ], [ 48.312585419000072, -19.625926110999956 ], [ 48.317847313000073, -19.64659246399998 ], [ 48.302970142000049, -19.69264848399996 ], [ 48.315681271000074, -19.715294515999972 ], [ 48.317197689000068, -19.755287457999941 ], [ 48.298329803000058, -19.794960058999948 ], [ 48.273412001000054, -19.811117124999953 ], [ 48.269301832000053, -19.79266890599996 ], [ 48.255037345000062, -19.785850123999978 ], [ 48.247038065000027, -19.790367790999937 ], [ 48.233355527000072, -19.78069308299996 ], [ 48.216153632000044, -19.80604005899994 ], [ 48.191818653000041, -19.80200752099995 ], [ 48.179025663000061, -19.810781824999935 ], [ 48.15868234800007, -19.809480887999939 ], [ 48.108766047000074, -19.770748741999967 ], [ 48.093926960000033, -19.778413182999941 ], [ 48.086674980000055, -19.757727659999944 ], [ 48.048271656000054, -19.705122202999974 ], [ 48.031740921000051, -19.773852577999946 ], [ 47.938516975000027, -19.754543056999978 ], [ 47.926010399000063, -19.75917891499995 ], [ 47.909552173000066, -19.803051419999974 ], [ 47.884607100000039, -19.784293803999958 ], [ 47.869924625000067, -19.782541762999927 ], [ 47.865457382000045, -19.768711442999972 ], [ 47.881787131000067, -19.764684833999979 ], [ 47.887924865000059, -19.746748078999929 ], [ 47.83703747800007, -19.718380944999979 ], [ 47.843004760000042, -19.686475649999977 ], [ 47.836182953000048, -19.669023770999956 ], [ 47.837419664000038, -19.62880712599997 ], [ 47.856662566000068, -19.621574632999966 ], [ 47.863139463000039, -19.607498637999981 ], [ 47.857699791000073, -19.53480987599994 ] ] ] } },
{ "type": "Feature", "properties": { "ISO": "MDG-AMO", "NAME_1": "Amoron I Mania" }, "geometry": { "type": "Polygon", "coordinates": [ [ [ 45.808436865000033, -19.915155870999968 ], [ 45.830941106000068, -19.919082987999957 ], [ 45.850033207000081, -19.912733877999926 ], [ 45.863402121000036, -19.898552631999962 ], [ 45.903440135000039, -19.924909558999957 ], [ 45.931989921000081, -19.932673028999943 ], [ 45.979842015000031, -19.924231830999929 ], [ 46.000780276000057, -19.929215728999964 ], [ 46.02035569800006, -19.953499119999947 ], [ 46.053899787000034, -19.948993032999965 ], [ 46.069516075000081, -19.970475569999962 ], [ 46.072594312000035, -20.000155739999968 ], [ 46.081936446000043, -20.007392967999976 ], [ 46.083769544000063, -20.022276394999949 ], [ 46.09839125700006, -20.030885282999975 ], [ 46.120138488000066, -20.030849662999969 ], [ 46.140454175000059, -20.047246719999976 ], [ 46.135615534000067, -20.068912594999972 ], [ 46.14402818800005, -20.084646412999973 ], [ 46.17492330400006, -20.051823990999935 ], [ 46.201246735000041, -20.041329287999929 ], [ 46.212673530000075, -20.02788686599996 ], [ 46.213170085000058, -20.008045095999933 ], [ 46.225670769000033, -20.005836608999971 ], [ 46.237087098000075, -20.022776997999927 ], [ 46.260172898000064, -20.030361002999939 ], [ 46.273953004000077, -20.046553537999955 ], [ 46.274792781000031, -20.059832082999947 ], [ 46.286719622000078, -20.068753888999936 ], [ 46.280022951000035, -20.079736460999982 ], [ 46.28408309200006, -20.090378673999965 ], [ 46.257475273000068, -20.091298652999967 ], [ 46.274608104000038, -20.101867197999979 ], [ 46.280037081000046, -20.13002552699993 ], [ 46.291719968000052, -20.132947571999978 ], [ 46.29090625200007, -20.148064721999958 ], [ 46.283155333000082, -20.154320902999928 ], [ 46.270396024000036, -20.14807690799995 ], [ 46.251384555000072, -20.152054577999934 ], [ 46.251981068000077, -20.180853169999978 ], [ 46.270683249000058, -20.203422795999927 ], [ 46.301267792000033, -20.226960547999965 ], [ 46.33111832700007, -20.226754466999978 ], [ 46.369412705000059, -20.24918205299997 ], [ 46.38249752300004, -20.23835620899996 ], [ 46.427361655000027, -20.228068863999965 ], [ 46.441512781000029, -20.213805 ], [ 46.45706582300005, -20.241310167999927 ], [ 46.501674358000059, -20.252134243999933 ], [ 46.505507684000065, -20.244216064999932 ], [ 46.518225213000051, -20.265721131999953 ], [ 46.59317, -20.26615000399994 ], [ 46.647736931000054, -20.248358092999979 ], [ 46.708329243000037, -20.268602457999975 ], [ 46.734298193000029, -20.268870781999965 ], [ 46.744172044000038, -20.261687041999949 ], [ 46.728569125000035, -20.239089036999928 ], [ 46.737622134000048, -20.222830813999963 ], [ 46.743495789000065, -20.230192013999954 ], [ 46.738911586000029, -20.237802940999927 ], [ 46.756606445000045, -20.245884325999953 ], [ 46.753052647000061, -20.260607189999973 ], [ 46.764396353000052, -20.268853039999954 ], [ 46.780188207000037, -20.268680635999942 ], [ 46.781028108000044, -20.276329913999973 ], [ 46.806244489000051, -20.278081675999942 ], [ 46.798711906000051, -20.272269847999951 ], [ 46.804482151000059, -20.26750482999995 ], [ 46.817093367000041, -20.278381991999936 ], [ 46.823115179000069, -20.261109844999964 ], [ 46.837598244000048, -20.248954020999975 ], [ 46.863959655000031, -20.268723426999941 ], [ 46.861957077000056, -20.258466496999972 ], [ 46.870392337000055, -20.252140164999958 ], [ 46.86620458200008, -20.248540165999941 ], [ 46.873250517000031, -20.235636199999931 ], [ 46.888381638000055, -20.237431876999949 ], [ 46.886326699000051, -20.229251597999962 ], [ 46.897764742000049, -20.226342920999969 ], [ 46.894899235000025, -20.211531135999962 ], [ 46.944263737000028, -20.16608531299994 ], [ 46.960113910000075, -20.187753359999931 ], [ 46.959703439000066, -20.20793131399995 ], [ 46.981484159000047, -20.200438990999942 ], [ 46.998300607000033, -20.224304716999939 ], [ 47.004767773000026, -20.184061879999945 ], [ 47.01073619400006, -20.183059569999955 ], [ 47.009913204000043, -20.194893616999934 ], [ 47.031047250000029, -20.195183567999948 ], [ 47.051926566000077, -20.176836510999976 ], [ 47.054515811000044, -20.162903555999947 ], [ 47.067238289000045, -20.162473466999927 ], [ 47.069784224000045, -20.170172143999935 ], [ 47.079199515000028, -20.159700946999976 ], [ 47.084668984000075, -20.16386111099996 ], [ 47.1009, -20.156830002999982 ], [ 47.112291748000075, -20.167279743999927 ], [ 47.143786890000058, -20.159713263999947 ], [ 47.18520206200003, -20.165111914999954 ], [ 47.176583333000053, -20.113716669999974 ], [ 47.189472483000031, -20.103045546999965 ], [ 47.191899999000043, -20.090450002999944 ], [ 47.223275680000029, -20.070984493999958 ], [ 47.234084479000046, -20.080260425999938 ], [ 47.25049031900005, -20.065451813999971 ], [ 47.271282991000078, -20.073646955999948 ], [ 47.281116667000049, -20.060750002999953 ], [ 47.299516667000034, -20.063533335999978 ], [ 47.30568, -20.051830002999964 ], [ 47.329553049000026, -20.054842441999938 ], [ 47.358727535000071, -20.043643578999934 ], [ 47.387994497000079, -20.065127041999972 ], [ 47.417404812000029, -20.06675624099995 ], [ 47.448174019000078, -20.084701025999948 ], [ 47.457242911000037, -20.080518119999965 ], [ 47.461745762000078, -20.042718356999956 ], [ 47.471612335000032, -20.038252940999939 ], [ 47.484104160000072, -20.046043902999941 ], [ 47.497662565000041, -20.04399256499994 ], [ 47.497966399000063, -20.054745647999937 ], [ 47.508189830000049, -20.061536944999943 ], [ 47.505208237000033, -20.078185505999954 ], [ 47.516324832000066, -20.074745195999981 ], [ 47.517808136000042, -20.059489158999952 ], [ 47.548259723000058, -20.052219335999951 ], [ 47.586267046000046, -20.074186055999974 ], [ 47.603435703000059, -20.075842433999981 ], [ 47.622626134000029, -20.097524863999979 ], [ 47.662741223000069, -20.080747991999942 ], [ 47.675274440000067, -20.067958701999942 ], [ 47.699759050000068, -20.067815955999947 ], [ 47.706700395000041, -20.059353684999962 ], [ 47.717022487000065, -20.101424802999929 ], [ 47.708497851000061, -20.114338287999942 ], [ 47.711208699000053, -20.138299268999958 ], [ 47.697785189000058, -20.163606065999943 ], [ 47.68272703100007, -20.173364971999945 ], [ 47.689796496000042, -20.210854796999968 ], [ 47.665063976000056, -20.249149424999928 ], [ 47.678951376000043, -20.268531702999951 ], [ 47.669822219000025, -20.278427504999968 ], [ 47.669339622000052, -20.294194017999928 ], [ 47.68795868400008, -20.32772371599998 ], [ 47.671728502000065, -20.35862087299995 ], [ 47.672670065000034, -20.37473216099994 ], [ 47.655668812000044, -20.395825240999955 ], [ 47.660917371000039, -20.425233793999951 ], [ 47.647056856000063, -20.446545196999978 ], [ 47.651692623000031, -20.452696103999926 ], [ 47.64554774800007, -20.477327564999939 ], [ 47.658458970000027, -20.480805717999942 ], [ 47.663832832000026, -20.49164912599997 ], [ 47.653131247000033, -20.492755347999946 ], [ 47.651662632000068, -20.504856849999953 ], [ 47.643410735000032, -20.509597879999944 ], [ 47.642960026000026, -20.522292978999928 ], [ 47.658348526000054, -20.530992068999979 ], [ 47.650034775000051, -20.549222949999944 ], [ 47.655202361000079, -20.558807559999934 ], [ 47.627263955000046, -20.579299632999948 ], [ 47.629144376000056, -20.605168941999978 ], [ 47.61105178300005, -20.614722399999948 ], [ 47.616275193000035, -20.667399529999955 ], [ 47.625835059000053, -20.676969239999949 ], [ 47.636178933000053, -20.671229427999947 ], [ 47.636263671000052, -20.662868600999957 ], [ 47.622628647000056, -20.651910531999931 ], [ 47.62545, -20.63407000199993 ], [ 47.639848326000049, -20.621042167999974 ], [ 47.67993881700005, -20.646263565999959 ], [ 47.675966648000042, -20.65762794799997 ], [ 47.665287669000065, -20.658838033999928 ], [ 47.657982893000053, -20.648444703999928 ], [ 47.653, -20.658850002999941 ], [ 47.6588, -20.667320003999976 ], [ 47.670956345000036, -20.668191143999934 ], [ 47.65991013200005, -20.69307712899996 ], [ 47.66620408600005, -20.703344295999955 ], [ 47.642720533000045, -20.69903986199995 ], [ 47.636013267000067, -20.704314920999934 ], [ 47.636223551000057, -20.725240946999975 ], [ 47.646861432000037, -20.748377202999961 ], [ 47.640833990000033, -20.749476020999964 ], [ 47.634770299000081, -20.736284764999937 ], [ 47.605868739000073, -20.738090190999969 ], [ 47.600550038000051, -20.744959661999928 ], [ 47.549169895000034, -20.740302688999975 ], [ 47.544304902000079, -20.746056522999936 ], [ 47.53099334400008, -20.732907409999939 ], [ 47.516071708000027, -20.731516259999978 ], [ 47.517280001000074, -20.758020002999956 ], [ 47.489812393000079, -20.762631343999942 ], [ 47.495225771000037, -20.772099968999953 ], [ 47.491197763000059, -20.796290701999965 ], [ 47.458272894000061, -20.819160873999977 ], [ 47.447945847000028, -20.847224538999967 ], [ 47.440193781000062, -20.848061120999944 ], [ 47.451101989000051, -20.861416774999952 ], [ 47.450436613000079, -20.871889643999964 ], [ 47.461686701000076, -20.873704202999932 ], [ 47.467938687000071, -20.895353505999935 ], [ 47.46481030700005, -20.947906198999931 ], [ 47.457598942000061, -20.952193072999933 ], [ 47.425653319000048, -20.945948620999957 ], [ 47.407116014000053, -20.950650831999951 ], [ 47.388447729000063, -20.942507121999938 ], [ 47.388844059000064, -20.955871883999976 ], [ 47.367211359000066, -20.963779240999941 ], [ 47.359149916000035, -20.958509726999978 ], [ 47.348729420000041, -20.965878496999949 ], [ 47.336907038000049, -20.954925769999932 ], [ 47.331154667000078, -20.958723715999952 ], [ 47.329386180000029, -20.939407459999927 ], [ 47.310737688000074, -20.924056605999965 ], [ 47.30534824800003, -20.902640112999961 ], [ 47.310032518000071, -20.893288146999964 ], [ 47.299225333000038, -20.881207262999965 ], [ 47.300998524000079, -20.864584382999965 ], [ 47.29401886900007, -20.853367467999931 ], [ 47.314091018000056, -20.841671538999947 ], [ 47.30877356700006, -20.827553851999937 ], [ 47.274549458000081, -20.791500270999961 ], [ 47.256558503000065, -20.788429965999967 ], [ 47.243409166000049, -20.798296912999945 ], [ 47.235354013000062, -20.821507018999966 ], [ 47.185492130000057, -20.81661126399996 ], [ 47.180516022000063, -20.832091672999979 ], [ 47.168506230000048, -20.830104286999926 ], [ 47.164140149000048, -20.856632613999977 ], [ 47.145851977000063, -20.872783269999957 ], [ 47.128243875000067, -20.87446542999993 ], [ 47.119454460000043, -20.864552832999948 ], [ 47.10579851500006, -20.873645809999971 ], [ 47.106331917000034, -20.884492070999954 ], [ 47.055948256000079, -20.887643891999971 ], [ 47.022664644000031, -20.921687199999951 ], [ 47.039300071000071, -20.934326685999963 ], [ 47.025682922000044, -20.941705454999976 ], [ 47.027911389000053, -20.954893286999948 ], [ 47.020141504000037, -20.96481640199994 ], [ 46.977308273000062, -20.980208123999944 ], [ 46.957285993000028, -20.966511038999954 ], [ 46.945849191000036, -20.969961130999934 ], [ 46.940859233000026, -20.997970746999954 ], [ 46.920532394000077, -21.01743877499996 ], [ 46.890663450000034, -21.011911074999944 ], [ 46.865709697000057, -20.983345469999961 ], [ 46.842176699000049, -21.005381234999959 ], [ 46.814283393000039, -20.995380122999961 ], [ 46.794709183000066, -20.954241596999964 ], [ 46.778727786000047, -20.955105312999933 ], [ 46.768803082000034, -20.965202923999982 ], [ 46.758245342000066, -20.919382731999974 ], [ 46.718508768000049, -20.89173053199994 ], [ 46.707052304000058, -20.871641360999945 ], [ 46.682142769000052, -20.864997887999948 ], [ 46.630915439000034, -20.822431169999959 ], [ 46.61491972500005, -20.794740428999944 ], [ 46.609700503000056, -20.764885301999982 ], [ 46.592279763000079, -20.760120337999979 ], [ 46.579152054000076, -20.746233178999944 ], [ 46.567100776000075, -20.692719636999982 ], [ 46.542023680000057, -20.706546914999933 ], [ 46.540443651000032, -20.691802020999944 ], [ 46.532203018000075, -20.690269439999952 ], [ 46.518649646000028, -20.697950034999963 ], [ 46.520850431000042, -20.706716712999935 ], [ 46.509634234000032, -20.726658529999952 ], [ 46.459416277000059, -20.760178290999932 ], [ 46.438058782000041, -20.76241151499994 ], [ 46.423687564000033, -20.778153886999974 ], [ 46.395650277000072, -20.758674134999978 ], [ 46.381246836000059, -20.75986731699993 ], [ 46.374379737000027, -20.727732406999962 ], [ 46.352208876000077, -20.732008357999973 ], [ 46.340290953000078, -20.757580494999956 ], [ 46.329053535000071, -20.75375592599994 ], [ 46.32548524200007, -20.771913563999931 ], [ 46.290468548000035, -20.793402449999974 ], [ 46.285043449000057, -20.811738688999981 ], [ 46.289857770000026, -20.82631560699997 ], [ 46.280644289000065, -20.824441841999942 ], [ 46.260285654000029, -20.838732450999942 ], [ 46.274495146000049, -20.874257710999927 ], [ 46.264904879000028, -20.885499753999966 ], [ 46.287352314000032, -20.919922067999948 ], [ 46.26466286200008, -20.932603461999975 ], [ 46.242714266000064, -20.928257117999976 ], [ 46.22330971100007, -20.94644797899997 ], [ 46.230969833000074, -20.957837394999956 ], [ 46.250370599000064, -20.943818886999964 ], [ 46.255613086000039, -20.951411165999957 ], [ 46.254770003000033, -20.987072115999979 ], [ 46.237796543000059, -20.993505919999961 ], [ 46.227667455000073, -21.018914171999938 ], [ 46.216899999000077, -21.020400001999974 ], [ 46.185604271000045, -20.996766137999941 ], [ 46.149389659000065, -20.994908325999972 ], [ 46.127852334000067, -20.977475990999949 ], [ 46.10813025200008, -20.975434132999965 ], [ 46.079206082000042, -20.985001545999978 ], [ 46.077764893000051, -20.993227603999969 ], [ 46.067055614000026, -20.990348544999961 ], [ 46.052284686000064, -20.99860358199993 ], [ 46.013912532000063, -20.972860852999929 ], [ 46.007835613000054, -20.954636039999968 ], [ 45.983367951000048, -20.950271701999952 ], [ 45.96506258800008, -20.968555809999941 ], [ 45.94610706800006, -20.96090864699994 ], [ 45.934243653000067, -20.971710781999946 ], [ 45.917608750000056, -20.965548805999958 ], [ 45.902476632000059, -21.001823698999942 ], [ 45.812880755000037, -21.031045129999939 ], [ 45.792173142000081, -21.02059500699994 ], [ 45.783880226000065, -21.006481048999945 ], [ 45.794771949000051, -20.99088228599993 ], [ 45.784944348000067, -20.962611434999928 ], [ 45.774764466000079, -20.958948325999927 ], [ 45.78107331800004, -20.916857016999927 ], [ 45.770656846000065, -20.909168589999979 ], [ 45.766981166000051, -20.89480853699996 ], [ 45.780931385000031, -20.875306676999969 ], [ 45.765345708000041, -20.841281533999961 ], [ 45.774633823000045, -20.825585732999969 ], [ 45.776647856000068, -20.768330546999948 ], [ 45.791813743000034, -20.757562806999942 ], [ 45.780951386000027, -20.74338808899995 ], [ 45.786192963000076, -20.742674589999979 ], [ 45.787284487000079, -20.726951475999954 ], [ 45.824827808000066, -20.71297360799997 ], [ 45.841720837000025, -20.714252403999978 ], [ 45.842452554000033, -20.692409152999971 ], [ 45.832360437000034, -20.680144641999959 ], [ 45.833613697000033, -20.659311267999954 ], [ 45.822812321000072, -20.642423593999979 ], [ 45.830615283000043, -20.627497159999962 ], [ 45.821146162000048, -20.603146361999961 ], [ 45.825904555000079, -20.587176019999958 ], [ 45.819493033000072, -20.561728879999976 ], [ 45.784465332000025, -20.535000852999929 ], [ 45.789958890000037, -20.525017648999949 ], [ 45.811789410000074, -20.519958198999973 ], [ 45.822906193000051, -20.499650587999952 ], [ 45.816165622000028, -20.477923399999952 ], [ 45.830974702000049, -20.458260959999961 ], [ 45.831917779000037, -20.420787923999967 ], [ 45.816722646000073, -20.387184243999968 ], [ 45.835062869000069, -20.336507788999938 ], [ 45.810058712000057, -20.305479110999954 ], [ 45.813566432000073, -20.277156923999939 ], [ 45.804494591000037, -20.268602421999958 ], [ 45.808645457000068, -20.247993654999959 ], [ 45.79761915000006, -20.225370280999982 ], [ 45.79829546600007, -20.202234603999955 ], [ 45.790687236000053, -20.180599425999958 ], [ 45.776444580000032, -20.166080905999934 ], [ 45.773571459000038, -20.13295246499996 ], [ 45.758033162000061, -20.110034037999981 ], [ 45.769108399000061, -20.088486609999961 ], [ 45.750888929000041, -20.043899565999936 ], [ 45.755845453000063, -20.040307917999939 ], [ 45.769011323000029, -20.052354133999927 ], [ 45.779017395000039, -20.04137931899993 ], [ 45.794453252000039, -20.041555436999943 ], [ 45.782280641000057, -20.016205172999946 ], [ 45.793001049000054, -20.006970717999934 ], [ 45.772150063000026, -19.998499501999959 ], [ 45.766404814000055, -19.983082038999953 ], [ 45.754483027000049, -19.978006060999974 ], [ 45.752610676000074, -19.95237162799998 ], [ 45.745706179000081, -19.94775354199993 ], [ 45.749127261000069, -19.932300423999948 ], [ 45.76549727500003, -19.913654858999962 ], [ 45.760094477000052, -19.89363424499993 ], [ 45.76851240600007, -19.881348729999957 ], [ 45.808436865000033, -19.915155870999968 ] ] ] } },
{ "type": "Feature", "properties": { "ISO": "MDG-ANA", "NAME_1": "Analamanga" }, "geometry": { "type": "Polygon", "coordinates": [ [ [ 47.416174138000031, -18.945076718999928 ], [ 47.40049868400007, -18.928575799999976 ], [ 47.401141538000047, -18.917265008999948 ], [ 47.382107746000031, -18.917376096999931 ], [ 47.360178088000055, -18.906057228999941 ], [ 47.348881983000069, -18.91052028799993 ], [ 47.329964198000027, -18.892941820999965 ], [ 47.327886088000071, -18.855212463999976 ], [ 47.34874166700007, -18.854144003999977 ], [ 47.344445620000045, -18.835114415999954 ], [ 47.31881654600005, -18.817292645999942 ], [ 47.319617444000073, -18.792296229999977 ], [ 47.282458145000078, -18.793133686999965 ], [ 47.249705295000069, -18.767880171999934 ], [ 47.201066986000058, -18.769530893999956 ], [ 47.188889029000052, -18.758609125999953 ], [ 47.171221419000062, -18.761874046999935 ], [ 47.171642861000066, -18.754119140999933 ], [ 47.13922748400006, -18.757139304999953 ], [ 47.136786278000045, -18.725519954999982 ], [ 47.115859768000064, -18.728220071999942 ], [ 47.096987363000039, -18.719970654999941 ], [ 47.072327442000073, -18.695433245999936 ], [ 47.049115845000074, -18.68506889899993 ], [ 47.021348863000071, -18.60443044799996 ], [ 47.009354521000034, -18.59705142699994 ], [ 47.00422381900006, -18.602254630999937 ], [ 46.976781041000038, -18.570811582999966 ], [ 46.956824033000032, -18.515299630999948 ], [ 46.956976303000033, -18.497678866999934 ], [ 46.935318739000081, -18.499515008999936 ], [ 46.92741260400004, -18.472481332999962 ], [ 46.916049276000081, -18.470771549999938 ], [ 46.910621553000055, -18.481447887999934 ], [ 46.884061984000027, -18.45960692899996 ], [ 46.87323654000005, -18.462924116999943 ], [ 46.859402014000068, -18.452595592999955 ], [ 46.84586347700008, -18.458293417999982 ], [ 46.822775193000041, -18.443528524999977 ], [ 46.81651695100004, -18.456996475999972 ], [ 46.802441797000029, -18.438455030999933 ], [ 46.793608452000058, -18.407282868999971 ], [ 46.75133835500003, -18.391157395999983 ], [ 46.756711006000046, -18.372341182999946 ], [ 46.750701651000043, -18.354612332999977 ], [ 46.708527554000057, -18.306564458999958 ], [ 46.656337730000075, -18.206708706999962 ], [ 46.654134192000072, -18.167842964999977 ], [ 46.644388153000079, -18.150741773999982 ], [ 46.648318783000036, -18.105786447999947 ], [ 46.63484621300006, -18.098691034999945 ], [ 46.640743969000027, -18.088516990999949 ], [ 46.637380212000039, -18.045295400999976 ], [ 46.628906862000065, -18.043432541999948 ], [ 46.625841514000058, -18.025645871999927 ], [ 46.616462876000071, -18.022198076999928 ], [ 46.620888742000034, -18.009784164999928 ], [ 46.606149392000077, -17.987156330999937 ], [ 46.606869179000057, -17.976608759999976 ], [ 46.569070984000064, -17.925129934999973 ], [ 46.548844065000026, -17.880659647999948 ], [ 46.549453430000028, -17.866159151999966 ], [ 46.520643958000051, -17.829305262999981 ], [ 46.49799061300007, -17.820362775999968 ], [ 46.499101618000054, -17.787661492999973 ], [ 46.506092724000041, -17.779829856999982 ], [ 46.520463390000032, -17.780826278999939 ], [ 46.50453809000004, -17.764684538999973 ], [ 46.522079971000039, -17.759148920999962 ], [ 46.529556205000063, -17.732916412999941 ], [ 46.541154439000081, -17.728523356999972 ], [ 46.545662920000041, -17.750396164999927 ], [ 46.573507423000081, -17.746879250999939 ], [ 46.591727820000074, -17.752316120999978 ], [ 46.610508410000079, -17.743255538999961 ], [ 46.63325209900006, -17.75517588699995 ], [ 46.653829547000043, -17.735698773999957 ], [ 46.661055462000036, -17.739808377999964 ], [ 46.709326502000067, -17.723375371999964 ], [ 46.731756296000071, -17.708194122999942 ], [ 46.751438569000072, -17.715768724999975 ], [ 46.772854107000057, -17.710462157999928 ], [ 46.800506255000073, -17.744530230999942 ], [ 46.796772492000059, -17.827053108999962 ], [ 46.807036052000058, -17.843560281999942 ], [ 46.858006233000026, -17.814079579999941 ], [ 46.903986419000034, -17.826755890999948 ], [ 46.908576073000063, -17.834469645999945 ], [ 46.914282497000045, -17.829814124999928 ], [ 46.927179206000062, -17.841531455999927 ], [ 46.947925171000065, -17.832028931999957 ], [ 46.981003717000078, -17.837924944999941 ], [ 46.993667837000032, -17.817291527999942 ], [ 47.023108560000026, -17.847531563999951 ], [ 47.03715795100004, -17.877778454999941 ], [ 47.050719232000063, -17.879565540999977 ], [ 47.057463873000074, -17.82708030799995 ], [ 47.099787436000042, -17.785830912999927 ], [ 47.116106802000047, -17.78301579999993 ], [ 47.142926658000079, -17.799675111999932 ], [ 47.16196485100005, -17.790242704999969 ], [ 47.168543953000039, -17.767003845999966 ], [ 47.185602852000045, -17.755386215999977 ], [ 47.212414309000053, -17.766328680999948 ], [ 47.240021428000034, -17.759328253999968 ], [ 47.245615441000041, -17.74981663899996 ], [ 47.27305536800003, -17.749580235999929 ], [ 47.317625967000026, -17.763854587999958 ], [ 47.317852410000057, -17.774092638999946 ], [ 47.335895735000065, -17.783644262999928 ], [ 47.343579620000071, -17.774584107999942 ], [ 47.348802210000031, -17.777225717999954 ], [ 47.343763621000051, -17.81660541399998 ], [ 47.366707041000041, -17.855750067999963 ], [ 47.40347175800008, -17.879033486999958 ], [ 47.426306154000031, -17.882949676999942 ], [ 47.426057166000078, -17.897874933999958 ], [ 47.458209126000042, -17.907944404999967 ], [ 47.48112933200008, -17.903931290999935 ], [ 47.496155018000081, -17.909411417999934 ], [ 47.507134086000065, -17.941230190999931 ], [ 47.525811531000045, -17.927207019999969 ], [ 47.550407999000072, -17.92108546399993 ], [ 47.569708732000038, -17.896872396999981 ], [ 47.579553814000064, -17.896365646999982 ], [ 47.582849228000043, -17.919151805999945 ], [ 47.652173038000058, -17.908151921999945 ], [ 47.654399999000077, -17.880620003999979 ], [ 47.632159199000057, -17.85582235499993 ], [ 47.673934652000071, -17.809338394999941 ], [ 47.68059413900005, -17.785395328999982 ], [ 47.67752850800008, -17.760683076999953 ], [ 47.689451713000039, -17.76648457899995 ], [ 47.715741546000061, -17.759260016999974 ], [ 47.737705943000037, -17.768870839999977 ], [ 47.741453368000066, -17.777486056999976 ], [ 47.756985585000052, -17.779297845999963 ], [ 47.772280251000041, -17.773098066999978 ], [ 47.789550097000074, -17.751322781999932 ], [ 47.807440660000054, -17.762258994999968 ], [ 47.83413242000006, -17.750238484999954 ], [ 47.863132545000042, -17.770181264999962 ], [ 47.876275669000051, -17.789540417999945 ], [ 47.894587916000035, -17.797449707999931 ], [ 47.890394899000057, -17.837255908999964 ], [ 47.85992, -17.86217000399995 ], [ 47.863699999000062, -17.873180003999948 ], [ 47.88155, -17.874380003999931 ], [ 47.894429999000067, -17.863530004999973 ], [ 47.886549999000067, -17.848780003999934 ], [ 47.893190661000062, -17.838017988999979 ], [ 47.904103755000051, -17.861134723999953 ], [ 47.913238530000058, -17.861161625999955 ], [ 47.917817834000061, -17.874096713999961 ], [ 47.931454409000025, -17.879599302999964 ], [ 47.904528811000034, -17.894469082999933 ], [ 47.899123792000069, -17.905292393999957 ], [ 47.913574337000057, -17.924756038999931 ], [ 47.95730001700008, -17.930600009999978 ], [ 47.964892422000048, -17.958181208999974 ], [ 47.958965467000041, -17.966118456999936 ], [ 47.960506280000061, -17.98876063299997 ], [ 47.996660508000048, -18.01219778799998 ], [ 47.98958770400003, -18.030526572999975 ], [ 47.99274945600007, -18.050194164999937 ], [ 48.005217981000044, -18.052427274999957 ], [ 48.001515810000058, -18.102609088999941 ], [ 47.989103446000058, -18.120986581999944 ], [ 47.988994890000072, -18.161514047999958 ], [ 48.00753480700007, -18.181604466999943 ], [ 48.002030948000026, -18.275874120999958 ], [ 48.018445605000068, -18.281655644999944 ], [ 48.019230942000036, -18.334524872999964 ], [ 48.028259168000034, -18.354541065999967 ], [ 48.036786450000079, -18.356603599999971 ], [ 48.037003651000077, -18.382658797999966 ], [ 48.023509334000039, -18.39577294399993 ], [ 48.006612186000041, -18.462073914999962 ], [ 47.993759630000056, -18.463648160999981 ], [ 47.994419857000025, -18.49401010899993 ], [ 47.98386838700003, -18.500467592999939 ], [ 47.993712691000042, -18.528593799999953 ], [ 47.983357804000036, -18.589649127999962 ], [ 47.969033793000051, -18.611789441999974 ], [ 47.971693337000033, -18.626158873999941 ], [ 47.947012097000027, -18.626987534999955 ], [ 47.931238201000042, -18.657861493999974 ], [ 47.935235517000081, -18.69123299599994 ], [ 47.944442163000076, -18.70129437099996 ], [ 47.934832922000055, -18.71428547599993 ], [ 47.926935839000066, -18.763962034999963 ], [ 47.932076324000036, -18.831224948999932 ], [ 47.942920446000073, -18.830043816999932 ], [ 47.946004305000031, -18.847851269999978 ], [ 47.943275903000028, -18.919895148999956 ], [ 47.935856454000032, -18.935035826999979 ], [ 47.936300505000077, -18.968859559999942 ], [ 47.943261943000039, -18.97855001399995 ], [ 47.937879642000041, -19.000984685999981 ], [ 47.925684895000074, -19.014292635999936 ], [ 47.921556988000077, -19.057102658999952 ], [ 47.893869371000051, -19.103230120999967 ], [ 47.894874496000057, -19.118171529999927 ], [ 47.919680570000025, -19.151074834999974 ], [ 47.934099999000068, -19.157480002999932 ], [ 47.931978368000046, -19.213490671999978 ], [ 47.956469432000063, -19.223624618999963 ], [ 47.954346263000048, -19.258967543999972 ], [ 47.941108256000064, -19.271334395999929 ], [ 47.939025977000028, -19.298526514999935 ], [ 47.947057091000033, -19.362593774999937 ], [ 47.936821438000038, -19.374405012999944 ], [ 47.941299547000028, -19.384444045999942 ], [ 47.897242789000074, -19.410137865999957 ], [ 47.894980454000063, -19.428909053999973 ], [ 47.881516584000053, -19.438393179999935 ], [ 47.883240041000079, -19.467900813999961 ], [ 47.903261096000051, -19.508308270999976 ], [ 47.895729173000063, -19.522189078999929 ], [ 47.874884432000044, -19.523435535999965 ], [ 47.857699791000073, -19.53480987599994 ], [ 47.857264353000062, -19.559606892999966 ], [ 47.825617717000057, -19.549496279999971 ], [ 47.818333213000074, -19.521486104999951 ], [ 47.786188238000079, -19.503949078999938 ], [ 47.77841138000008, -19.485213663999957 ], [ 47.783458319000033, -19.473666206999951 ], [ 47.77573196000003, -19.462964036999949 ], [ 47.764487939000048, -19.468960919999972 ], [ 47.773238305000064, -19.47278833799993 ], [ 47.772008020000044, -19.480488456999979 ], [ 47.755285542000081, -19.476828697999963 ], [ 47.731816950000052, -19.441657744999929 ], [ 47.712716751000073, -19.442865798999946 ], [ 47.705764359000057, -19.421331386999952 ], [ 47.692110831000036, -19.426424530999952 ], [ 47.677752715000054, -19.420739071999947 ], [ 47.66450539300007, -19.42518647199995 ], [ 47.648479817000066, -19.415625374999934 ], [ 47.637500509000063, -19.419737342999952 ], [ 47.616197093000039, -19.40637596199997 ], [ 47.60772397900007, -19.383846364999954 ], [ 47.598554542000045, -19.38466888499994 ], [ 47.593055376000052, -19.398638375999951 ], [ 47.584963248000065, -19.389221291999945 ], [ 47.567559157000062, -19.346620349999966 ], [ 47.550371354000049, -19.328693845999965 ], [ 47.555134085000077, -19.300399358999982 ], [ 47.535770948000049, -19.289085827999941 ], [ 47.543577582000069, -19.250057655999967 ], [ 47.528246509000041, -19.226783351999927 ], [ 47.508849999000063, -19.216030002999958 ], [ 47.509009672000047, -19.173587096999938 ], [ 47.51587, -19.15297000299995 ], [ 47.531297927000026, -19.139321749999965 ], [ 47.505216666000081, -19.130133335999972 ], [ 47.495109797000055, -19.115343739999958 ], [ 47.479431286000079, -19.116799879999974 ], [ 47.467314901000066, -19.129898456999967 ], [ 47.456421560000081, -19.126043473999971 ], [ 47.4496, -19.093216670999936 ], [ 47.462827803000039, -19.07337810599995 ], [ 47.443200554000043, -19.061554815999955 ], [ 47.442519164000032, -19.028929817999938 ], [ 47.433141659000057, -19.012878691999958 ], [ 47.437114139000073, -18.990659465999954 ], [ 47.4189, -18.985066668999934 ], [ 47.416174138000031, -18.945076718999928 ] ] ] } },
{ "type": "Feature", "properties": { "ISO": "MDG-ANN", "NAME_1": "Analanjirofo" }, "geometry": { "type": "MultiPolygon", "coordinates": [ [ [ [ 48.916133837000075, -17.778493073999982 ], [ 48.902045587000032, -17.775994212999933 ], [ 48.90623187500006, -17.767077883999946 ], [ 48.874340622000034, -17.750878821999947 ], [ 48.869593555000051, -17.767169739999929 ], [ 48.856635459000074, -17.763493108999967 ], [ 48.848215960000061, -17.770296047999977 ], [ 48.822163907000061, -17.752796659999944 ], [ 48.844752311000036, -17.719825205999939 ], [ 48.849453236000045, -17.697778524999933 ], [ 48.819874496000068, -17.69603359499996 ], [ 48.827699093000035, -17.654751274999967 ], [ 48.776783374000047, -17.651057779999974 ], [ 48.752476155000068, -17.666645987999971 ], [ 48.729325705000065, -17.67020191499995 ], [ 48.720181645000025, -17.661817839999969 ], [ 48.699147314000072, -17.659965532999934 ], [ 48.693566186000055, -17.641914396999937 ], [ 48.680928262000066, -17.638369133999959 ], [ 48.690092041000071, -17.628524278999976 ], [ 48.689243541000053, -17.61558811499998 ], [ 48.704759816000035, -17.614041234999945 ], [ 48.709764836000033, -17.604931870999962 ], [ 48.723584148000043, -17.609765427999946 ], [ 48.737253696000039, -17.602417196999966 ], [ 48.730887682000059, -17.589092454999957 ], [ 48.738305961000037, -17.569345239999961 ], [ 48.759510140000032, -17.545974588999968 ], [ 48.789135273000056, -17.553045826999949 ], [ 48.805525184000032, -17.54353241299998 ], [ 48.803891758000077, -17.51827018299997 ], [ 48.78508596000006, -17.494520863999981 ], [ 48.787569444000042, -17.488993677999929 ], [ 48.804402124000035, -17.49011407699993 ], [ 48.80629001300008, -17.477062944999943 ], [ 48.815313275000051, -17.481261305999965 ], [ 48.832042031000071, -17.474431727999956 ], [ 48.817986482000038, -17.456725666999944 ], [ 48.807994845000053, -17.459471574999952 ], [ 48.795754904000034, -17.437379538999949 ], [ 48.802214480000032, -17.42146641599993 ], [ 48.814559253000027, -17.422698036999975 ], [ 48.825487378000048, -17.434763354999973 ], [ 48.835250373000065, -17.414507549999939 ], [ 48.83248578000007, -17.371427080999979 ], [ 48.83817, -17.35912000299993 ], [ 48.82065, -17.325900003999948 ], [ 48.8219, -17.298950003999948 ], [ 48.85473, -17.262470003999965 ], [ 48.888050001000067, -17.27463000299997 ], [ 48.878175929000065, -17.295820692999939 ], [ 48.88295, -17.310670003999974 ], [ 48.910447172000033, -17.268729264999934 ], [ 48.898373657000036, -17.189218853999932 ], [ 48.90334811300005, -17.124943731999963 ], [ 48.87228, -17.113350003999926 ], [ 48.872547947000044, -17.065581392999945 ], [ 48.86758, -17.061550002999979 ], [ 48.826683032000062, -17.072898733999978 ], [ 48.813434663000066, -17.056726566999941 ], [ 48.793108859000029, -17.070106879999969 ], [ 48.783185527000057, -17.068474355999967 ], [ 48.792863512000054, -17.044675359999928 ], [ 48.788466571000072, -17.033831390999978 ], [ 48.824437615000079, -16.999514515999977 ], [ 48.820107431000054, -16.992068598999936 ], [ 48.836510818000079, -16.951954893999982 ], [ 48.838534937000077, -16.925375875999976 ], [ 48.830131030000075, -16.918226610999966 ], [ 48.839771781000081, -16.895282323999936 ], [ 48.822592884000073, -16.892517899999973 ], [ 48.830163784000035, -16.876090372999954 ], [ 48.815377105000039, -16.877210564999928 ], [ 48.859087134000049, -16.788229613999931 ], [ 48.874570605000031, -16.782664741999952 ], [ 48.876618404000055, -16.732088635999958 ], [ 48.886650773000042, -16.716687323999963 ], [ 48.899489060000064, -16.715837826999973 ], [ 48.904061366000064, -16.702654783999947 ], [ 48.944685503000073, -16.674477638999974 ], [ 48.952305175000049, -16.678191031999972 ], [ 48.971784920000061, -16.664021828999978 ], [ 48.98441002900006, -16.672396783999943 ], [ 48.991203442000028, -16.668245794999962 ], [ 48.98829360700006, -16.659382388999973 ], [ 48.974663550000059, -16.657161947999953 ], [ 48.954940573000044, -16.627951826999947 ], [ 48.959989906000033, -16.60648400599996 ], [ 48.992604056000062, -16.580276055999946 ], [ 49.017444840000053, -16.575180911999951 ], [ 49.016758521000042, -16.525224627999933 ], [ 49.076027103000058, -16.478604839999946 ], [ 49.095783164000068, -16.479010199999948 ], [ 49.116682361000073, -16.467032752999955 ], [ 49.12358, -16.440180003999956 ], [ 49.149350641000069, -16.420624504999978 ], [ 49.15280346600008, -16.408102474999964 ], [ 49.13770220300006, -16.40109418399993 ], [ 49.145360678000031, -16.379073636999976 ], [ 49.138213462000067, -16.373232156999961 ], [ 49.149277261000066, -16.354419680999968 ], [ 49.145494575000043, -16.347296158999939 ], [ 49.169046199000036, -16.331894188999968 ], [ 49.187237337000056, -16.332759261999968 ], [ 49.192730562000065, -16.323213567999971 ], [ 49.186724505000029, -16.298517423999954 ], [ 49.177150471000061, -16.28995576799997 ], [ 49.213675076000072, -16.252628276999928 ], [ 49.206172159000062, -16.244546269999944 ], [ 49.204006347000075, -16.198406700999954 ], [ 49.210235639000075, -16.197768227999973 ], [ 49.208104056000082, -16.185045789999947 ], [ 49.215074658000049, -16.177954224999951 ], [ 49.208528734000026, -16.159662859999969 ], [ 49.217972584000051, -16.138437519999968 ], [ 49.186778036000078, -16.116579053999942 ], [ 49.185818429000051, -16.101562857999966 ], [ 49.203311763000045, -16.086383096999953 ], [ 49.179885052000031, -16.076219563999928 ], [ 49.197489857000051, -16.068714539999974 ], [ 49.193577873000038, -16.058006773999978 ], [ 49.170337271000051, -16.054674144999979 ], [ 49.159305115000052, -16.061485537999943 ], [ 49.14235063600006, -16.051223540999956 ], [ 49.136509085000057, -16.011426220999965 ], [ 49.141604083000061, -15.976875867999979 ], [ 49.168961504000038, -15.969645096999955 ], [ 49.142813586000045, -15.931916934999947 ], [ 49.129012557000067, -15.926021008999953 ], [ 49.10735205800006, -15.891595865999932 ], [ 49.096741914000063, -15.886521457999947 ], [ 49.103535462000082, -15.881810710999957 ], [ 49.097765968000033, -15.868897688999937 ], [ 49.103978140000038, -15.855941407999978 ], [ 49.095977836000031, -15.845334382999965 ], [ 49.088402894000069, -15.791026014999943 ], [ 49.071805826000059, -15.782642067999973 ], [ 49.062233162000041, -15.787009018999981 ], [ 49.043008728000075, -15.76291407399998 ], [ 49.059646484000041, -15.719606472999942 ], [ 49.064261486000078, -15.678341341999953 ], [ 49.073072393000075, -15.677177349999965 ], [ 49.079860521000057, -15.585596937999981 ], [ 49.091442536000045, -15.574710494999977 ], [ 49.074626370000033, -15.552715964999948 ], [ 49.070974680000063, -15.52566156499995 ], [ 49.108744396000077, -15.497073967999938 ], [ 49.112683378000042, -15.477975943999979 ], [ 49.130713274000072, -15.476480463999962 ], [ 49.128311732000043, -15.453129970999953 ], [ 49.117581285000028, -15.451701477999961 ], [ 49.111214972000028, -15.469247030999952 ], [ 49.099063514000079, -15.464019527999938 ], [ 49.099386860000038, -15.454829586999949 ], [ 49.090516411000067, -15.44812305499994 ], [ 49.052358383000069, -15.463015204999977 ], [ 49.026898380000034, -15.452712851999934 ], [ 49.010393502000056, -15.416481895999937 ], [ 49.009946385000035, -15.402787634999981 ], [ 49.018242712000074, -15.396348520999936 ], [ 48.99904689400006, -15.381844807999983 ], [ 49.000517013000035, -15.355766552999967 ], [ 49.039739764000046, -15.360298728999965 ], [ 49.049341734000052, -15.353571405999958 ], [ 49.048248328000057, -15.345623560999968 ], [ 49.059495917000049, -15.351449790999936 ], [ 49.08211361900004, -15.338161069999956 ], [ 49.102365890000044, -15.351332640999942 ], [ 49.109589752000034, -15.339267211999982 ], [ 49.131731194000054, -15.328409376999957 ], [ 49.173522018000028, -15.317455924999933 ], [ 49.178968774000055, -15.298633417999952 ], [ 49.189228661000072, -15.291814206999959 ], [ 49.203753274000064, -15.29258521099996 ], [ 49.21269084100004, -15.283024864999959 ], [ 49.233668153000053, -15.292318694999949 ], [ 49.263410158000056, -15.281926935999934 ], [ 49.273690679000026, -15.290277458999981 ], [ 49.287785801000041, -15.26770212699995 ], [ 49.30136299600008, -15.26112004099997 ], [ 49.298021738000045, -15.252100926999958 ], [ 49.30725785900006, -15.242098228999964 ], [ 49.320063288000028, -15.249118068999962 ], [ 49.336714856000071, -15.241959435999945 ], [ 49.345692474000032, -15.256160628999965 ], [ 49.368411860000037, -15.237545626999975 ], [ 49.37222326300008, -15.201025031999961 ], [ 49.365615245000072, -15.138871973999926 ], [ 49.350374491000082, -15.116179958999965 ], [ 49.355632621000041, -15.078194912999948 ], [ 49.364626091000048, -15.070861534999949 ], [ 49.366171046000034, -15.07883993799993 ], [ 49.375672318000056, -15.080590167999958 ], [ 49.376875225000049, -15.073066063999931 ], [ 49.387570185000072, -15.071363254999937 ], [ 49.388767999000038, -15.08736803599993 ], [ 49.393419391000066, -15.077881443999956 ], [ 49.397418942000058, -15.08955607799993 ], [ 49.411364648000074, -15.09536609099996 ], [ 49.41106766200005, -15.104198744999962 ], [ 49.420572943000082, -15.094791796999971 ], [ 49.426313262000065, -15.114971917999981 ], [ 49.436723899000071, -15.112898911999935 ], [ 49.428672367000047, -15.101097095999933 ], [ 49.453203406000057, -15.095377923999934 ], [ 49.445910996000066, -15.072420017999946 ], [ 49.46518343300005, -15.021656254999982 ], [ 49.451604347000057, -14.994551562999959 ], [ 49.467265525000073, -14.930249163999974 ], [ 49.462908355000081, -14.917955452999934 ], [ 49.430402614000059, -14.918265223999981 ], [ 49.432501062000028, -14.904643264999947 ], [ 49.421642620000057, -14.892662849999965 ], [ 49.419399587000044, -14.875486579999972 ], [ 49.442213425000034, -14.860389639999937 ], [ 49.457982571000059, -14.858671931999936 ], [ 49.483943735000025, -14.807018778999975 ], [ 49.496154816000058, -14.844190627999978 ], [ 49.512099429000045, -14.847358775999965 ], [ 49.544957553000074, -14.892713345999937 ], [ 49.560485823000079, -14.895367389999933 ], [ 49.560852824000051, -14.906522880999944 ], [ 49.567302186000063, -14.904545651999968 ], [ 49.586610644000075, -14.931052379999926 ], [ 49.59835763500007, -14.965479123999955 ], [ 49.607798381000066, -14.964307016999953 ], [ 49.649035813000069, -14.988877163999973 ], [ 49.659549731000027, -15.012518989999933 ], [ 49.659647427000039, -15.039779662999933 ], [ 49.687718530000041, -15.057008075999931 ], [ 49.682444744000065, -15.084699640999929 ], [ 49.714560698000071, -15.091426041999966 ], [ 49.726145851000069, -15.079627578999975 ], [ 49.737722129000076, -15.081240016999971 ], [ 49.758792696000057, -15.070608068999945 ], [ 49.77018812700004, -15.053586241999938 ], [ 49.790983523000079, -15.050108861999945 ], [ 49.798999929000047, -15.056563472999926 ], [ 49.794330779000063, -15.071499185999926 ], [ 49.802330590000054, -15.080619030999969 ], [ 49.800855016000071, -15.090806669999949 ], [ 49.815028059000042, -15.096280859999979 ], [ 49.822234103000028, -15.118658880999931 ], [ 49.806332991000033, -15.161002224999947 ], [ 49.828324230000078, -15.183137819999956 ], [ 49.836204390000034, -15.203331452999976 ], [ 49.866447826000069, -15.212893855999937 ], [ 49.865434384000082, -15.23315806599993 ], [ 49.882366302000037, -15.242945231999954 ], [ 49.894838438000079, -15.27013612899998 ], [ 49.922573344000057, -15.270308110999963 ], [ 49.936452727000074, -15.280103404999977 ], [ 49.957822490000069, -15.261823011999979 ], [ 49.960149036000075, -15.249874120999948 ], [ 49.987519336000048, -15.244427880999979 ], [ 50.03166888800007, -15.293720288999964 ], [ 50.027210366000077, -15.30626028599994 ], [ 49.988628622000078, -15.336454507999974 ], [ 49.98492054500008, -15.34794014299996 ], [ 50.025549194000064, -15.35763075999995 ], [ 50.031496959000037, -15.376004826999974 ], [ 50.053146556000058, -15.392191841999932 ], [ 50.05125262200005, -15.46453134099994 ], [ 50.041358695000042, -15.474651988999938 ], [ 50.024940184000059, -15.471770744999958 ], [ 50.018280678000053, -15.482434501999933 ], [ 50.021358976000045, -15.496114553999973 ], [ 50.013822753000056, -15.518970485999944 ], [ 50.018577841000081, -15.524534248999942 ], [ 50.01126236500005, -15.531974546999948 ], [ 50.020137164000062, -15.543955611999934 ], [ 50.005853888000047, -15.59123311999997 ], [ 50.01547669100006, -15.602574302999926 ], [ 50.007738549000067, -15.61386095599994 ], [ 50.013142800000026, -15.620356048999952 ], [ 50.002229525000075, -15.615743210999938 ], [ 49.99690546800008, -15.62215942399996 ], [ 50.006212922000032, -15.636756719999937 ], [ 49.983192821000046, -15.665618543999926 ], [ 49.986974571000076, -15.680167399999959 ], [ 49.979391336000049, -15.689376436999964 ], [ 49.99228022300008, -15.704642709999973 ], [ 50.004222238000068, -15.706781939999928 ], [ 50.010283376000075, -15.69812239099997 ], [ 50.031656331000079, -15.714025597999978 ], [ 50.031267142000047, -15.725081814999953 ], [ 50.042408001000069, -15.735405732999936 ], [ 50.038066692000029, -15.749856861999945 ], [ 50.046650996000039, -15.752853151999943 ], [ 50.047292620000064, -15.76306649199995 ], [ 50.055780808000065, -15.76297316299997 ], [ 50.068373622000081, -15.814712383999961 ], [ 50.05472955700003, -15.82147841099993 ], [ 50.050010153000073, -15.833322597999938 ], [ 50.036133831000029, -15.827472564999937 ], [ 50.01213193500007, -15.831959898999969 ], [ 50.019645691000051, -15.788045882999938 ], [ 49.956100464000031, -15.737133024999935 ], [ 49.962963104000039, -15.708056449999958 ], [ 49.955966950000061, -15.670784949999927 ], [ 49.96723938000008, -15.630893706999927 ], [ 49.954616548000047, -15.625106811999956 ], [ 49.951171875000057, -15.614478109999936 ], [ 49.923099518000072, -15.603655812999932 ], [ 49.922710418000065, -15.593782423999926 ], [ 49.891330720000042, -15.561286924999933 ], [ 49.89384079000007, -15.528142928999955 ], [ 49.906406405000041, -15.501338957999963 ], [ 49.893127442000036, -15.470356940999977 ], [ 49.904766083000027, -15.446400640999968 ], [ 49.873397828000066, -15.423954963999961 ], [ 49.865379332000032, -15.425741195999933 ], [ 49.865455627000074, -15.415077207999957 ], [ 49.849460603000068, -15.441398620999962 ], [ 49.802627563000044, -15.438886641999943 ], [ 49.75660324100005, -15.457210540999938 ], [ 49.730815887000063, -15.444796561999965 ], [ 49.709758759000067, -15.449905395999963 ], [ 49.676521301000037, -15.473849295999969 ], [ 49.632553101000042, -15.523871420999967 ], [ 49.615497590000075, -15.55933284799994 ], [ 49.621658325000055, -15.602270124999961 ], [ 49.645408630000077, -15.60820102699995 ], [ 49.642623901000036, -15.620057105999933 ], [ 49.65127182100008, -15.636574744999962 ], [ 49.64543533300008, -15.66098403899997 ], [ 49.651588440000069, -15.667407989999958 ], [ 49.641250610000043, -15.698057174999974 ], [ 49.66226959200003, -15.72843551699998 ], [ 49.669555664000029, -15.765482902999963 ], [ 49.688644411000041, -15.805260657999952 ], [ 49.687732699000037, -15.820530890999976 ], [ 49.704654694000055, -15.848035811999978 ], [ 49.70512771600005, -15.87689495099994 ], [ 49.718513489000031, -15.898824691999948 ], [ 49.725585937000062, -15.897415160999969 ], [ 49.730918884000062, -15.905692099999953 ], [ 49.688255310000045, -15.986329078999972 ], [ 49.675041199000077, -16.046087264999926 ], [ 49.685207367000032, -16.069025038999939 ], [ 49.695835115000079, -16.073822019999966 ], [ 49.70562362700008, -16.122543333999943 ], [ 49.723846436000031, -16.145215987999961 ], [ 49.760799407000036, -16.164682385999981 ], [ 49.797519684000065, -16.159824370999956 ], [ 49.785320282000043, -16.173006056999952 ], [ 49.788791656000058, -16.178817748999961 ], [ 49.794269562000068, -16.181669233999969 ], [ 49.801399231000062, -16.173170089999928 ], [ 49.828128815000071, -16.180660246999935 ], [ 49.858463288000053, -16.225135802999944 ], [ 49.852043151000032, -16.245876310999961 ], [ 49.840705872000058, -16.244661330999975 ], [ 49.840595245000031, -16.277196883999977 ], [ 49.824520111000027, -16.294353484999931 ], [ 49.812847137000063, -16.347831725999981 ], [ 49.829658509000069, -16.381616592999933 ], [ 49.828536987000064, -16.424077987999965 ], [ 49.844432831000063, -16.434095382999942 ], [ 49.860092164000037, -16.427236555999968 ], [ 49.854412079000042, -16.441976545999978 ], [ 49.860301971000069, -16.455940245999955 ], [ 49.865966796000066, -16.455263137999964 ], [ 49.846721648000027, -16.48155784599993 ], [ 49.839698793000082, -16.561155317999976 ], [ 49.806137084000056, -16.599222181999949 ], [ 49.799358368000071, -16.635927199999969 ], [ 49.774280548000036, -16.66435432399993 ], [ 49.765014648000033, -16.696588515999963 ], [ 49.745098116000065, -16.704998014999944 ], [ 49.755176544000051, -16.694824218999941 ], [ 49.736804962000065, -16.691955565999933 ], [ 49.72419738800005, -16.701166151999928 ], [ 49.720493317000034, -16.714532850999944 ], [ 49.724243164000029, -16.753437041999973 ], [ 49.760803223000039, -16.817268371999944 ], [ 49.787624359000063, -16.837064742999928 ], [ 49.834453583000027, -16.84063148499996 ], [ 49.807369232000042, -16.849491118999936 ], [ 49.696624756000062, -16.867078780999975 ], [ 49.612888336000026, -16.894939422999983 ], [ 49.586887361000038, -16.917976378999981 ], [ 49.585243225000056, -16.946670531999928 ], [ 49.532604220000053, -17.03134345999996 ], [ 49.518535614000029, -17.091636656999981 ], [ 49.444999695000035, -17.244319915999938 ], [ 49.411319733000028, -17.351570127999935 ], [ 49.414722443000073, -17.380477904999964 ], [ 49.437713623000036, -17.395071028999951 ], [ 49.443470001000037, -17.413255690999961 ], [ 49.453090668000073, -17.415189742999928 ], [ 49.448535919000051, -17.454717635999941 ], [ 49.458694457000036, -17.474752425999952 ], [ 49.475746154000035, -17.482170104999966 ], [ 49.466068269000061, -17.508550643999968 ], [ 49.469520570000043, -17.533605575999957 ], [ 49.482509615000026, -17.534629822999932 ], [ 49.475949872000058, -17.589722051999956 ], [ 49.474424455000076, -17.581471520999969 ], [ 49.455466945000069, -17.579705008999952 ], [ 49.449539671000082, -17.595770529999982 ], [ 49.429324309000037, -17.598756870999978 ], [ 49.425842333000048, -17.614155849999975 ], [ 49.416592626000067, -17.620548028999963 ], [ 49.405330671000058, -17.611334782999961 ], [ 49.410107227000026, -17.606902386999934 ], [ 49.394455894000032, -17.599256625999942 ], [ 49.393579442000032, -17.586861962999933 ], [ 49.369173959000079, -17.587824583999975 ], [ 49.369253400000048, -17.571211294999955 ], [ 49.346818375000055, -17.579078222999954 ], [ 49.325870290000069, -17.554770228999928 ], [ 49.318585841000072, -17.568323118999956 ], [ 49.306425972000056, -17.554046260999939 ], [ 49.287741285000038, -17.54816860699998 ], [ 49.272074512000074, -17.57730036199996 ], [ 49.261054285000057, -17.582120670999927 ], [ 49.27253, -17.609920003999946 ], [ 49.2604, -17.659370004999971 ], [ 49.269951057000071, -17.68437516299997 ], [ 49.253132840000035, -17.686083222999969 ], [ 49.248771182000041, -17.70776204799995 ], [ 49.233158428000081, -17.689555974999962 ], [ 49.224720881000053, -17.694793106999953 ], [ 49.203813072000059, -17.688451033999968 ], [ 49.201845020000064, -17.719058353999969 ], [ 49.210407659000055, -17.722125862999974 ], [ 49.207742193000058, -17.732322411999974 ], [ 49.170998173000044, -17.740257489999976 ], [ 49.167950777000044, -17.752176673999941 ], [ 49.156980141000076, -17.746754227999929 ], [ 49.144124599000065, -17.767523203999929 ], [ 49.130997276000073, -17.755939452999939 ], [ 49.116434198000036, -17.763631921999945 ], [ 49.119854903000032, -17.743581861999928 ], [ 49.10763070400003, -17.733734527999957 ], [ 49.102840259000061, -17.743806369999959 ], [ 49.088058406000073, -17.741371529999981 ], [ 49.081975442000044, -17.751843688999941 ], [ 49.081620278000059, -17.74261517399998 ], [ 49.067790268000067, -17.735854662999941 ], [ 49.06698218300005, -17.723483266999949 ], [ 49.056784572000026, -17.721700561999967 ], [ 49.015549425000074, -17.747198111999978 ], [ 49.004114616000038, -17.746937297999978 ], [ 48.997510807000026, -17.738121233999948 ], [ 48.972189620000051, -17.743653799999947 ], [ 48.959352252000031, -17.759521628999948 ], [ 48.933232215000032, -17.764504134999981 ], [ 48.916133837000075, -17.778493073999982 ] ] ], [ [ [ 49.817802430000029, -17.105594634999932 ], [ 49.809352875000059, -17.096218108999949 ], [ 49.824695588000054, -17.075834273999931 ], [ 49.825805664000029, -17.054153442999961 ], [ 49.831809999000029, -17.05385589399998 ], [ 49.823398590000068, -17.043701171999942 ], [ 49.829402925000068, -17.020315170999936 ], [ 49.845760345000031, -17.006950376999953 ], [ 49.860454560000051, -16.976432799999941 ], [ 49.852249147000066, -16.950599669999974 ], [ 49.865505220000045, -16.909378050999976 ], [ 49.88353347900005, -16.877838133999944 ], [ 49.896900177000077, -16.876928328999952 ], [ 49.91364288300008, -16.853115081999931 ], [ 49.927135468000074, -16.815950393999969 ], [ 49.963619232000042, -16.794813154999929 ], [ 49.973117827000067, -16.758237838999946 ], [ 49.965019226000038, -16.737213134999934 ], [ 49.978504182000052, -16.731525419999969 ], [ 49.991954803000056, -16.708202361999952 ], [ 50.011066436000078, -16.702257155999973 ], [ 50.02044296300005, -16.715114592999953 ], [ 49.953475952000076, -16.848829267999974 ], [ 49.944435120000037, -16.89788436799995 ], [ 49.927913666000052, -16.918096540999954 ], [ 49.920948029000044, -16.941371917999959 ], [ 49.906066895000038, -16.947650908999947 ], [ 49.875396729000045, -17.014791488999947 ], [ 49.838630675000047, -17.060083388999942 ], [ 49.817802430000029, -17.105594634999932 ] ] ] ] } },
{ "type": "Feature", "properties": { "ISO": "MDG-AND", "NAME_1": "Androy" }, "geometry": { "type": "Polygon", "coordinates": [ [ [ 45.188952349000033, -25.605461821999938 ], [ 45.139533997000058, -25.595832824999945 ], [ 45.130202951000058, -25.577936403999956 ], [ 45.134046286000057, -25.554838788999973 ], [ 45.119458762000079, -25.537637505999953 ], [ 44.974443939000025, -25.478160656999933 ], [ 44.941082001000041, -25.437992095999959 ], [ 44.937126161000037, -25.41817283599994 ], [ 44.80788040200008, -25.340335845999959 ], [ 44.709671021000077, -25.312248229999966 ], [ 44.514671326000041, -25.289859770999954 ], [ 44.496793776000061, -25.24193265699995 ], [ 44.518712774000051, -25.184451215999957 ], [ 44.533945492000043, -25.182236493999937 ], [ 44.531907540000077, -25.16371195499994 ], [ 44.556538549000038, -25.16544885199994 ], [ 44.557360734000042, -25.15524923199996 ], [ 44.578162703000032, -25.146513845999948 ], [ 44.576433273000077, -25.137057181999978 ], [ 44.595518792000064, -25.131898876999969 ], [ 44.629846680000071, -25.091865365999979 ], [ 44.659324316000038, -25.073962707999954 ], [ 44.665822630000036, -25.054035007999971 ], [ 44.683986301000061, -25.050529007999955 ], [ 44.686793628000032, -25.029779119999944 ], [ 44.717219627000077, -25.025049614999944 ], [ 44.731486731000075, -25.001145286999929 ], [ 44.768290028000081, -24.978480318999971 ], [ 44.776212841000074, -24.95799457499993 ], [ 44.795264426000074, -24.957283226999948 ], [ 44.80852410500006, -24.937596792999955 ], [ 44.846750869000061, -24.928398725999955 ], [ 44.87374264500005, -24.906496129999937 ], [ 44.90077616800005, -24.916057344999956 ], [ 44.915121042000067, -24.892042332999949 ], [ 44.913884515000063, -24.880467420999935 ], [ 44.965460299000028, -24.832443368999975 ], [ 44.980209068000079, -24.793113736999942 ], [ 44.975755674000027, -24.777887723999982 ], [ 44.99288130900004, -24.781794567999953 ], [ 44.994231337000031, -24.769709655999975 ], [ 45.011494996000067, -24.779824598999937 ], [ 45.028173720000041, -24.776774895999949 ], [ 45.023390588000041, -24.758774143999972 ], [ 45.030961500000046, -24.747959565999963 ], [ 45.04511941100003, -24.747416856999962 ], [ 45.042745964000062, -24.723688402999983 ], [ 45.055937509000046, -24.703919116999941 ], [ 45.050931079000065, -24.685347153999942 ], [ 45.068568825000057, -24.65883704099997 ], [ 45.053688587000067, -24.620382271999972 ], [ 45.062058641000078, -24.594917086999942 ], [ 45.057424036000043, -24.591449885999964 ], [ 45.094215803000054, -24.564109886999972 ], [ 45.087193605000039, -24.546090407999941 ], [ 45.09655620500007, -24.519380285999944 ], [ 45.083058243000039, -24.50716367299998 ], [ 45.087305636000053, -24.490072377999979 ], [ 45.06973316300008, -24.473812485999929 ], [ 45.073079439000026, -24.458608036999976 ], [ 45.052304751000065, -24.410177673999954 ], [ 45.05860017200007, -24.401754308999955 ], [ 45.049814139000034, -24.363511831999972 ], [ 45.05708085200007, -24.324948089999964 ], [ 45.046901714000057, -24.308379178999928 ], [ 45.064470062000055, -24.299742944999934 ], [ 45.075900595000064, -24.261927716999935 ], [ 45.121034930000064, -24.221596670999929 ], [ 45.133674385000063, -24.192061219999971 ], [ 45.150317260000065, -24.174863477999963 ], [ 45.146840999000062, -24.088443403999975 ], [ 45.165159548000076, -24.021015361999957 ], [ 45.164068633000056, -24.00931719099998 ], [ 45.15479752300007, -24.002355253999951 ], [ 45.185330871000076, -23.980352169999946 ], [ 45.169853924000051, -23.895686391999959 ], [ 45.194324823000045, -23.862110410999946 ], [ 45.179967065000028, -23.851301860999968 ], [ 45.174242423000067, -23.834193066999944 ], [ 45.185291951000067, -23.832774511999958 ], [ 45.18931697000005, -23.84323612999998 ], [ 45.204369184000029, -23.836296398999934 ], [ 45.209414735000053, -23.819376965999936 ], [ 45.246068705000027, -23.817069631999971 ], [ 45.257092153000031, -23.806215867999981 ], [ 45.27047146600006, -23.806852488999937 ], [ 45.238428316000068, -23.767093778999936 ], [ 45.250945733000037, -23.761026839999943 ], [ 45.274741944000027, -23.774197926999932 ], [ 45.295404327000028, -23.772084741999947 ], [ 45.340489901000069, -23.788508169999943 ], [ 45.417234172000065, -23.779501399999958 ], [ 45.428911271000061, -23.764213850999965 ], [ 45.433168298000055, -23.777751743999943 ], [ 45.448341728000059, -23.787462450999953 ], [ 45.447980795000035, -23.805899471999965 ], [ 45.464061585000081, -23.815801389999933 ], [ 45.474194493000027, -23.834107544999938 ], [ 45.514459842000065, -23.837311145999934 ], [ 45.490490529000056, -23.865959726999961 ], [ 45.504249997000045, -23.871550001999935 ], [ 45.501315212000065, -23.880972069999927 ], [ 45.473831795000081, -23.908834949999971 ], [ 45.467086061000032, -23.936636073999978 ], [ 45.483264765000058, -23.945543383999961 ], [ 45.479474500000038, -23.98106067599997 ], [ 45.529402485000048, -24.003625774999932 ], [ 45.563299147000066, -23.983754818999955 ], [ 45.578755121000029, -23.999793268999952 ], [ 45.595298941000067, -23.979896563999944 ], [ 45.616887787000053, -23.981671934999952 ], [ 45.631551828000056, -23.969066519999956 ], [ 45.649582939000027, -23.966159501999982 ], [ 45.662034660000074, -23.946678046999978 ], [ 45.678250643000069, -23.95105161999993 ], [ 45.689762236000036, -23.933746060999965 ], [ 45.703298505000078, -23.930777637999938 ], [ 45.702497703000063, -23.988619380999978 ], [ 45.716685086000041, -23.980088901999977 ], [ 45.736684183000079, -23.980055067999956 ], [ 45.742139867000049, -23.994944173999954 ], [ 45.751089562000061, -23.997025988999951 ], [ 45.747854619000066, -24.050681980999968 ], [ 45.755131215000063, -24.064542134999954 ], [ 45.74482955700006, -24.095172650999928 ], [ 45.81227969300005, -24.145488958999977 ], [ 45.82022622900007, -24.138004799999976 ], [ 45.832557953000048, -24.15059983499998 ], [ 45.840143211000054, -24.146460676999936 ], [ 45.81426338600005, -24.215662085999952 ], [ 45.847921640000038, -24.245736532999956 ], [ 45.901153260000058, -24.268107332999932 ], [ 45.926742042000058, -24.288498293999965 ], [ 45.899909950000051, -24.30748059299998 ], [ 45.903362877000063, -24.331170183999973 ], [ 45.925534894000066, -24.343578454999943 ], [ 45.950153861000047, -24.342742238999961 ], [ 45.960418954000033, -24.351355059999946 ], [ 45.960469743000033, -24.364037073999953 ], [ 45.973542725000073, -24.375665782999931 ], [ 45.960167212000044, -24.383861765999939 ], [ 45.95821257700004, -24.400055205999934 ], [ 45.972854888000029, -24.401974184999972 ], [ 45.982392165000078, -24.412887956999953 ], [ 45.982940692000057, -24.436922557999935 ], [ 46.01028498900007, -24.479251655999974 ], [ 45.98403673100006, -24.510675377999974 ], [ 45.948212007000052, -24.495681502999958 ], [ 45.926246003000074, -24.523918611999932 ], [ 45.938760411000032, -24.56060692099993 ], [ 45.951761554000029, -24.581849206999948 ], [ 45.96221657500007, -24.584003792999965 ], [ 45.967467617000068, -24.599899800999935 ], [ 45.954254718000072, -24.621556662999978 ], [ 45.938321727000073, -24.622995309999965 ], [ 45.92745083300008, -24.633512000999929 ], [ 45.927506393000044, -24.644501007999963 ], [ 45.937002796000058, -24.660493581999958 ], [ 45.971155683000063, -24.661749242999974 ], [ 45.989665236000064, -24.69065326499998 ], [ 45.98015874500004, -24.695134564999933 ], [ 45.980135950000033, -24.723452986999973 ], [ 46.020613361000073, -24.753420731999938 ], [ 46.029974259000028, -24.779805719999956 ], [ 46.019390104000081, -24.789746655999977 ], [ 46.037720162000028, -24.80049913299996 ], [ 45.980029952000052, -24.823818073999973 ], [ 46.020383626000068, -24.828954695999983 ], [ 46.062091131000045, -24.84692936099998 ], [ 46.073637592000068, -24.87473599599997 ], [ 46.085271613000032, -24.876170226999932 ], [ 46.097442994000062, -24.893663407999952 ], [ 46.129095863000032, -24.885571224999978 ], [ 46.133760049000045, -24.965015344999983 ], [ 46.161087972000075, -24.943467545999965 ], [ 46.166147315000046, -25.000905149999937 ], [ 46.173711529000059, -24.986197317999938 ], [ 46.191158973000029, -24.98142865799997 ], [ 46.198864492000041, -24.995210336999946 ], [ 46.190721291000045, -25.007136429999946 ], [ 46.213552778000064, -25.016411562999963 ], [ 46.225036139000053, -24.992425201999936 ], [ 46.250476804000073, -24.983407858999954 ], [ 46.289043865000053, -25.038778091999973 ], [ 46.263977623000073, -25.070655205999969 ], [ 46.276054507000026, -25.095451743999945 ], [ 46.26400360000008, -25.109346917999972 ], [ 46.262830330000043, -25.133900777999941 ], [ 46.27039207200005, -25.156859666999935 ], [ 46.264803571000073, -25.160997219999956 ], [ 46.274663930000031, -25.169769301999963 ], [ 46.244653699000025, -25.193949973999963 ], [ 46.260663893000071, -25.206475199999943 ], [ 46.062261997000064, -25.276409073999957 ], [ 45.872619087000032, -25.364707955999961 ], [ 45.722711808000042, -25.456790033999937 ], [ 45.670381791000068, -25.503932063999969 ], [ 45.592554337000081, -25.547501628999953 ], [ 45.505739144000074, -25.575811905999956 ], [ 45.293997017000038, -25.582676832999937 ], [ 45.188952349000033, -25.605461821999938 ] ] ] } },
{ "type": "Feature", "properties": { "ISO": "MDG-BOE", "NAME_1": "Boeny" }, "geometry": { "type": "Polygon", "coordinates": [ [ [ 45.570070915000031, -17.364793940999959 ], [ 45.569991513000048, -17.35766770999993 ], [ 45.55281971900007, -17.345572086999937 ], [ 45.552297569000075, -17.335150192999947 ], [ 45.532365774000027, -17.332347616999982 ], [ 45.521036348000052, -17.319587595999963 ], [ 45.533759233000069, -17.29177158899995 ], [ 45.531726014000071, -17.277075431999947 ], [ 45.526447709000081, -17.265189622999969 ], [ 45.510805885000025, -17.257370537999975 ], [ 45.507997628000055, -17.193248944999937 ], [ 45.484154705000037, -17.144250703999944 ], [ 45.487429003000045, -17.121705145999954 ], [ 45.495908738000026, -17.113931230999981 ], [ 45.481230777000064, -17.089495032999935 ], [ 45.492068355000072, -17.071973212999978 ], [ 45.482490952000035, -17.036576688999958 ], [ 45.50227132200007, -17.030484996999974 ], [ 45.499892841000076, -17.021262587999956 ], [ 45.521153587000072, -17.000352589999977 ], [ 45.507796900000073, -16.986901190999959 ], [ 45.467511805000072, -16.980081823999967 ], [ 45.47154359700005, -16.953273838999962 ], [ 45.457393438000054, -16.936332634999928 ], [ 45.44436999900006, -16.877720003999968 ], [ 45.413963609000064, -16.856702576999965 ], [ 45.37260750300004, -16.851474817999929 ], [ 45.362961263000045, -16.828205201999936 ], [ 45.346719999000072, -16.815320004999933 ], [ 45.300128026000039, -16.797792745999971 ], [ 45.294262356000047, -16.802988403999962 ], [ 45.282273915000076, -16.79235899899993 ], [ 45.282538997000074, -16.771354666999969 ], [ 45.263153576000036, -16.74315176999994 ], [ 45.273351077000029, -16.715637451999953 ], [ 45.264012947000026, -16.709472742999935 ], [ 45.271713300000044, -16.705882949999932 ], [ 45.270302514000036, -16.676207457999965 ], [ 45.238645072000054, -16.681137225999976 ], [ 45.227888290000067, -16.675315983999951 ], [ 45.220708200000047, -16.683760786999926 ], [ 45.219292220000057, -16.677239055999962 ], [ 45.212049484000033, -16.678054227999951 ], [ 45.207324405000065, -16.649833924999939 ], [ 45.184738682000045, -16.626954264999938 ], [ 45.150591943000052, -16.634228880999956 ], [ 45.13023851500003, -16.627823239999941 ], [ 45.128008897000029, -16.611527785999954 ], [ 45.103713112000037, -16.600676702999976 ], [ 45.072973558000058, -16.566736087999971 ], [ 45.05250324900004, -16.585807037999928 ], [ 45.039127221000058, -16.570251755999948 ], [ 45.02700496600005, -16.574518452999939 ], [ 44.995055232000027, -16.566087357999947 ], [ 45.01054689700004, -16.540884417999962 ], [ 45.003064276000032, -16.517598955999972 ], [ 44.999089780000077, -16.513002314999937 ], [ 44.993947505000051, -16.518591275999938 ], [ 44.97038770000006, -16.501908102999948 ], [ 44.950834602000043, -16.503006095999979 ], [ 44.94082, -16.485550003999947 ], [ 44.942380510000078, -16.438599968999938 ], [ 44.91873, -16.408130003999929 ], [ 44.928569177000043, -16.348434294999947 ], [ 44.909419999000079, -16.285750003999965 ], [ 44.914865012000064, -16.260855036999942 ], [ 44.925043057000039, -16.258697698999981 ], [ 44.918530697000051, -16.242865101999939 ], [ 44.902717582000037, -16.247732992999943 ], [ 44.87935668700004, -16.211105997999937 ], [ 44.881706238000049, -16.21174812299995 ], [ 44.884557628000039, -16.215236680999965 ], [ 44.876491255000076, -16.202030672999967 ], [ 44.882201962000067, -16.194963671999972 ], [ 44.876205721000076, -16.193321847999982 ], [ 44.89041110200003, -16.184755785999982 ], [ 44.889054810000061, -16.19146586599993 ], [ 44.925930023000035, -16.182655332999957 ], [ 44.937236785000039, -16.189622877999966 ], [ 44.995639800000049, -16.190979003999928 ], [ 45.001174927000079, -16.198722837999981 ], [ 45.000453949000075, -16.190044402999945 ], [ 44.993675233000033, -16.185884475999956 ], [ 44.944385529000044, -16.170654296999942 ], [ 44.946914674000027, -16.162958144999948 ], [ 45.01671981800007, -16.123115539999958 ], [ 45.136749268000074, -15.999958990999971 ], [ 45.166625977000081, -15.99009704499997 ], [ 45.209762573000035, -15.950835228999949 ], [ 45.23016738900003, -15.949317931999929 ], [ 45.248512270000049, -15.937389373999963 ], [ 45.267467499000077, -15.936665533999928 ], [ 45.268215179000038, -16.009027479999929 ], [ 45.294357300000058, -16.039209365999966 ], [ 45.288242341000057, -16.06145477299998 ], [ 45.28083801300005, -16.044404982999936 ], [ 45.276294710000059, -16.063232422999931 ], [ 45.282764435000047, -16.083175657999959 ], [ 45.268684388000054, -16.104089735999935 ], [ 45.294193268000072, -16.140258787999926 ], [ 45.300785065000071, -16.139595030999942 ], [ 45.294662476000042, -16.12771606299998 ], [ 45.344478607000042, -16.104730605999976 ], [ 45.33940887600005, -16.097728728999982 ], [ 45.325714112000071, -16.10426330599995 ], [ 45.336666108000031, -16.082725524999944 ], [ 45.366611482000053, -16.076522826999962 ], [ 45.360019683000075, -16.082628249999971 ], [ 45.371795655000028, -16.085002897999971 ], [ 45.377899170000035, -16.080350873999976 ], [ 45.368694306000066, -16.079139708999946 ], [ 45.385654449000072, -16.066129682999929 ], [ 45.391006471000026, -16.042728423999961 ], [ 45.415500641000051, -16.030261992999954 ], [ 45.413238525000054, -16.014072416999966 ], [ 45.39290618900003, -16.00845527599995 ], [ 45.37332153300008, -16.021799086999977 ], [ 45.387931824000077, -16.037662505999947 ], [ 45.371601105000025, -16.033981321999931 ], [ 45.360942841000053, -16.005538938999962 ], [ 45.349166870000033, -15.998294829999963 ], [ 45.352317811000034, -15.984533309999961 ], [ 45.418849945000034, -15.98662090199997 ], [ 45.548099518000072, -15.953737257999933 ], [ 45.581466675000058, -15.996042250999949 ], [ 45.554946899000072, -16.029844282999932 ], [ 45.541522980000025, -16.028606414999956 ], [ 45.54904556300005, -16.034494399999971 ], [ 45.528209685000036, -16.06847 ], [ 45.517227173000038, -16.071981428999948 ], [ 45.533138275000056, -16.071800230999941 ], [ 45.541816711000081, -16.062850952999952 ], [ 45.555828094000049, -16.07288551299996 ], [ 45.549499513000058, -16.054895399999964 ], [ 45.560348511000029, -16.049922942999956 ], [ 45.574539186000038, -16.057788848999962 ], [ 45.581592560000047, -16.052545547999955 ], [ 45.582584381000061, -16.030578612999932 ], [ 45.575084686000025, -16.031028747999926 ], [ 45.582675935000054, -16.02659988399995 ], [ 45.592800140000065, -16.032114028999956 ], [ 45.590812683000081, -16.043775557999936 ], [ 45.580055237000067, -16.062850951999962 ], [ 45.566764832000047, -16.070714950999957 ], [ 45.58728790400005, -16.067461013999946 ], [ 45.602359772000057, -16.050714493999976 ], [ 45.609085083000025, -16.073305128999948 ], [ 45.613639832000047, -16.054672240999935 ], [ 45.603454591000059, -16.028371809999953 ], [ 45.619850158000077, -16.057617187999938 ], [ 45.632957459000068, -16.065517425999928 ], [ 45.594894409000062, -16.008699416999946 ], [ 45.60413317900003, -15.97381164199993 ], [ 45.61112090000006, -15.973851516999957 ], [ 45.605406557000038, -15.962756559999946 ], [ 45.628895475000036, -15.96707005199994 ], [ 45.610407064000071, -15.956540938999979 ], [ 45.620115264000049, -15.95718339299998 ], [ 45.62079192200008, -15.923954218999938 ], [ 45.636079960000075, -15.923180894999973 ], [ 45.627632872000049, -15.914912266999977 ], [ 45.633165119000068, -15.905632369999978 ], [ 45.632862567000075, -15.889501252999935 ], [ 45.625246275000052, -15.884531308999954 ], [ 45.628895129000057, -15.875918293999973 ], [ 45.618621854000025, -15.879220352999937 ], [ 45.610569759000043, -15.84581271899998 ], [ 45.638951969000061, -15.829251671999941 ], [ 45.632498870000063, -15.828223743999956 ], [ 45.619250032000025, -15.834219985999937 ], [ 45.60765729700006, -15.844899005999935 ], [ 45.611197935000064, -15.837075339999956 ], [ 45.645057678000057, -15.818995475999941 ], [ 45.655273437000062, -15.799510956999939 ], [ 45.672832489000029, -15.791439055999945 ], [ 45.669029236000029, -15.773246763999964 ], [ 45.708019257000046, -15.794341086999964 ], [ 45.764255523000031, -15.797559737999961 ], [ 45.76686477700008, -15.804729461999955 ], [ 45.751914978000059, -15.801291465999952 ], [ 45.725017548000039, -15.812923430999945 ], [ 45.753669740000078, -15.803949354999929 ], [ 45.765312195000035, -15.808396337999966 ], [ 45.774589539000033, -15.839879035999957 ], [ 45.78039932300004, -15.823733328999936 ], [ 45.771587374000035, -15.807267188999958 ], [ 45.778842927000028, -15.797728538999934 ], [ 45.794204713000056, -15.824260711999955 ], [ 45.793029785000044, -15.811088561999952 ], [ 45.80994415300006, -15.833757399999968 ], [ 45.809677125000064, -15.824275969999974 ], [ 45.788303376000044, -15.799765586999968 ], [ 45.81731796300005, -15.793783187999964 ], [ 45.811779022000053, -15.808775901999979 ], [ 45.819377899000074, -15.795995711999979 ], [ 45.829601288000049, -15.811142920999941 ], [ 45.842536927000026, -15.814213751999944 ], [ 45.847766877000026, -15.811726569999962 ], [ 45.827972412000065, -15.807609557999967 ], [ 45.823184967000032, -15.792496679999942 ], [ 45.844112396000071, -15.781483649999927 ], [ 45.854065715000047, -15.801100183999949 ], [ 45.851127625000061, -15.780420302999971 ], [ 45.873737334000054, -15.771894454999938 ], [ 45.894203186000027, -15.810748098999966 ], [ 45.89392852900005, -15.803080558999966 ], [ 45.877700806000064, -15.771054267999943 ], [ 45.894374847000051, -15.765273093999951 ], [ 45.894306183000026, -15.77362728199995 ], [ 45.897960663000049, -15.779836655999929 ], [ 45.896675110000047, -15.78450107499998 ], [ 45.897632599000076, -15.783593177999933 ], [ 45.898368506000054, -15.78014971999994 ], [ 45.894512177000081, -15.770745275999957 ], [ 45.904308319000052, -15.766096114999982 ], [ 45.904445648000035, -15.80174255299994 ], [ 45.912815095000042, -15.773953436999932 ], [ 45.965427399000077, -15.789357184999972 ], [ 45.951652527000078, -15.824282645999972 ], [ 45.970279694000055, -15.857699393999951 ], [ 45.966007232000038, -15.861198424999941 ], [ 46.028697968000074, -15.848109243999943 ], [ 46.036933899000076, -15.867393493999941 ], [ 46.057300568000073, -15.869556427999953 ], [ 46.065483093000068, -15.885996818999956 ], [ 46.062137604000043, -15.867324827999937 ], [ 46.09352874800004, -15.866209029999936 ], [ 46.034835815000065, -15.836654661999944 ], [ 46.067749024000079, -15.817084311999963 ], [ 46.103137970000034, -15.818995475999941 ], [ 46.113616944000057, -15.830149650999942 ], [ 46.105827332000047, -15.817331312999954 ], [ 46.081398011000033, -15.810986518999982 ], [ 46.082656861000032, -15.800472259999935 ], [ 46.085124969000049, -15.799722670999927 ], [ 46.085784914000044, -15.802246091999962 ], [ 46.089660646000027, -15.802758216999962 ], [ 46.088783264000028, -15.801569937999943 ], [ 46.085895539000035, -15.801880834999963 ], [ 46.086059570000032, -15.800380705999942 ], [ 46.085216522000053, -15.799357414999974 ], [ 46.083152772000062, -15.799503325999979 ], [ 46.080921173000036, -15.801350593999928 ], [ 46.080921173000036, -15.805646895999928 ], [ 46.076568603000055, -15.80710983299997 ], [ 46.065177918000074, -15.801025391999929 ], [ 46.092330933000028, -15.781785010999954 ], [ 46.102718353000057, -15.784399031999953 ], [ 46.10538482700008, -15.776445388999946 ], [ 46.059982300000058, -15.791768073999947 ], [ 46.032390594000049, -15.818410872999948 ], [ 46.008274079000046, -15.821665763999931 ], [ 46.005310060000056, -15.808938977999958 ], [ 46.063694, -15.746640204999949 ], [ 46.097473144000048, -15.722618102999945 ], [ 46.09066772500006, -15.721936225999968 ], [ 46.084140778000062, -15.730292319999933 ], [ 46.085746765000067, -15.725611685999979 ], [ 46.091636658000027, -15.719906805999926 ], [ 46.18642807100008, -15.705442428999959 ], [ 46.230899811000029, -15.717054365999957 ], [ 46.246513367000034, -15.75199794699995 ], [ 46.233898163000049, -15.778676032999954 ], [ 46.232414246000076, -15.819946287999926 ], [ 46.216449738000051, -15.826866149999944 ], [ 46.214824677000081, -15.816288947999965 ], [ 46.210254669000051, -15.823548316999961 ], [ 46.21575546300005, -15.827319142999954 ], [ 46.221786499000075, -15.826946258999953 ], [ 46.216579437000064, -15.835690496999973 ], [ 46.216041565000069, -15.847131728999955 ], [ 46.221923828000058, -15.841943740999966 ], [ 46.21904754600007, -15.834227561999967 ], [ 46.23060607900004, -15.82857704099996 ], [ 46.253707886000029, -15.847792624999954 ], [ 46.271713257000044, -15.898386954999978 ], [ 46.331256866000047, -15.998783110999966 ], [ 46.404979707000052, -16.033575058999929 ], [ 46.426002502000074, -16.029266356999926 ], [ 46.535346985000047, -16.061021803999949 ], [ 46.571926117000032, -16.055910110999946 ], [ 46.609385749000069, -16.122465932999944 ], [ 46.607244232000028, -16.112472198999967 ], [ 46.618007660000046, -16.100376128999926 ], [ 46.624744415000066, -16.07168960499996 ], [ 46.640201569000055, -16.053642271999934 ], [ 46.641510010000047, -16.037336348999929 ], [ 46.604248047000056, -16.013473510999972 ], [ 46.527885438000055, -15.98115444299998 ], [ 46.497356416000059, -15.938297271999943 ], [ 46.479873657000041, -15.921886441999959 ], [ 46.465335846000073, -15.919313430999978 ], [ 46.451473236000027, -15.881799696999963 ], [ 46.422992706000059, -15.860510823999959 ], [ 46.395641328000067, -15.855647086999966 ], [ 46.360992432000046, -15.834318159999953 ], [ 46.307239533000029, -15.832604406999963 ], [ 46.300598145000038, -15.805927277999956 ], [ 46.326774598000043, -15.798573492999935 ], [ 46.340541840000071, -15.767820356999948 ], [ 46.355499268000074, -15.754995344999941 ], [ 46.37659016200007, -15.761224432999938 ], [ 46.35781621600006, -15.750516857999969 ], [ 46.36520444100006, -15.752444221999951 ], [ 46.357958984000049, -15.746447979999971 ], [ 46.364847522000048, -15.746840590999966 ], [ 46.361992169000075, -15.742057873999954 ], [ 46.35139846900006, -15.739944457999968 ], [ 46.385216502000048, -15.740893822999965 ], [ 46.364723394000066, -15.728014988999973 ], [ 46.387774423000053, -15.722750431999941 ], [ 46.370017695000058, -15.721798645999968 ], [ 46.354873657000041, -15.729556082999977 ], [ 46.333965302000081, -15.71641158999995 ], [ 46.337455750000061, -15.725519177999956 ], [ 46.304248810000047, -15.728307723999933 ], [ 46.301498414000037, -15.711038586999962 ], [ 46.294639588000052, -15.711525915999971 ], [ 46.296817780000026, -15.710116385999982 ], [ 46.301994325000067, -15.709782597999947 ], [ 46.314544678000061, -15.70030021599996 ], [ 46.318000794000056, -15.694783210999958 ], [ 46.31737518400007, -15.690449714999943 ], [ 46.322097778000057, -15.692885398999977 ], [ 46.320972443000073, -15.690573689999951 ], [ 46.317184449000081, -15.688953399999946 ], [ 46.31668090800008, -15.696001052999975 ], [ 46.308471681000071, -15.70209407699997 ], [ 46.308212280000077, -15.701622008999948 ], [ 46.308815002000074, -15.700749396999981 ], [ 46.314617157000043, -15.695744513999955 ], [ 46.325248718000068, -15.664237973999946 ], [ 46.341678619000049, -15.639691352999932 ], [ 46.381938935000051, -15.595762253999965 ], [ 46.420646667000028, -15.564198493999982 ], [ 46.439105988000051, -15.573926925999956 ], [ 46.42668533300008, -15.561144828999943 ], [ 46.464294434000067, -15.515581131999966 ], [ 46.493286135000062, -15.509943961999966 ], [ 46.471736908000025, -15.522084233999976 ], [ 46.472824097000057, -15.534061430999941 ], [ 46.49053955100004, -15.55443954499998 ], [ 46.49061965900006, -15.548979757999973 ], [ 46.476791382000044, -15.530177114999958 ], [ 46.480266571000072, -15.526000022999938 ], [ 46.618026733000079, -15.426380157999972 ], [ 46.667442322000056, -15.408413886999938 ], [ 46.669578553000065, -15.413570402999937 ], [ 46.659267426000042, -15.415380475999939 ], [ 46.657787324000026, -15.43084907399998 ], [ 46.666435242000034, -15.438402174999965 ], [ 46.671890259000065, -15.431967733999954 ], [ 46.680850984000074, -15.446059226999978 ], [ 46.687938691000056, -15.444593428999951 ], [ 46.691928865000079, -15.435306548999961 ], [ 46.685249329000044, -15.44076442599993 ], [ 46.675231935000056, -15.429767607999963 ], [ 46.67473220800008, -15.401533125999947 ], [ 46.656360626000037, -15.399500844999977 ], [ 46.638477325000053, -15.413763044999939 ], [ 46.630941561000043, -15.410921812999959 ], [ 46.872154237000075, -15.229839324999944 ], [ 46.955146790000072, -15.199066160999962 ], [ 46.967655182000044, -15.226986884999974 ], [ 46.959152223000046, -15.244237899999973 ], [ 46.965843201000041, -15.282361030999937 ], [ 47.011592865000068, -15.309074401999965 ], [ 47.046916962000068, -15.316754340999978 ], [ 47.054370880000079, -15.339178083999968 ], [ 47.072120667000036, -15.339060782999979 ], [ 46.986255645000028, -15.431689260999974 ], [ 46.967956542000081, -15.484560011999974 ], [ 46.95136642500006, -15.505353927999977 ], [ 46.942489624000075, -15.560061453999936 ], [ 46.920455933000028, -15.571889875999943 ], [ 46.882770538000045, -15.610097884999959 ], [ 46.906425476000038, -15.594906806999973 ], [ 46.944343567000033, -15.592500686999927 ], [ 46.97089767600005, -15.514664649999929 ], [ 46.990726471000073, -15.490139007999971 ], [ 47.034160615000076, -15.549897192999936 ], [ 47.036762238000051, -15.568035125999927 ], [ 47.056259155000077, -15.537063598999964 ], [ 47.056728364000037, -15.486471175999952 ], [ 47.089172365000081, -15.506910323999932 ], [ 47.086082458000078, -15.479998588999933 ], [ 47.094593049000025, -15.484840391999967 ], [ 47.085868835000042, -15.46883487599996 ], [ 47.09212493900003, -15.453476904999945 ], [ 47.099021912000069, -15.463075636999974 ], [ 47.098526001000039, -15.449851035999927 ], [ 47.141681671000072, -15.45976924799993 ], [ 47.152044361000037, -15.481120902999976 ], [ 47.141053299000077, -15.509365324999976 ], [ 47.14364153300005, -15.532374240999957 ], [ 47.121978422000041, -15.562185363999959 ], [ 47.111980814000049, -15.614027263999958 ], [ 47.102678784000034, -15.622631573999968 ], [ 47.105872377000026, -15.633826064999937 ], [ 47.093081194000035, -15.643720820999931 ], [ 47.115098210000042, -15.654284226999948 ], [ 47.127354423000043, -15.672855970999933 ], [ 47.116836989000035, -15.687853341999983 ], [ 47.15888609700005, -15.753044424999928 ], [ 47.120959163000066, -15.762537505999944 ], [ 47.109052654000038, -15.774807692999957 ], [ 47.109395871000061, -15.791998655999976 ], [ 47.137011294000047, -15.809951772999966 ], [ 47.148683417000029, -15.846464985999944 ], [ 47.179478557000039, -15.862811904999944 ], [ 47.182648219000043, -15.890123831999972 ], [ 47.198499273000039, -15.908434744999965 ], [ 47.196816309000042, -15.924378009999941 ], [ 47.210333328000047, -15.94601210899998 ], [ 47.205091248000031, -15.963906799999961 ], [ 47.21846044800003, -15.982436400999973 ], [ 47.217177760000027, -15.989827267999942 ], [ 47.165737488000048, -15.984984304999955 ], [ 47.161245137000037, -16.009650260999933 ], [ 47.17453708100004, -16.02245402099993 ], [ 47.17240518400007, -16.044716251999944 ], [ 47.193315115000075, -16.046150592999936 ], [ 47.199003582000046, -16.078266601999928 ], [ 47.208911274000059, -16.090786664999939 ], [ 47.237038393000034, -16.089317170999948 ], [ 47.235010887000044, -16.100788794999971 ], [ 47.219848705000061, -16.114300832999959 ], [ 47.229075053000031, -16.124179283999979 ], [ 47.223861056000032, -16.138653049999959 ], [ 47.233431468000049, -16.149292768999942 ], [ 47.242175862000067, -16.139003302999981 ], [ 47.256786232000081, -16.142484348999972 ], [ 47.272430098000029, -16.156062316999964 ], [ 47.27721761500004, -16.171526022999956 ], [ 47.269032941000034, -16.184098053999946 ], [ 47.267615392000039, -16.218403232999947 ], [ 47.283801456000049, -16.249361878999935 ], [ 47.34883217600003, -16.253471271999956 ], [ 47.346358443000042, -16.287545583999929 ], [ 47.333007622000025, -16.303680096999926 ], [ 47.336778318000029, -16.319283722999955 ], [ 47.359742772000061, -16.323343845999943 ], [ 47.368816626000068, -16.317041093999933 ], [ 47.378578454000035, -16.327394083999934 ], [ 47.398208091000072, -16.321624115999953 ], [ 47.436386964000064, -16.36253800999998 ], [ 47.436199746000057, -16.38968145399997 ], [ 47.42578248600006, -16.417659797999931 ], [ 47.41116334700007, -16.421078097999953 ], [ 47.336258574000055, -16.339466007999931 ], [ 47.311167278000028, -16.339133282999967 ], [ 47.28902030100005, -16.380159231999926 ], [ 47.300882080000065, -16.393930988999955 ], [ 47.275703193000027, -16.39741877299997 ], [ 47.240941009000039, -16.42328161599994 ], [ 47.236084334000054, -16.462577086999943 ], [ 47.220029987000032, -16.466134544999932 ], [ 47.206895855000027, -16.458787020999978 ], [ 47.183850361000054, -16.482216603999973 ], [ 47.173060128000031, -16.479216798999971 ], [ 47.167888625000046, -16.485769670999957 ], [ 47.16466736700005, -16.501005710999948 ], [ 47.171262268000078, -16.519565615999966 ], [ 47.183640363000052, -16.527930867999942 ], [ 47.200465284000074, -16.525503362999928 ], [ 47.198489226000049, -16.534124912999971 ], [ 47.218195473000037, -16.548304198999972 ], [ 47.217663266000045, -16.570286013999976 ], [ 47.229234021000082, -16.561415242999942 ], [ 47.26846314800008, -16.58036545799996 ], [ 47.284870282000043, -16.595006764999937 ], [ 47.300265834000072, -16.59824271399998 ], [ 47.302647654000054, -16.612776774999929 ], [ 47.310021562000031, -16.595615979999934 ], [ 47.325037224000027, -16.599082335999981 ], [ 47.330544195000073, -16.621372557999962 ], [ 47.341996646000041, -16.626873409999973 ], [ 47.33541654000004, -16.638917893999974 ], [ 47.34261508000003, -16.653737830999944 ], [ 47.324302167000042, -16.690511095999966 ], [ 47.311297505000027, -16.692016684999942 ], [ 47.305443194000077, -16.708528712999964 ], [ 47.295810420000066, -16.699564874999965 ], [ 47.299780570000053, -16.689556704999973 ], [ 47.290289853000047, -16.657850233999966 ], [ 47.238680475000081, -16.647201962999929 ], [ 47.225832469000068, -16.619877514999928 ], [ 47.21800240400006, -16.622059724999929 ], [ 47.211782885000048, -16.612670782999942 ], [ 47.200229066000077, -16.60981800199994 ], [ 47.193902245000061, -16.62156710499994 ], [ 47.181573269000069, -16.623641341999928 ], [ 47.156319489000055, -16.602685876999942 ], [ 47.140363068000056, -16.608264951999956 ], [ 47.135154911000029, -16.591580859999965 ], [ 47.112468328000034, -16.584508984999957 ], [ 47.095899999000039, -16.566250003999983 ], [ 47.092949999000041, -16.578670004999935 ], [ 47.052413887000057, -16.561560217999954 ], [ 47.00228, -16.563820003999979 ], [ 46.963690315000065, -16.603479007999965 ], [ 46.949508528000081, -16.606876518999968 ], [ 46.944383047000031, -16.595909273999951 ], [ 46.924156448000076, -16.633116919999964 ], [ 46.909335058000067, -16.629146464999963 ], [ 46.895388822000029, -16.652143466999973 ], [ 46.859713001000046, -16.653416866999976 ], [ 46.81973705300004, -16.625488509999968 ], [ 46.78547410300007, -16.613231639999981 ], [ 46.757860722000032, -16.624046950999968 ], [ 46.72240860800008, -16.621400944999948 ], [ 46.695094426000026, -16.603385030999959 ], [ 46.67675833800007, -16.631616656999938 ], [ 46.676486763000071, -16.712169020999966 ], [ 46.655844658000035, -16.731586492999952 ], [ 46.661827404000064, -16.754005117999952 ], [ 46.653540164000049, -16.763356174999956 ], [ 46.657922265000082, -16.796175020999954 ], [ 46.617535098000076, -16.836519343999953 ], [ 46.632068107000066, -16.870563050999976 ], [ 46.624705653000035, -16.900492393999968 ], [ 46.591350050000074, -16.917178565999961 ], [ 46.599635262000049, -16.933723848999932 ], [ 46.595948003000046, -16.963309804999938 ], [ 46.557565932000045, -17.000770088999957 ], [ 46.536175283000034, -16.97933467799993 ], [ 46.514558098000066, -16.980921225999964 ], [ 46.511498095000036, -16.992986866999956 ], [ 46.491105831000027, -16.987005934999956 ], [ 46.484227504000046, -17.005438593999941 ], [ 46.468348806000051, -17.016407491999928 ], [ 46.460110624000038, -17.069284779999975 ], [ 46.46758778800006, -17.111957469999936 ], [ 46.477644588000032, -17.121437305999962 ], [ 46.451636467000071, -17.139269603999935 ], [ 46.46217310000003, -17.15087196099995 ], [ 46.456830343000036, -17.173158034999972 ], [ 46.449175565000075, -17.173177738999982 ], [ 46.45088977000006, -17.185589208999943 ], [ 46.433455146000028, -17.196900830999937 ], [ 46.418613433000075, -17.230423929999972 ], [ 46.364857027000028, -17.268867919999934 ], [ 46.339269959000035, -17.265130547999945 ], [ 46.290806060000079, -17.276646782999933 ], [ 46.300968533000059, -17.251844585999947 ], [ 46.305258374000061, -17.20351007599993 ], [ 46.274954266000066, -17.135104959999978 ], [ 46.274082975000056, -17.089695885999959 ], [ 46.235109520000037, -17.105103982999935 ], [ 46.213197294000054, -17.102701313999944 ], [ 46.181156314000077, -17.151781185999937 ], [ 46.17645549100007, -17.149714009999968 ], [ 46.166444984000066, -17.122452836999969 ], [ 46.168727863000072, -17.090159106999977 ], [ 46.160931545000039, -17.066364458999942 ], [ 46.133868304000032, -17.049825900999963 ], [ 46.125985806000074, -17.034718857999962 ], [ 46.128357553000058, -17.022196783999959 ], [ 46.119847758000049, -17.016846781999959 ], [ 46.133578054000054, -16.998482873999933 ], [ 46.124244754000074, -16.989875680999944 ], [ 46.118875640000056, -16.968106539999951 ], [ 46.108013206000066, -16.967392453999935 ], [ 46.118572423000046, -16.958364433999975 ], [ 46.115330604000064, -16.945324693999964 ], [ 46.102980543000058, -16.94295942399998 ], [ 46.109529482000028, -16.937945577999926 ], [ 46.099890423000033, -16.926098732999947 ], [ 46.106177966000075, -16.917992898999955 ], [ 46.06580427800003, -16.92203079899997 ], [ 46.068463376000068, -16.947829666999951 ], [ 46.046021974000041, -16.938839070999961 ], [ 46.038096182000061, -16.956737184999952 ], [ 46.021601916000066, -16.964330387999951 ], [ 46.018115235000039, -16.992321158999971 ], [ 45.988301129000035, -16.984298182999964 ], [ 45.949640245000069, -16.99819987199993 ], [ 45.927864022000051, -16.991197107999938 ], [ 45.890914320000036, -17.00054416699993 ], [ 45.773800980000033, -16.954853193999952 ], [ 45.67858534700008, -16.950611423999931 ], [ 45.672789935000026, -16.97654246299993 ], [ 45.679855871000029, -17.008763776999956 ], [ 45.67958982500005, -17.086812729999963 ], [ 45.665399228000069, -17.127934636999953 ], [ 45.637192023000068, -17.164031809999926 ], [ 45.616454590000046, -17.17814778199994 ], [ 45.62002435800008, -17.206557734999933 ], [ 45.612768652000057, -17.217385946999968 ], [ 45.639074920000041, -17.242837695999981 ], [ 45.659149999000078, -17.279730004999976 ], [ 45.652859575000036, -17.303232743999956 ], [ 45.602695790000041, -17.350710729999946 ], [ 45.570070915000031, -17.364793940999959 ] ] ] } },
{ "type": "Feature", "properties": { "ISO": "MDG-BON", "NAME_1": "Bongolava" }, "geometry": { "type": "Polygon", "coordinates": [ [ [ 45.804354224000065, -19.44067574099995 ], [ 45.816259443000035, -19.431608701999949 ], [ 45.822753542000044, -19.436431651999953 ], [ 45.817361288000029, -19.374315654999975 ], [ 45.828721844000029, -19.358125490999953 ], [ 45.817996041000072, -19.354372446999946 ], [ 45.831951594000031, -19.338391362999971 ], [ 45.819401460000051, -19.31924496399995 ], [ 45.822750405000079, -19.302153881999971 ], [ 45.813537255000028, -19.296180627999945 ], [ 45.810055929000043, -19.253319458999954 ], [ 45.80054724300004, -19.237528008999959 ], [ 45.801690854000071, -19.205645359999949 ], [ 45.792660718000036, -19.214883896999936 ], [ 45.783529840000028, -19.249033330999964 ], [ 45.78247385800006, -19.288338565999936 ], [ 45.773377831000062, -19.312232863999952 ], [ 45.75798, -19.309920001999956 ], [ 45.738238601000035, -19.320646919999945 ], [ 45.71393170500005, -19.321406604999936 ], [ 45.68246692300005, -19.312733654999931 ], [ 45.669961802000046, -19.292172678999975 ], [ 45.661854190000042, -19.29384743199995 ], [ 45.657297605000053, -19.305791408999937 ], [ 45.61064710100004, -19.275677329999951 ], [ 45.561329999000066, -19.279980002999935 ], [ 45.547320984000066, -19.271194728999944 ], [ 45.552840500000059, -19.200608814999953 ], [ 45.599063208000075, -19.164776372999938 ], [ 45.574939361000077, -19.134862657999975 ], [ 45.561818481000046, -19.129513015999976 ], [ 45.554335454000068, -19.11025030299993 ], [ 45.562805, -19.079427276999979 ], [ 45.590538843000047, -19.07846266699994 ], [ 45.593106292000073, -19.065167211999949 ], [ 45.584900343000072, -19.049129826999945 ], [ 45.58751017600008, -19.034498142999951 ], [ 45.562701792000041, -19.034186845999955 ], [ 45.544130685000027, -19.019750374999944 ], [ 45.547946700000068, -18.974491688999933 ], [ 45.525261154000077, -18.96227330399995 ], [ 45.500473189000047, -18.929195697999944 ], [ 45.485892325000066, -18.933544481999945 ], [ 45.476852425000061, -18.917043673999956 ], [ 45.48365758500006, -18.890001063999932 ], [ 45.505345910000074, -18.881875477999927 ], [ 45.512810988000069, -18.832356491999974 ], [ 45.488408887000048, -18.807317292999983 ], [ 45.476831086000061, -18.767326728999933 ], [ 45.482791492000047, -18.760711273999959 ], [ 45.469051795000041, -18.740765330999977 ], [ 45.46607262200007, -18.715610484999956 ], [ 45.47758125200005, -18.700333003999958 ], [ 45.486187881000035, -18.704547611999942 ], [ 45.503430673000025, -18.696078320999959 ], [ 45.507796948000077, -18.686471403999974 ], [ 45.498178004000067, -18.682417654999938 ], [ 45.51476642700004, -18.676636636999945 ], [ 45.51197191600005, -18.664655994999976 ], [ 45.531041006000066, -18.665175025999929 ], [ 45.531234691000066, -18.650345788999971 ], [ 45.543528476000063, -18.64970916599998 ], [ 45.541889081000079, -18.631522512999936 ], [ 45.554758754000034, -18.619343479999941 ], [ 45.568473311000048, -18.625672247999944 ], [ 45.576807391000045, -18.601787630999979 ], [ 45.590880097000081, -18.598550115999956 ], [ 45.589212996000072, -18.583996323999941 ], [ 45.597549171000026, -18.581101599999954 ], [ 45.596630333000064, -18.571399022999969 ], [ 45.606392302000074, -18.57331346899997 ], [ 45.598263341000063, -18.557328352999946 ], [ 45.594001328000047, -18.563673183999981 ], [ 45.579062917000044, -18.562220270999944 ], [ 45.584697286000051, -18.549921994999977 ], [ 45.591082049000079, -18.552245466999977 ], [ 45.589296008000076, -18.541301297999951 ], [ 45.595342638000034, -18.541647694999938 ], [ 45.589752473000033, -18.537691510999935 ], [ 45.598586565000062, -18.519392866999965 ], [ 45.589220021000074, -18.50219874499993 ], [ 45.598531949000062, -18.502402080999957 ], [ 45.584435172000042, -18.478372425999964 ], [ 45.592285016000062, -18.476765169999965 ], [ 45.585227262000046, -18.469980749999934 ], [ 45.591728643000067, -18.469246913999939 ], [ 45.590639022000062, -18.452002942999968 ], [ 45.583079411000028, -18.453978097999936 ], [ 45.582520705000036, -18.438160019999941 ], [ 45.563246049000043, -18.429311482999935 ], [ 45.588552752000055, -18.406134733999977 ], [ 45.587576422000041, -18.370020808999982 ], [ 45.578200138000057, -18.363486535999982 ], [ 45.555976732000033, -18.377804635999951 ], [ 45.512619999000037, -18.343020001999946 ], [ 45.50036669900004, -18.327547301999971 ], [ 45.507570058000056, -18.315870826999969 ], [ 45.488894081000069, -18.306739463999975 ], [ 45.499216573000069, -18.272013737999941 ], [ 45.486115736000045, -18.262717454999972 ], [ 45.485660542000062, -18.247842814999956 ], [ 45.512833184000044, -18.235155758999952 ], [ 45.532874797000034, -18.251406691999932 ], [ 45.550326806000044, -18.249924676999967 ], [ 45.551999721000072, -18.23762409699998 ], [ 45.573834117000047, -18.218099388999974 ], [ 45.590849374000072, -18.214994515999933 ], [ 45.601763066000046, -18.191557280999973 ], [ 45.60276891400008, -18.147018216999982 ], [ 45.617332001000079, -18.129241416999946 ], [ 45.614359749000073, -18.119316552999976 ], [ 45.631719489000034, -18.112573766999958 ], [ 45.629259141000034, -18.103503169999954 ], [ 45.644562142000041, -18.105568005999942 ], [ 45.652349491000052, -18.09287386699998 ], [ 45.664271514000063, -18.098376732999952 ], [ 45.659712429000081, -18.092449047999935 ], [ 45.668481101000054, -18.088590490999934 ], [ 45.661666600000046, -18.086441954999941 ], [ 45.673551958000076, -18.085738763999927 ], [ 45.676480197000046, -18.07698092399994 ], [ 45.684863748000055, -18.086965094999982 ], [ 45.699458624000044, -18.076290787999937 ], [ 45.700381854000057, -18.081848971999932 ], [ 45.723852793000049, -18.082588120999958 ], [ 45.719173113000068, -18.077787145999935 ], [ 45.725350204000051, -18.07130352799993 ], [ 45.732587366000075, -18.079717234999976 ], [ 45.745859175000078, -18.076335210999957 ], [ 45.75392396500007, -18.065295202999948 ], [ 45.766760336000061, -18.073779385999956 ], [ 45.769371675000059, -18.053202640999928 ], [ 45.776216027000032, -18.050743977999957 ], [ 45.770489135000048, -18.045107414999961 ], [ 45.789503407000041, -18.045448313999941 ], [ 45.79383107600006, -18.032149506999929 ], [ 45.800848940000037, -18.038681062999956 ], [ 45.795149563000052, -18.023701121999977 ], [ 45.806908515000032, -18.014110813999935 ], [ 45.813258881000081, -18.022599983999953 ], [ 45.816861808000056, -18.016966934999971 ], [ 45.830119797000066, -18.019862301999979 ], [ 45.842263762000073, -17.997989072999928 ], [ 45.860003457000062, -17.999681432999978 ], [ 45.860175064000032, -18.009110445999966 ], [ 45.892651042000068, -18.013758060999976 ], [ 45.886076335000041, -17.994167219999952 ], [ 45.899282756000048, -17.995734003999928 ], [ 45.919178038000041, -17.973288096999966 ], [ 45.930450367000049, -17.971704277999947 ], [ 45.93635600600004, -17.956977153999958 ], [ 45.929711349000058, -17.952137212999958 ], [ 45.945995253000035, -17.929498581999951 ], [ 45.945824343000027, -17.904709013999934 ], [ 45.952228064000053, -17.899728127999936 ], [ 45.94459716700004, -17.884962654999981 ], [ 45.988139745000069, -17.90050212999995 ], [ 46.015998714000034, -17.925601762999975 ], [ 46.088900040000055, -17.931161861999954 ], [ 46.104668023000045, -17.923954454999944 ], [ 46.142171733000055, -17.931281367999929 ], [ 46.151802280000027, -17.943230729999982 ], [ 46.172187368000039, -17.914465517999929 ], [ 46.175088925000068, -17.87815537299997 ], [ 46.180167246000053, -17.87993754699994 ], [ 46.188316418000056, -17.863521211999966 ], [ 46.203571854000074, -17.862353092999967 ], [ 46.208560393000027, -17.844128221999938 ], [ 46.234338196000067, -17.875755473999959 ], [ 46.235869845000082, -17.862158458999943 ], [ 46.249178577000066, -17.854029002999937 ], [ 46.258044910000081, -17.861346432999937 ], [ 46.268918024000072, -17.840544744999931 ], [ 46.281589433000079, -17.839741151999931 ], [ 46.299041714000055, -17.821948654999971 ], [ 46.315976677000037, -17.822329150999963 ], [ 46.323389461000033, -17.833039928999938 ], [ 46.352107828000044, -17.832813650999981 ], [ 46.351706448000073, -17.803468478999946 ], [ 46.367153371000029, -17.803701519999947 ], [ 46.369524756000033, -17.793092659999957 ], [ 46.390391172000079, -17.780516310999928 ], [ 46.398393705000046, -17.766123814999958 ], [ 46.410327967000057, -17.77177149399995 ], [ 46.423772855000038, -17.760519526999929 ], [ 46.42924903800008, -17.768718427999943 ], [ 46.437241984000082, -17.767660501999956 ], [ 46.458606332000045, -17.73879399499998 ], [ 46.484266123000054, -17.763022706999948 ], [ 46.494397958000036, -17.759310328999959 ], [ 46.520179447000032, -17.779713971999968 ], [ 46.506092724000041, -17.779829856999982 ], [ 46.499101618000054, -17.787661492999973 ], [ 46.49799061300007, -17.820362775999968 ], [ 46.520643958000051, -17.829305262999981 ], [ 46.549453430000028, -17.866159151999966 ], [ 46.548844065000026, -17.880659647999948 ], [ 46.569070984000064, -17.925129934999973 ], [ 46.606869179000057, -17.976608759999976 ], [ 46.606149392000077, -17.987156330999937 ], [ 46.620888742000034, -18.009784164999928 ], [ 46.616462876000071, -18.022198076999928 ], [ 46.625841514000058, -18.025645871999927 ], [ 46.628906862000065, -18.043432541999948 ], [ 46.637380212000039, -18.045295400999976 ], [ 46.640743969000027, -18.088516990999949 ], [ 46.63484621300006, -18.098691034999945 ], [ 46.648318783000036, -18.105786447999947 ], [ 46.644388153000079, -18.150741773999982 ], [ 46.654134192000072, -18.167842964999977 ], [ 46.656337730000075, -18.206708706999962 ], [ 46.708527554000057, -18.306564458999958 ], [ 46.750701651000043, -18.354612332999977 ], [ 46.756711006000046, -18.372341182999946 ], [ 46.75133835500003, -18.391157395999983 ], [ 46.793608452000058, -18.407282868999971 ], [ 46.802441797000029, -18.438455030999933 ], [ 46.81651695100004, -18.456996475999972 ], [ 46.822775193000041, -18.443528524999977 ], [ 46.84586347700008, -18.458293417999982 ], [ 46.859402014000068, -18.452595592999955 ], [ 46.87323654000005, -18.462924116999943 ], [ 46.884061984000027, -18.45960692899996 ], [ 46.910621553000055, -18.481447887999934 ], [ 46.916049276000081, -18.470771549999938 ], [ 46.92741260400004, -18.472481332999962 ], [ 46.935318739000081, -18.499515008999936 ], [ 46.956976303000033, -18.497678866999934 ], [ 46.956824033000032, -18.515299630999948 ], [ 46.976781041000038, -18.570811582999966 ], [ 47.00422381900006, -18.602254630999937 ], [ 47.009354521000034, -18.59705142699994 ], [ 47.021348863000071, -18.60443044799996 ], [ 47.049115845000074, -18.68506889899993 ], [ 47.092035165000027, -18.710569776999932 ], [ 47.086794212000029, -18.729826900999967 ], [ 47.027970873000072, -18.733496015999947 ], [ 47.018469373000073, -18.726875489999941 ], [ 47.00354870700005, -18.729732654999964 ], [ 46.987531731000047, -18.745659939999939 ], [ 46.928200400000037, -18.727594710999938 ], [ 46.918067301000065, -18.740145767999934 ], [ 46.877908808000029, -18.698357658999953 ], [ 46.858984605000046, -18.691900515999976 ], [ 46.84429312900005, -18.705724457999963 ], [ 46.828209496000056, -18.701959520999935 ], [ 46.781957839000029, -18.717198125999971 ], [ 46.717614218000051, -18.664707018999934 ], [ 46.673822089000055, -18.665814731999944 ], [ 46.626468909000039, -18.680534162999948 ], [ 46.56796098600006, -18.679671221999968 ], [ 46.546359496000036, -18.673528995999959 ], [ 46.54123934100005, -18.657933526999955 ], [ 46.500542822000057, -18.645872333999932 ], [ 46.504342611000027, -18.655733066999971 ], [ 46.529939139000078, -18.672470138999927 ], [ 46.533903667000061, -18.709427131999973 ], [ 46.527754641000058, -18.727506299999959 ], [ 46.533506498000065, -18.742932779999933 ], [ 46.524013724000042, -18.743450953999968 ], [ 46.523893179000027, -18.754130422999935 ], [ 46.531472997000037, -18.759693551999931 ], [ 46.531131090000031, -18.776239321999981 ], [ 46.540574194000044, -18.784177769999928 ], [ 46.552751665000073, -18.780723447999947 ], [ 46.564810338000029, -18.796199652999974 ], [ 46.561331288000076, -18.819082582999954 ], [ 46.569145316000061, -18.826782779999974 ], [ 46.556238411000038, -18.833205038999949 ], [ 46.563099565000073, -18.839546310999935 ], [ 46.56020589700006, -18.848443509999981 ], [ 46.54844862300007, -18.856493693999937 ], [ 46.557896867000068, -18.887707500999966 ], [ 46.541991692000067, -18.896975680999958 ], [ 46.529200210000056, -18.934608245999982 ], [ 46.521782318000078, -18.933644634999951 ], [ 46.509897413000033, -18.947324037999977 ], [ 46.523579461000054, -18.966882892999934 ], [ 46.509805473000029, -18.972241362999966 ], [ 46.488897930000064, -18.95197242699993 ], [ 46.485859993000076, -18.979981745999964 ], [ 46.50456375300007, -18.987597143999949 ], [ 46.499588321000033, -18.99261204499993 ], [ 46.509646928000052, -18.997646723999935 ], [ 46.548219116000041, -19.000205874999949 ], [ 46.559430057000043, -19.023135784999965 ], [ 46.546411913000043, -19.031523924999931 ], [ 46.55077, -19.06053000199995 ], [ 46.575543474000028, -19.062525144999938 ], [ 46.555380959000047, -19.10536985899995 ], [ 46.534316035000074, -19.110047733999977 ], [ 46.506150005000052, -19.086555363999935 ], [ 46.452667655000027, -19.083307502999958 ], [ 46.443685063000032, -19.089430519999951 ], [ 46.44192036100003, -19.102102010999943 ], [ 46.424171963000049, -19.101658752999981 ], [ 46.414262240000028, -19.124216522999973 ], [ 46.395340930000032, -19.133524254999941 ], [ 46.397850411000036, -19.147125449999976 ], [ 46.369311347000064, -19.156510429999969 ], [ 46.356238785000073, -19.177052965999962 ], [ 46.354844264000064, -19.195308290999947 ], [ 46.339088884000034, -19.19096215899998 ], [ 46.335483672000066, -19.200310460999958 ], [ 46.343925005000074, -19.219850871999938 ], [ 46.31302299500004, -19.231302408999966 ], [ 46.324526583000079, -19.235607540999979 ], [ 46.318667524000034, -19.246687693999945 ], [ 46.305781542000034, -19.251933144999953 ], [ 46.297797136000042, -19.244820295999943 ], [ 46.288591193000059, -19.252727328999981 ], [ 46.290160752000077, -19.264600480999945 ], [ 46.303581282000039, -19.265072216999954 ], [ 46.32230688900006, -19.281998391999934 ], [ 46.30917443900006, -19.293776871999967 ], [ 46.303581664000035, -19.290149102999976 ], [ 46.302335938000056, -19.296696464999968 ], [ 46.270793021000031, -19.304944139999975 ], [ 46.259036364000053, -19.321177803999944 ], [ 46.260802354000077, -19.342513830999962 ], [ 46.229420847000029, -19.351236881999966 ], [ 46.223760827000035, -19.36683495799997 ], [ 46.211741266000047, -19.371669052999948 ], [ 46.186353036000071, -19.357367519999968 ], [ 46.184593998000025, -19.375091948999966 ], [ 46.173328749000063, -19.379486747999977 ], [ 46.16310839700003, -19.402026087999957 ], [ 46.143833297000072, -19.410777983999935 ], [ 46.145161655000038, -19.427014411999949 ], [ 46.129386465000039, -19.442199262999964 ], [ 46.113816635000035, -19.443516259999967 ], [ 46.096773196000072, -19.426913252999952 ], [ 46.05849562700007, -19.425150047999978 ], [ 46.03034094700007, -19.41516669799995 ], [ 46.030690390000075, -19.407841466999969 ], [ 46.012075183000036, -19.413299359999939 ], [ 46.003353416000039, -19.404924738999966 ], [ 45.978169456000046, -19.427707054999928 ], [ 45.960784996000029, -19.415906093999979 ], [ 45.947934543000031, -19.418450190999977 ], [ 45.938016299000026, -19.436745835999943 ], [ 45.92210940800004, -19.440626349999945 ], [ 45.912446005000049, -19.452954969999951 ], [ 45.89033801800008, -19.416817166999977 ], [ 45.844089079000071, -19.450788812999974 ], [ 45.81852862900007, -19.450822267999968 ], [ 45.810617998000055, -19.45743529799995 ], [ 45.804354224000065, -19.44067574099995 ] ] ] } },
{ "type": "Feature", "properties": { "ISO": "MDG-DIA", "NAME_1": "Diana" }, "geometry": { "type": "MultiPolygon", "coordinates": [ [ [ [ 48.808883737000031, -14.26535092599994 ], [ 48.783199122000042, -14.251824131999967 ], [ 48.775771, -14.224469333999934 ], [ 48.764128515000039, -14.220915163999962 ], [ 48.757724795000058, -14.208557307999968 ], [ 48.746916939000073, -14.21310127199996 ], [ 48.736466793000034, -14.204724402999943 ], [ 48.725208811000073, -14.207484004999969 ], [ 48.696928441000068, -14.237467985999956 ], [ 48.679818840000053, -14.241009714999961 ], [ 48.64065709700003, -14.23032178699998 ], [ 48.55425, -14.227620004999949 ], [ 48.515960095000025, -14.216226788999961 ], [ 48.501833504000047, -14.195116739999946 ], [ 48.487298703000079, -14.191015848999939 ], [ 48.461781410000071, -14.167964330999951 ], [ 48.377546399000039, -14.167039173999967 ], [ 48.365430786000047, -14.112881443999981 ], [ 48.338251791000062, -14.121552700999928 ], [ 48.312473109000052, -14.084858881999935 ], [ 48.311986985000033, -14.00290124299994 ], [ 48.325336715000049, -13.970640768999942 ], [ 48.313514194000049, -13.918805623999958 ], [ 48.266645672000038, -13.880326468999954 ], [ 48.246959453000045, -13.873601141999927 ], [ 48.196135110000057, -13.894715908999956 ], [ 48.175190504000057, -13.911413434999929 ], [ 48.162255577000053, -13.910880567999982 ], [ 48.098344735000069, -13.96901926399994 ], [ 48.09303843400005, -13.963221175999934 ], [ 48.073281633000079, -13.966716218999977 ], [ 48.078834997000058, -13.976497441999982 ], [ 48.070770752000044, -13.980917132999934 ], [ 48.086972978000063, -13.998512553999944 ], [ 48.072505979000027, -13.999998126999969 ], [ 48.073645891000069, -14.015621400999976 ], [ 48.027662221000071, -14.028343934999953 ], [ 48.03216171300005, -14.049913405999973 ], [ 48.026981354000043, -14.059107779999977 ], [ 48.002584640000066, -14.066105190999963 ], [ 47.966393037000046, -14.048330616999976 ], [ 47.949713016000032, -14.024958359999971 ], [ 47.924300373000051, -14.01439355399998 ], [ 47.922396804000073, -14.003543212999944 ], [ 47.976077443000065, -14.001068571999951 ], [ 47.982454400000051, -13.983460560999958 ], [ 47.992477417000032, -13.977889059999939 ], [ 48.005202047000068, -13.995429247999937 ], [ 48.003060532000063, -13.976869453999939 ], [ 48.018051135000064, -13.979248913999982 ], [ 48.01626654100005, -13.972824371999934 ], [ 48.028520765000053, -13.971277719999932 ], [ 48.013637543000073, -13.969577786999935 ], [ 48.007462535000059, -13.960451171999978 ], [ 48.014006054000049, -13.954026628999941 ], [ 48.002298548000056, -13.952060563999964 ], [ 48.022728404000077, -13.947022484999934 ], [ 48.009366103000048, -13.944508783999936 ], [ 47.991520146000028, -13.954264573999978 ], [ 47.984695436000038, -13.948740958999963 ], [ 47.986423492000029, -13.927903173999937 ], [ 48.004035950000059, -13.924813270999948 ], [ 48.004524233000041, -13.917417525999952 ], [ 48.002712249000069, -13.924300193999954 ], [ 47.98935318000008, -13.919631002999949 ], [ 47.974819183000079, -13.932303426999965 ], [ 47.957260132000044, -13.935366630999965 ], [ 47.952442169000051, -13.92164134899997 ], [ 47.917297364000035, -13.91610050099996 ], [ 47.892856599000027, -13.899753569999973 ], [ 47.872367861000043, -13.828049660999966 ], [ 47.876094819000059, -13.810472488999949 ], [ 47.88116455100004, -13.821660041999962 ], [ 47.893619537000063, -13.825895309999964 ], [ 47.894741058000079, -13.79656982299997 ], [ 47.885688782000045, -13.799864767999964 ], [ 47.884605409000073, -13.815523146999965 ], [ 47.882431030000077, -13.808281896999972 ], [ 47.870338441000058, -13.805385589999958 ], [ 47.85853577000006, -13.763532639999937 ], [ 47.880802157000062, -13.71599578799993 ], [ 47.904232025000056, -13.717924116999939 ], [ 47.915802002000078, -13.733345031999932 ], [ 47.92454910400005, -13.708831785999962 ], [ 47.92506790200008, -13.681134223999948 ], [ 47.923088075000067, -13.684130668999956 ], [ 47.92368698100006, -13.699275016999934 ], [ 47.915756226000042, -13.700842856999941 ], [ 47.914096832000041, -13.710132598999962 ], [ 47.901603699000077, -13.70358562399997 ], [ 47.901420593000068, -13.711193084999934 ], [ 47.885189056000058, -13.711077688999978 ], [ 47.878021241000056, -13.704583168999932 ], [ 47.894134521000069, -13.592387198999972 ], [ 47.911285399000064, -13.58860683499995 ], [ 47.932308198000044, -13.59819602999994 ], [ 47.948905945000035, -13.59397697299994 ], [ 47.969882966000057, -13.617399216999956 ], [ 47.962627411000028, -13.597211837999964 ], [ 47.951389315000029, -13.592132568999943 ], [ 47.952358246000074, -13.578013418999944 ], [ 47.936843872000054, -13.573959350999928 ], [ 47.952747346000081, -13.56098461199997 ], [ 47.95716858000003, -13.547893522999971 ], [ 47.950653076000037, -13.54252147699998 ], [ 47.971946716000048, -13.503500937999945 ], [ 48.003520966000053, -13.53261089199998 ], [ 47.974971770000082, -13.541978835999942 ], [ 47.966129303000059, -13.555505752999977 ], [ 47.983016968000072, -13.570555686999967 ], [ 47.985805510000034, -13.564322472999947 ], [ 47.995861054000045, -13.568085669999959 ], [ 47.993915559000072, -13.557245254999941 ], [ 48.003326417000039, -13.554381370999977 ], [ 48.000366213000063, -13.569131849999962 ], [ 47.993186953000077, -13.57029437999995 ], [ 47.998130798000034, -13.576498031999961 ], [ 47.986011506000068, -13.591123578999941 ], [ 47.994163514000036, -13.593543053999952 ], [ 48.003097535000052, -13.585326194999936 ], [ 48.006904602000077, -13.590585708999981 ], [ 48.01460647600004, -13.581562041999973 ], [ 48.022220613000059, -13.586342810999952 ], [ 48.018470764000028, -13.581315040999982 ], [ 48.028728486000034, -13.577668187999961 ], [ 48.024604797000052, -13.571543692999967 ], [ 48.034049989000039, -13.572204589999956 ], [ 48.03852463000004, -13.563515661999929 ], [ 48.052936554000041, -13.575358390999952 ], [ 48.057964326000047, -13.563893317999941 ], [ 48.041309356000056, -13.550872802999947 ], [ 48.044250489000035, -13.546725271999946 ], [ 48.016021729000045, -13.536000251999951 ], [ 48.015220643000077, -13.528841971999952 ], [ 48.035511018000079, -13.523446082999953 ], [ 48.051162720000036, -13.529778480999937 ], [ 48.062984468000082, -13.525803566999969 ], [ 48.068244934000063, -13.55412864699997 ], [ 48.08835601800007, -13.575735091999945 ], [ 48.07859039300007, -13.579815864999944 ], [ 48.071052551000037, -13.573103903999936 ], [ 48.065032958000074, -13.581755637999947 ], [ 48.079704287000027, -13.583293914999956 ], [ 48.080509186000029, -13.596629142999973 ], [ 48.084300996000081, -13.581889154999942 ], [ 48.092639924000025, -13.58570289599993 ], [ 48.081310272000053, -13.601043700999981 ], [ 48.08728790300006, -13.598680496999975 ], [ 48.088256837000074, -13.606575011999951 ], [ 48.070705413000042, -13.618453025999941 ], [ 48.072509766000053, -13.627310752999961 ], [ 48.075519562000068, -13.616758346999973 ], [ 48.09766006600006, -13.612165450999953 ], [ 48.094272615000079, -13.601640699999962 ], [ 48.101299286000028, -13.598483085999931 ], [ 48.095420838000052, -13.597115516999963 ], [ 48.104549409000072, -13.589720726999929 ], [ 48.112125396000067, -13.589987755999971 ], [ 48.112487793000071, -13.605391501999975 ], [ 48.125427247000061, -13.598989485999937 ], [ 48.14643097000004, -13.601377485999933 ], [ 48.134334564000028, -13.615350722999949 ], [ 48.14171981800007, -13.616666792999979 ], [ 48.137386322000054, -13.638097761999973 ], [ 48.147445681000079, -13.629069327999957 ], [ 48.152324677000081, -13.634455680999963 ], [ 48.13924789400005, -13.666585921999967 ], [ 48.156455993000066, -13.668618201999948 ], [ 48.164146423000034, -13.681202887999973 ], [ 48.163909912000065, -13.724477767999929 ], [ 48.186027527000078, -13.730930327999943 ], [ 48.175933838000049, -13.746801374999961 ], [ 48.174442292000037, -13.736570356999948 ], [ 48.169837953000069, -13.743972775999964 ], [ 48.165173209000045, -13.739566288999981 ], [ 48.168599633000042, -13.755461086999958 ], [ 48.202693346000046, -13.776736176999975 ], [ 48.225016654000058, -13.809689005999928 ], [ 48.243141174000073, -13.814550399999973 ], [ 48.252429962000065, -13.806827544999976 ], [ 48.263302182000075, -13.817327072999944 ], [ 48.263682896000034, -13.810950117999937 ], [ 48.301374156000065, -13.798040528999934 ], [ 48.310654053000064, -13.782514545999959 ], [ 48.320689132000041, -13.789536866999981 ], [ 48.323967137000068, -13.782264703999942 ], [ 48.319327190000081, -13.787725566999939 ], [ 48.312331572000062, -13.77605430999995 ], [ 48.328642778000074, -13.768951619999939 ], [ 48.32871416100005, -13.762134463999928 ], [ 48.319665287000078, -13.769147407999981 ], [ 48.312421332000042, -13.754662766999957 ], [ 48.325359122000066, -13.752604721999944 ], [ 48.331462439000063, -13.743253440999979 ], [ 48.328143090000026, -13.744966652999949 ], [ 48.323895752000055, -13.752105035999932 ], [ 48.309476220000079, -13.746108793999952 ], [ 48.324466825000059, -13.736257823999949 ], [ 48.311766169000066, -13.733063044999938 ], [ 48.313445160000072, -13.721836505999931 ], [ 48.322410969000032, -13.724463432999926 ], [ 48.323324684000056, -13.715440514999955 ], [ 48.314815732000056, -13.715726049999944 ], [ 48.316700264000076, -13.704133316999958 ], [ 48.327322179000078, -13.702248783999949 ], [ 48.318706513000052, -13.701831818999949 ], [ 48.321628092000026, -13.696381683999959 ], [ 48.344616460000054, -13.690789995999978 ], [ 48.315148503000046, -13.692422045999933 ], [ 48.316471835000073, -13.678720673999976 ], [ 48.327922821000072, -13.674936293999963 ], [ 48.320298010000045, -13.669869078999966 ], [ 48.327265071000056, -13.658390557999951 ], [ 48.315272586000049, -13.65764816799998 ], [ 48.321603480000078, -13.65375884599996 ], [ 48.319041654000046, -13.645541467999976 ], [ 48.328191247000063, -13.645756286999926 ], [ 48.31864190500005, -13.642057937999937 ], [ 48.330163731000027, -13.619806646999962 ], [ 48.336974647000034, -13.627025900999968 ], [ 48.339681575000043, -13.618950041999938 ], [ 48.348342812000055, -13.621329500999934 ], [ 48.340791907000039, -13.597700894999946 ], [ 48.354303361000063, -13.605018295999969 ], [ 48.353767983000068, -13.599426561999962 ], [ 48.32894897500006, -13.579272269999933 ], [ 48.322855221000054, -13.565464857999928 ], [ 48.326877594000052, -13.551294326999937 ], [ 48.340847016000055, -13.547999380999954 ], [ 48.353885652000031, -13.534192085999962 ], [ 48.375649985000052, -13.573569906999978 ], [ 48.372037687000045, -13.595843584999955 ], [ 48.387917021000078, -13.589115108999977 ], [ 48.385347204000027, -13.587116361999961 ], [ 48.376995295000029, -13.588900955999975 ], [ 48.382920156000068, -13.570769463999966 ], [ 48.392699739000079, -13.58204810999996 ], [ 48.378351589000033, -13.558634212999948 ], [ 48.391785561000063, -13.560959509999975 ], [ 48.382563235000077, -13.554922253999962 ], [ 48.403461787000026, -13.550430165999956 ], [ 48.391997639000067, -13.549263798999959 ], [ 48.391891882000039, -13.542234794999956 ], [ 48.408047261000036, -13.53593415499995 ], [ 48.404906374000063, -13.542073164999977 ], [ 48.416613323000036, -13.528938538999967 ], [ 48.430629731000067, -13.535785673999953 ], [ 48.426749825000059, -13.540859637999972 ], [ 48.432817450000073, -13.53957472999997 ], [ 48.432877775000065, -13.53480559299993 ], [ 48.439956665000068, -13.542724607999958 ], [ 48.445899963000045, -13.559019087999957 ], [ 48.44131212700006, -13.573482049999939 ], [ 48.456573878000029, -13.552745116999972 ], [ 48.448856355000032, -13.54866790799997 ], [ 48.445381005000058, -13.524084440999957 ], [ 48.452637788000061, -13.529741211999976 ], [ 48.456466861000081, -13.524159658999963 ], [ 48.457330330000048, -13.537917962999927 ], [ 48.461870669000064, -13.523013681999942 ], [ 48.469508739000048, -13.521800155999927 ], [ 48.467743728000073, -13.526868408999974 ], [ 48.474148688000071, -13.521086317999959 ], [ 48.480083466000053, -13.534278868999934 ], [ 48.487742597000079, -13.530209371999945 ], [ 48.480083468000032, -13.516532896999934 ], [ 48.491352191000033, -13.517588511999975 ], [ 48.49765777600004, -13.531320570999981 ], [ 48.487106323000035, -13.551483153999982 ], [ 48.490465565000079, -13.566790769999955 ], [ 48.504486817000043, -13.533887818999972 ], [ 48.517215729000043, -13.546097753999959 ], [ 48.51076859300008, -13.557206535999967 ], [ 48.511339664000047, -13.565582239999969 ], [ 48.512957699000026, -13.56234617299998 ], [ 48.512005915000032, -13.556349930999943 ], [ 48.520286438000028, -13.556159573999935 ], [ 48.519977108000035, -13.537861518999932 ], [ 48.529328390000046, -13.540859638999962 ], [ 48.527637482000046, -13.535558700999957 ], [ 48.522546927000064, -13.530865902999949 ], [ 48.533083822000037, -13.533515481999927 ], [ 48.548784577000049, -13.52509682799996 ], [ 48.547816803000046, -13.520015559999933 ], [ 48.52575919700007, -13.527011175999974 ], [ 48.517147548000025, -13.515095888999952 ], [ 48.517917991000047, -13.499475098999937 ], [ 48.506556949000071, -13.492152071999953 ], [ 48.504184723000037, -13.466594695999959 ], [ 48.476116180000076, -13.428373335999936 ], [ 48.47797012400008, -13.410943031999977 ], [ 48.468379976000051, -13.39497757099997 ], [ 48.47190856900005, -13.36834239999996 ], [ 48.472805023000035, -13.382674215999941 ], [ 48.480869293000069, -13.378248214999928 ], [ 48.479812624000033, -13.374612807999938 ], [ 48.492671963000078, -13.374560354999971 ], [ 48.489299774000074, -13.388628959999949 ], [ 48.508586884000067, -13.391986846999941 ], [ 48.505329132000043, -13.40635967299994 ], [ 48.519105614000068, -13.409340030999942 ], [ 48.542551803000038, -13.435919438999974 ], [ 48.58162896500005, -13.452771967999979 ], [ 48.58631820800008, -13.463816510999948 ], [ 48.60426934000003, -13.448969569999974 ], [ 48.650969692000047, -13.45265901099998 ], [ 48.63977765900006, -13.475251516999947 ], [ 48.647757420000062, -13.479190001999939 ], [ 48.657156292000082, -13.472111102999975 ], [ 48.649542015000065, -13.472705969999936 ], [ 48.646565410000051, -13.478565035999964 ], [ 48.641199100000051, -13.474224094999954 ], [ 48.656501939000066, -13.458548176999955 ], [ 48.657160016000034, -13.449688218999938 ], [ 48.662985974000037, -13.453313360999971 ], [ 48.666261736000081, -13.438787814999955 ], [ 48.674764302000028, -13.449208790999933 ], [ 48.700540426000032, -13.44209365699993 ], [ 48.722056089000034, -13.425116749999972 ], [ 48.736213882000072, -13.432255131999966 ], [ 48.737820018000036, -13.419227583999941 ], [ 48.747988126000052, -13.412164701999927 ], [ 48.761257709000063, -13.410780496999962 ], [ 48.762566413000059, -13.418097339999974 ], [ 48.764469983000026, -13.414290201999961 ], [ 48.762506926000071, -13.403761085999975 ], [ 48.785286608000035, -13.376323535999973 ], [ 48.810215119000077, -13.373006553999971 ], [ 48.806764902000054, -13.365630223999972 ], [ 48.78142364100006, -13.355398540999943 ], [ 48.779282126000055, -13.340348451999944 ], [ 48.791774298000064, -13.33755258399998 ], [ 48.774701664000077, -13.337731042999962 ], [ 48.796890137000048, -13.309950836999974 ], [ 48.79189327000006, -13.29769661399996 ], [ 48.802812393000067, -13.290846049999971 ], [ 48.798341887000049, -13.285949528999936 ], [ 48.803969034000033, -13.279731682999966 ], [ 48.812001760000044, -13.280766355999958 ], [ 48.814855069000032, -13.268072322999956 ], [ 48.828025818000071, -13.276929855999981 ], [ 48.840555645000052, -13.26750952499998 ], [ 48.849259843000027, -13.276840607999929 ], [ 48.862741721000077, -13.265573889999928 ], [ 48.851498769000045, -13.268191294999951 ], [ 48.849369049000074, -13.274672507999981 ], [ 48.840824128000065, -13.265475270999957 ], [ 48.83127335000006, -13.270630242999971 ], [ 48.818775178000067, -13.251111030999937 ], [ 48.826216996000028, -13.243801820999977 ], [ 48.817597646000081, -13.248104167999941 ], [ 48.817432404000044, -13.25551414499995 ], [ 48.807359766000047, -13.25361709799995 ], [ 48.804801847000078, -13.241005952999956 ], [ 48.819435532000057, -13.230119919999936 ], [ 48.826573916000029, -13.23327270599998 ], [ 48.819782257000043, -13.228501319999964 ], [ 48.80799102800006, -13.234620092999933 ], [ 48.802190279000058, -13.230152231999966 ], [ 48.804088007000075, -13.215724181999974 ], [ 48.813784316000067, -13.211203204999947 ], [ 48.79877471900005, -13.207981109999935 ], [ 48.797901410000065, -13.197997197999939 ], [ 48.805396712000061, -13.198532575999934 ], [ 48.800338875000079, -13.185112506999928 ], [ 48.811166904000061, -13.186635269999954 ], [ 48.815925826000068, -13.182887617999938 ], [ 48.809798714000067, -13.18485067499995 ], [ 48.801470601000062, -13.169622123999943 ], [ 48.823480614000061, -13.170038529999943 ], [ 48.817472476000034, -13.165933958999972 ], [ 48.810119629000042, -13.168075474999966 ], [ 48.813267515000064, -13.161379262999958 ], [ 48.804920819000074, -13.148028515999954 ], [ 48.822350372000074, -13.146303405999959 ], [ 48.810218076000069, -13.139948710999931 ], [ 48.807240793000062, -13.125959014999978 ], [ 48.821755506000045, -13.123758012999929 ], [ 48.814617122000072, -13.11382376399996 ], [ 48.824967779000076, -13.102402351999956 ], [ 48.821933966000074, -13.093955262999941 ], [ 48.835266113000046, -13.091444969999941 ], [ 48.835556380000071, -13.099784943999964 ], [ 48.837995327000044, -13.08985069299996 ], [ 48.830039978000059, -13.087359427999957 ], [ 48.82966721300005, -13.07468162999993 ], [ 48.843289627000047, -13.068673488999934 ], [ 48.83834297900006, -13.059181654999975 ], [ 48.854532581000058, -13.040060471999936 ], [ 48.863455559000045, -13.041904554999974 ], [ 48.866251426000076, -13.020727351999938 ], [ 48.882669709000027, -13.028282141999966 ], [ 48.874239444000068, -13.010963196999967 ], [ 48.880596162000074, -12.996995924999965 ], [ 48.889961243000073, -12.998338697999941 ], [ 48.886997222000048, -13.007297513999958 ], [ 48.888534545000027, -13.011303903999931 ], [ 48.902606964000029, -13.010853765999968 ], [ 48.888233186000036, -13.007133482999961 ], [ 48.893505096000069, -13.000391005999973 ], [ 48.888690948000033, -12.984478950999971 ], [ 48.900108337000063, -12.969964980999976 ], [ 48.90798187300004, -12.975261686999943 ], [ 48.902645111000027, -12.985207557999956 ], [ 48.908809662000067, -12.988986967999949 ], [ 48.908378601000038, -12.993992803999959 ], [ 48.912124634000065, -12.997308729999929 ], [ 48.914962771000035, -12.994893073999947 ], [ 48.910800933000075, -12.996048925999958 ], [ 48.910137177000081, -12.98799228699994 ], [ 48.904830934000074, -12.986500740999929 ], [ 48.909606934000067, -12.979903220999972 ], [ 48.90947342000004, -12.972856522999962 ], [ 48.92622375600007, -12.967539785999975 ], [ 48.933761597000057, -12.981232641999952 ], [ 48.94383239900003, -12.978879928999959 ], [ 48.937419891000047, -12.976382254999976 ], [ 48.933502197000053, -12.97959136999998 ], [ 48.92801666400004, -12.966085432999932 ], [ 48.911376953000058, -12.968622207999942 ], [ 48.907310487000075, -12.95890331399994 ], [ 48.912681581000072, -12.942580223999926 ], [ 48.926410675000056, -12.943922996999959 ], [ 48.917793274000076, -12.942728995999971 ], [ 48.91917419400005, -12.933625221999932 ], [ 48.940551758000026, -12.932450292999931 ], [ 48.924324037000076, -12.926405907999936 ], [ 48.93873977700008, -12.888322830999982 ], [ 48.954738617000032, -12.890042304999952 ], [ 48.961742401000038, -12.886158942999941 ], [ 48.969322205000026, -12.893740653999942 ], [ 48.962871552000081, -12.88325881999998 ], [ 48.950489044000051, -12.887964247999946 ], [ 48.939182281000058, -12.874965667999959 ], [ 48.95075988800005, -12.825684545999934 ], [ 48.933460237000077, -12.807993888999931 ], [ 48.933158874000071, -12.790427206999937 ], [ 48.926860810000051, -12.793234823999967 ], [ 48.921928406000063, -12.780108451999979 ], [ 48.900150300000064, -12.76762580999997 ], [ 48.898025514000039, -12.713523864999956 ], [ 48.887100220000036, -12.700245855999981 ], [ 48.896488190000071, -12.693789480999953 ], [ 48.893756866000047, -12.676698683999973 ], [ 48.898540498000045, -12.676357267999947 ], [ 48.889255524000077, -12.670688627999937 ], [ 48.888683320000041, -12.660548208999955 ], [ 48.853164674000027, -12.665861129999939 ], [ 48.851112367000042, -12.643358230999979 ], [ 48.861595155000032, -12.637105940999959 ], [ 48.872314453000058, -12.61429119099995 ], [ 48.86872100800008, -12.609386443999938 ], [ 48.856620789000033, -12.620993613999929 ], [ 48.853080750000061, -12.616797445999964 ], [ 48.862888337000072, -12.580286979999926 ], [ 48.883213044000058, -12.565982817999952 ], [ 48.880325317000029, -12.546937942999932 ], [ 48.890678406000063, -12.552005767999958 ], [ 48.891769411000041, -12.541706083999941 ], [ 48.885013580000077, -12.538328169999943 ], [ 48.870517731000064, -12.549526213999968 ], [ 48.864906311000027, -12.543041228999982 ], [ 48.833679199000073, -12.560969352999962 ], [ 48.834442139000032, -12.570751189999953 ], [ 48.825016022000057, -12.569116591999943 ], [ 48.819404603000066, -12.561160085999973 ], [ 48.825450897000053, -12.551024436999967 ], [ 48.822631836000028, -12.530486105999955 ], [ 48.804054260000044, -12.502357482999969 ], [ 48.782539368000073, -12.496901511999965 ], [ 48.78467941200006, -12.486347197999976 ], [ 48.773777008000081, -12.48067283499995 ], [ 48.778514862000065, -12.469367981999937 ], [ 48.772865295000031, -12.440196989999947 ], [ 48.762088775000052, -12.439707755999962 ], [ 48.759124756000062, -12.467725753999957 ], [ 48.738830566000047, -12.44731044699995 ], [ 48.724033356000064, -12.449098584999945 ], [ 48.720066072000066, -12.443409919999965 ], [ 48.743621826000037, -12.428888320999931 ], [ 48.741302490000066, -12.404806135999934 ], [ 48.761974335000048, -12.394652366999935 ], [ 48.782855988000051, -12.411571501999958 ], [ 48.803150177000077, -12.408068656999944 ], [ 48.851543426000035, -12.416456221999965 ], [ 48.862548828000058, -12.431892395999967 ], [ 48.861289978000059, -12.447231291999969 ], [ 48.887519836000081, -12.474527358999978 ], [ 48.888710022000055, -12.489368438999975 ], [ 48.898803712000074, -12.497617720999926 ], [ 48.894332886000029, -12.511016844999972 ], [ 48.908023835000051, -12.508180616999937 ], [ 48.914894104000041, -12.493484495999951 ], [ 48.939071657000056, -12.491254806999962 ], [ 48.953792573000044, -12.406404493999958 ], [ 48.966518403000066, -12.393414496999981 ], [ 48.963241577000076, -12.377509116999931 ], [ 48.953144074000079, -12.371970175999934 ], [ 48.966388702000074, -12.360025405999977 ], [ 48.972095491000061, -12.34238529199996 ], [ 48.987247467000032, -12.333126068999945 ], [ 48.994651794000049, -12.33619022299996 ], [ 48.996803284000066, -12.327922819999969 ], [ 49.010379792000037, -12.33874988599996 ], [ 49.017532349000078, -12.331689834999963 ], [ 49.014129639000032, -12.313977240999975 ], [ 49.024803163000058, -12.306983947999981 ], [ 49.035400391000053, -12.314350131999959 ], [ 49.054939270000034, -12.291554450999968 ], [ 49.058879852000075, -12.314481734999958 ], [ 49.084358216000055, -12.314692495999964 ], [ 49.084213257000044, -12.300344465999956 ], [ 49.094402313000046, -12.288297652999972 ], [ 49.088092804000041, -12.280059813999969 ], [ 49.089885712000068, -12.260022163999963 ], [ 49.100410461000081, -12.267189978999966 ], [ 49.114616394000052, -12.251412390999974 ], [ 49.121093749000067, -12.268385885999976 ], [ 49.143131256000061, -12.269785880999962 ], [ 49.157455445000039, -12.236643790999949 ], [ 49.143829347000064, -12.209449767999956 ], [ 49.15132522600004, -12.196021078999934 ], [ 49.158920288000047, -12.195635795999976 ], [ 49.157947540000066, -12.178951262999931 ], [ 49.172405246000039, -12.160895348999929 ], [ 49.174552917000028, -12.172203062999927 ], [ 49.191665649000072, -12.167567251999969 ], [ 49.188037873000042, -12.159674643999949 ], [ 49.196273804000043, -12.145479201999933 ], [ 49.187454225000067, -12.141366004999952 ], [ 49.183288576000052, -12.141836165999962 ], [ 49.172966003000056, -12.125158308999971 ], [ 49.156322480000028, -12.143461225999943 ], [ 49.14937210100004, -12.140336035999951 ], [ 49.148681642000042, -12.133140562999927 ], [ 49.16301345800008, -12.122914313999956 ], [ 49.154102326000043, -12.116890905999981 ], [ 49.151042938000046, -12.122092246999955 ], [ 49.142566681000062, -12.102226255999938 ], [ 49.117252350000058, -12.113951682999982 ], [ 49.086563111000032, -12.111656188999973 ], [ 49.086696626000048, -12.102934837999953 ], [ 49.109996797000065, -12.083073615999979 ], [ 49.130359650000059, -12.07910919099993 ], [ 49.143981935000056, -12.085397719999946 ], [ 49.137039187000028, -12.077975271999946 ], [ 49.147403717000032, -12.057749746999946 ], [ 49.151588440000069, -12.069135665999966 ], [ 49.158988953000062, -12.065852164999967 ], [ 49.161907195000026, -12.073903081999958 ], [ 49.170951843000068, -12.073874472999933 ], [ 49.166519166000057, -12.087863920999951 ], [ 49.17671585100004, -12.086427688999947 ], [ 49.174530030000028, -12.09735965699997 ], [ 49.184566499000027, -12.096556663999934 ], [ 49.189563751000037, -12.115974424999933 ], [ 49.20351028400006, -12.097799299999963 ], [ 49.217674255000077, -12.115686417999939 ], [ 49.213481903000059, -12.083309173999965 ], [ 49.201545715000066, -12.086195944999929 ], [ 49.205223083000078, -12.079907416999959 ], [ 49.193485262000081, -12.06741619099995 ], [ 49.199043274000076, -12.044493673999966 ], [ 49.191150664000077, -12.040406226999949 ], [ 49.183273316000054, -12.05091380999994 ], [ 49.182922363000046, -12.043756483999971 ], [ 49.165489197000056, -12.050176619999945 ], [ 49.163257599000076, -12.041237830999933 ], [ 49.17795181300005, -12.03790283099994 ], [ 49.184028626000043, -12.012433051999949 ], [ 49.184009552000077, -12.02877521399995 ], [ 49.189743042000032, -12.023545264999939 ], [ 49.195186615000068, -12.032951353999977 ], [ 49.205402374000073, -12.025982857999963 ], [ 49.210891724000078, -12.029932975999941 ], [ 49.206829072000062, -12.014408111999956 ], [ 49.199535370000035, -12.019042967999951 ], [ 49.189308168000082, -12.009613036999951 ], [ 49.199844360000043, -11.995855331999962 ], [ 49.219654084000069, -12.023790358999975 ], [ 49.232959747000052, -12.001277923999965 ], [ 49.223808290000079, -11.991312980999965 ], [ 49.205810547000056, -11.997438429999931 ], [ 49.205081940000071, -11.990593909999973 ], [ 49.241786957000045, -11.962071416999947 ], [ 49.244880677000026, -11.952392577999944 ], [ 49.27202987700008, -11.95404624899993 ], [ 49.278331757000046, -11.965929030999973 ], [ 49.269371033000027, -11.969444274999944 ], [ 49.276191711000081, -11.974465368999972 ], [ 49.283840180000027, -11.965881347999982 ], [ 49.28876113900003, -11.973474502999977 ], [ 49.293560028000059, -11.969895361999932 ], [ 49.305202484000063, -11.992424964999941 ], [ 49.292171480000036, -12.000703811999927 ], [ 49.312744139000074, -12.009561537999957 ], [ 49.315032959000064, -12.033273695999981 ], [ 49.306995392000033, -12.037161825999931 ], [ 49.319839478000063, -12.03467464299996 ], [ 49.32735443100006, -12.050155637999978 ], [ 49.315605165000079, -12.059813497999926 ], [ 49.338283539000031, -12.06091022499993 ], [ 49.342773437000062, -12.08909988399995 ], [ 49.359633976000055, -12.108271842999955 ], [ 49.345306397000058, -12.110307692999982 ], [ 49.348819733000028, -12.11709785499994 ], [ 49.339210510000044, -12.137169836999931 ], [ 49.351905823000038, -12.156100271999946 ], [ 49.356510162000063, -12.18792915299997 ], [ 49.368698120000033, -12.211349485999961 ], [ 49.356479646000025, -12.210097313999938 ], [ 49.332099915000072, -12.170961378999948 ], [ 49.313743591000048, -12.162406920999956 ], [ 49.297054291000052, -12.17528533899997 ], [ 49.303527832000043, -12.194162368999969 ], [ 49.300571443000081, -12.213339804999976 ], [ 49.290203095000038, -12.189482687999941 ], [ 49.279407501000037, -12.186131476999947 ], [ 49.27549743700007, -12.194555282999943 ], [ 49.272327423000036, -12.181947707999939 ], [ 49.260753632000046, -12.181464194999933 ], [ 49.253147125000055, -12.155750274999946 ], [ 49.256916047000061, -12.147388456999977 ], [ 49.245983124000077, -12.148711204999927 ], [ 49.222553253000058, -12.179809568999929 ], [ 49.226436615000068, -12.19472789799994 ], [ 49.240989685000045, -12.193685530999971 ], [ 49.240470886000026, -12.204441070999962 ], [ 49.216728210000042, -12.224300384999935 ], [ 49.215858461000039, -12.236762045999967 ], [ 49.234809873000074, -12.233121873999949 ], [ 49.236068726000042, -12.239324567999972 ], [ 49.244148254000038, -12.232242584999938 ], [ 49.256610870000031, -12.242204665999964 ], [ 49.280986788000064, -12.241146088999926 ], [ 49.282932281000058, -12.258217810999952 ], [ 49.273448944000052, -12.257329939999977 ], [ 49.264968873000043, -12.278544425999939 ], [ 49.253677368000069, -12.282589911999935 ], [ 49.252716064000026, -12.294004438999934 ], [ 49.234203340000079, -12.278198240999927 ], [ 49.221801759000073, -12.251823423999952 ], [ 49.208278656000061, -12.253167151999946 ], [ 49.208301543000061, -12.269120215999976 ], [ 49.202758790000075, -12.263342856999941 ], [ 49.198234558000081, -12.268706321999957 ], [ 49.206157683000072, -12.279462811999963 ], [ 49.194522858000028, -12.28776931799996 ], [ 49.193168640000067, -12.30148982999998 ], [ 49.219051362000073, -12.321432114999936 ], [ 49.236019135000049, -12.300031661999981 ], [ 49.267921449000028, -12.300845144999926 ], [ 49.276165009000067, -12.280984878999959 ], [ 49.285160065000071, -12.281524657999967 ], [ 49.288562775000059, -12.267218588999981 ], [ 49.298107146000063, -12.267137525999942 ], [ 49.296245575000057, -12.275479315999974 ], [ 49.309375763000048, -12.27415180099996 ], [ 49.314311982000049, -12.285500524999975 ], [ 49.301418304000038, -12.301292418999935 ], [ 49.303356171000075, -12.30988216399993 ], [ 49.341701508000028, -12.311316489999967 ], [ 49.35346221900005, -12.298559188999945 ], [ 49.356994630000031, -12.281532287999937 ], [ 49.342487336000033, -12.269248008999966 ], [ 49.338142395000034, -12.253741263999927 ], [ 49.357040405000077, -12.229433058999973 ], [ 49.395755768000072, -12.255577086999949 ], [ 49.392822266000053, -12.274994848999938 ], [ 49.399784088000047, -12.273662566999974 ], [ 49.402301787000056, -12.284615516999963 ], [ 49.397167206000063, -12.28234004899997 ], [ 49.396762848000037, -12.292709348999949 ], [ 49.412574767000081, -12.309037208999939 ], [ 49.408515930000078, -12.320832252999935 ], [ 49.415454865000072, -12.343171119999965 ], [ 49.425415039000029, -12.347102163999978 ], [ 49.426521303000072, -12.338644980999959 ], [ 49.440887452000027, -12.361194610999974 ], [ 49.440448761000027, -12.382287978999955 ], [ 49.451427461000037, -12.380012510999961 ], [ 49.460872650000056, -12.365763662999939 ], [ 49.471080782000058, -12.368216514999972 ], [ 49.468898774000081, -12.36209964699998 ], [ 49.477130891000058, -12.356550216999949 ], [ 49.495338441000058, -12.355255127999953 ], [ 49.500453949000075, -12.363159179999968 ], [ 49.513233184000057, -12.357286452999972 ], [ 49.537982942000042, -12.392737387999944 ], [ 49.528831481000054, -12.408631323999941 ], [ 49.538703918000067, -12.422986029999947 ], [ 49.527736664000031, -12.431203840999956 ], [ 49.504165649000072, -12.397270202999948 ], [ 49.474449158000027, -12.424115180999934 ], [ 49.485527042000058, -12.431707381999956 ], [ 49.51441574100005, -12.425199508999981 ], [ 49.521194458000082, -12.433721542999933 ], [ 49.514492036000036, -12.448207853999975 ], [ 49.516681670000025, -12.466628075999949 ], [ 49.531951904000039, -12.471516607999945 ], [ 49.542640686000027, -12.466413496999962 ], [ 49.528106689000026, -12.458282469999972 ], [ 49.53055954000007, -12.446638106999956 ], [ 49.54530715900006, -12.455178259999968 ], [ 49.545608521000077, -12.448848722999969 ], [ 49.560569763000046, -12.46929073299998 ], [ 49.547515869000051, -12.440924643999949 ], [ 49.556564330000072, -12.427591323999934 ], [ 49.586658478000061, -12.532686233999982 ], [ 49.586063385000045, -12.544793127999981 ], [ 49.560935973000028, -12.545966147999934 ], [ 49.552349091000053, -12.491995810999981 ], [ 49.541294100000073, -12.493162154999936 ], [ 49.550781250000057, -12.557828902999972 ], [ 49.562252045000037, -12.57697391499994 ], [ 49.557529449000072, -12.61276817199996 ], [ 49.545074464000038, -12.630650518999971 ], [ 49.541530609000063, -12.654916760999981 ], [ 49.560131073000036, -12.649913787999935 ], [ 49.555347444000063, -12.662632941999959 ], [ 49.564521790000072, -12.654789926999968 ], [ 49.561340332000043, -12.667887687999951 ], [ 49.566974640000069, -12.670855521999954 ], [ 49.577709198000036, -12.656774519999942 ], [ 49.586063385000045, -12.663585662999935 ], [ 49.601909637000063, -12.660334586999966 ], [ 49.639030457000047, -12.705922125999962 ], [ 49.646892548000039, -12.743282318999945 ], [ 49.66632080100004, -12.777024267999934 ], [ 49.631645787000082, -12.816638547999958 ], [ 49.613281484000026, -12.797483181999951 ], [ 49.573075136000057, -12.811553166999943 ], [ 49.553138022000041, -12.853123445999927 ], [ 49.524813541000071, -12.84785171599998 ], [ 49.514654439000026, -12.867876072999934 ], [ 49.524499563000063, -12.889255755999955 ], [ 49.49017832800007, -12.922619735999945 ], [ 49.473980001000029, -12.950150004999955 ], [ 49.49461417100008, -12.964643518999935 ], [ 49.467748347000054, -13.017194468999946 ], [ 49.474589368000068, -13.045006415999978 ], [ 49.471262212000056, -13.06743884499997 ], [ 49.464695701000039, -13.083100969999975 ], [ 49.44385167400003, -13.08370390999994 ], [ 49.430639739000071, -13.109674225999981 ], [ 49.415322254000046, -13.109928898999954 ], [ 49.411284165000041, -13.123660235999978 ], [ 49.42002020700005, -13.129055474999973 ], [ 49.411262973000078, -13.14606749099994 ], [ 49.424488135000047, -13.160075628999948 ], [ 49.420504702000073, -13.169750411999928 ], [ 49.44358335700008, -13.179663976999962 ], [ 49.447139243000038, -13.196706442999982 ], [ 49.45297701800007, -13.195930953999948 ], [ 49.44712147000007, -13.204342458999974 ], [ 49.448981045000039, -13.22872489699995 ], [ 49.437867122000057, -13.231407587999968 ], [ 49.438196537000067, -13.255410278999932 ], [ 49.405803720000051, -13.289757452999936 ], [ 49.425457087000041, -13.336449253999945 ], [ 49.417431872000066, -13.348268788999974 ], [ 49.397315728000081, -13.344388846999948 ], [ 49.372419946000036, -13.370667416999936 ], [ 49.356391733000066, -13.370482487999936 ], [ 49.349456652000072, -13.387954701999945 ], [ 49.337293923000061, -13.396763582999938 ], [ 49.329252656000051, -13.392631128999938 ], [ 49.32562908400007, -13.402829962999931 ], [ 49.342599491000044, -13.456888144999937 ], [ 49.333935292000035, -13.472829241999932 ], [ 49.347601143000077, -13.502490761999979 ], [ 49.358293920000051, -13.505222231999937 ], [ 49.346612886000059, -13.538032933999943 ], [ 49.36779897100007, -13.551873757999942 ], [ 49.36419997400003, -13.558826242999942 ], [ 49.375119446000042, -13.570415715999957 ], [ 49.374899811000034, -13.597206411999935 ], [ 49.382761874000039, -13.606600942999933 ], [ 49.360333339000078, -13.619474318999949 ], [ 49.356800652000061, -13.629701515999955 ], [ 49.369796258000065, -13.642772690999948 ], [ 49.378964687000064, -13.668209568999941 ], [ 49.411486941000078, -13.680844621999938 ], [ 49.400912479000056, -13.712126400999978 ], [ 49.397333751000076, -13.777189773999964 ], [ 49.38197226300008, -13.80388195699993 ], [ 49.386846682000055, -13.812386070999935 ], [ 49.382793648000074, -13.833619084999953 ], [ 49.338482597000052, -13.891520544999935 ], [ 49.341663058000051, -13.90651050699995 ], [ 49.331669849000036, -13.93648067099997 ], [ 49.345544658000051, -13.949124079999933 ], [ 49.341306180000061, -13.957751678999955 ], [ 49.331906946000061, -13.962764354999933 ], [ 49.319144553000058, -13.990809138999964 ], [ 49.273885816000075, -13.986481717999936 ], [ 49.26513286800008, -13.99805062799993 ], [ 49.254613105000033, -13.994500547999962 ], [ 49.243571563000046, -14.005075076999958 ], [ 49.223761351000064, -14.007684372999961 ], [ 49.21247625400008, -14.023846584999944 ], [ 49.217714063000074, -14.038991879999969 ], [ 49.199182705000055, -14.061917093999966 ], [ 49.199881774000062, -14.083217567999952 ], [ 49.18912031900004, -14.112617959999966 ], [ 49.160001519000048, -14.124276324999926 ], [ 49.161371479000081, -14.134246485999938 ], [ 49.148446820000061, -14.154426409999928 ], [ 49.152433376000033, -14.182148932999951 ], [ 49.146024389000047, -14.194714660999978 ], [ 49.123957494000081, -14.205861318999951 ], [ 49.106491796000057, -14.193195509999953 ], [ 49.081685423000067, -14.206952690999969 ], [ 49.053278239000065, -14.186074060999943 ], [ 49.029946626000026, -14.184801042999936 ], [ 48.987493652000069, -14.156284180999933 ], [ 48.979355920000046, -14.164763042999937 ], [ 48.97270166900006, -14.145973449999929 ], [ 48.932058844000039, -14.163784502999931 ], [ 48.911864842000057, -14.193071012999951 ], [ 48.897513097000058, -14.196528300999944 ], [ 48.882812779000062, -14.217253340999946 ], [ 48.83781751600003, -14.237199674999943 ], [ 48.821092754000063, -14.260165886999971 ], [ 48.808883737000031, -14.26535092599994 ] ] ], [ [ [ 48.31895828200004, -13.424848556999962 ], [ 48.310634614000037, -13.42340373899998 ], [ 48.298210143000063, -13.398059844999977 ], [ 48.29104232800006, -13.408116339999935 ], [ 48.282920837000063, -13.397265433999962 ], [ 48.284309387000064, -13.403449057999978 ], [ 48.274250031000065, -13.402048110999942 ], [ 48.280292511000027, -13.407653808999953 ], [ 48.269134521000069, -13.402510642999971 ], [ 48.261302948000036, -13.416107176999958 ], [ 48.252315521000071, -13.413910864999934 ], [ 48.253040314000032, -13.403868674999956 ], [ 48.231163026000047, -13.397958754999934 ], [ 48.231822969000063, -13.384119984999927 ], [ 48.208477019000043, -13.388841627999966 ], [ 48.215675354000041, -13.394562719999954 ], [ 48.211135864000028, -13.405125617999943 ], [ 48.187873841000055, -13.374710083999958 ], [ 48.182643890000065, -13.302766799999972 ], [ 48.198593140000071, -13.292941092999968 ], [ 48.202438354000037, -13.280615806999947 ], [ 48.172557831000063, -13.253653525999937 ], [ 48.195907592000026, -13.250922202999959 ], [ 48.217060088000039, -13.282002447999957 ], [ 48.223129272000051, -13.27420043799998 ], [ 48.241046906000065, -13.279922484999929 ], [ 48.256881715000077, -13.274691580999956 ], [ 48.26231765700004, -13.263016698999934 ], [ 48.244976044000055, -13.212097167999957 ], [ 48.266822815000069, -13.199757575999968 ], [ 48.276428223000039, -13.199222563999967 ], [ 48.269699097000057, -13.204074858999945 ], [ 48.274818420000031, -13.20939636199995 ], [ 48.277580261000026, -13.202197074999958 ], [ 48.285690307000039, -13.203106878999961 ], [ 48.286941528000057, -13.21389198299994 ], [ 48.303642273000037, -13.201375961999929 ], [ 48.313121796000075, -13.229783056999963 ], [ 48.303260803000057, -13.228801726999961 ], [ 48.307746887000064, -13.241041182999936 ], [ 48.296150208000029, -13.24530219899998 ], [ 48.294143677000079, -13.256719588999943 ], [ 48.302165984000055, -13.267248152999969 ], [ 48.288963318000071, -13.269923209999945 ], [ 48.29015731800007, -13.276468276999935 ], [ 48.307289124000079, -13.277321813999947 ], [ 48.311328888000048, -13.285688400999959 ], [ 48.326126099000078, -13.264267921999931 ], [ 48.329074861000038, -13.29016113299997 ], [ 48.319580078000058, -13.313023566999959 ], [ 48.339050293000071, -13.31211471599994 ], [ 48.345394135000049, -13.319224357999929 ], [ 48.345836641000062, -13.348268507999933 ], [ 48.338565829000061, -13.349116324999954 ], [ 48.326328278000062, -13.331827163999947 ], [ 48.309791566000058, -13.364143371999944 ], [ 48.316936493000071, -13.36516761799993 ], [ 48.317333221000069, -13.377774238999962 ], [ 48.326759337000055, -13.372744560999934 ], [ 48.340457917000037, -13.388263703999939 ], [ 48.348953248000043, -13.381587981999928 ], [ 48.359821320000037, -13.41045761099997 ], [ 48.342769623000038, -13.405284880999943 ], [ 48.31895828200004, -13.424848556999962 ] ] ] ] } },
{ "type": "Feature", "properties": { "ISO": "MDG-FIT", "NAME_1": "Fitovinany" }, "geometry": { "type": "Polygon", "coordinates": [ [ [ 47.707142564000037, -22.503156120999961 ], [ 47.691341027000078, -22.493231234999939 ], [ 47.69193000100006, -22.476200000999938 ], [ 47.658107166000036, -22.443892842999958 ], [ 47.63248346000006, -22.456400629999962 ], [ 47.615307072000064, -22.451349102999927 ], [ 47.613119353000059, -22.441617066999981 ], [ 47.582807307000053, -22.438340164999943 ], [ 47.578712601000063, -22.443767501999957 ], [ 47.570380525000076, -22.432303314999956 ], [ 47.54979220000007, -22.434421010999927 ], [ 47.546888094000053, -22.430111236999949 ], [ 47.560909270000082, -22.422726672999943 ], [ 47.544868767000025, -22.405097102999946 ], [ 47.519304303000069, -22.405254525999965 ], [ 47.500143027000036, -22.381506062999961 ], [ 47.493669999000076, -22.383930001999943 ], [ 47.461881339000058, -22.361033149999969 ], [ 47.450845335000054, -22.365872858999978 ], [ 47.44387000100005, -22.35235000199998 ], [ 47.433168975000058, -22.350265797999953 ], [ 47.429179999000041, -22.344470000999934 ], [ 47.44226992800003, -22.313678289999928 ], [ 47.434205266000049, -22.303661498999929 ], [ 47.423653291000051, -22.30390263399994 ], [ 47.41664202000004, -22.27462892799997 ], [ 47.432541994000076, -22.243753398999957 ], [ 47.404086329000052, -22.240434902999937 ], [ 47.4048, -22.262000001999979 ], [ 47.39072150800007, -22.256994143999975 ], [ 47.393015352000077, -22.282869718999962 ], [ 47.387772697000059, -22.305227225999943 ], [ 47.37838769800004, -22.304015006999975 ], [ 47.381679333000079, -22.317810574999953 ], [ 47.374583790000031, -22.326928138999961 ], [ 47.367450054000074, -22.326104808999958 ], [ 47.365364502000034, -22.31614224499998 ], [ 47.34345679300003, -22.324207505999937 ], [ 47.298851705000061, -22.321458876999941 ], [ 47.296160075000046, -22.305288984999947 ], [ 47.283761421000065, -22.29838246199995 ], [ 47.272897689000047, -22.268212106999954 ], [ 47.283514591000028, -22.260209138999983 ], [ 47.281206482000073, -22.251940200999968 ], [ 47.249026041000036, -22.241991654999936 ], [ 47.245801498000048, -22.226745749999964 ], [ 47.222790346000068, -22.223498396999958 ], [ 47.218936564000046, -22.21504751599997 ], [ 47.189685492000081, -22.212090684999964 ], [ 47.190341816000057, -22.196524241999953 ], [ 47.167690439000069, -22.189917270999956 ], [ 47.154208341000071, -22.195071270999961 ], [ 47.146462255000074, -22.186591485999941 ], [ 47.136391465000031, -22.188992450999933 ], [ 47.134299569000063, -22.178979464999941 ], [ 47.122935592000033, -22.185028742999975 ], [ 47.122141846000034, -22.16197522899995 ], [ 47.099440881000078, -22.150214768999945 ], [ 47.094863183000029, -22.136212038999929 ], [ 47.108534907000035, -22.117128583999943 ], [ 47.107651550000071, -22.089582009999958 ], [ 47.13526121600006, -22.091955149999933 ], [ 47.155686425000056, -22.083685327999945 ], [ 47.18014542700007, -22.032646660999944 ], [ 47.214367228000071, -22.063508329999934 ], [ 47.256143845000054, -22.07663453899994 ], [ 47.28932284800004, -22.017381502999967 ], [ 47.288488093000069, -22.004255293999961 ], [ 47.307127024000067, -22.003996928999982 ], [ 47.32108901600003, -21.986753037999961 ], [ 47.322046543000056, -21.963467265999952 ], [ 47.309791214000029, -21.957755861999942 ], [ 47.294295498000054, -21.934170751999943 ], [ 47.24264090500003, -21.903821838999932 ], [ 47.258460786000057, -21.895638820999977 ], [ 47.26498317800008, -21.866280143999973 ], [ 47.282218318000048, -21.858305228999939 ], [ 47.282897346000027, -21.848752932999957 ], [ 47.294493483000053, -21.847438058999956 ], [ 47.301470313000038, -21.833250267999972 ], [ 47.327280918000042, -21.839515138999957 ], [ 47.334797742000035, -21.815496879999955 ], [ 47.347323751000033, -21.812193905999948 ], [ 47.353605413000025, -21.784276935999969 ], [ 47.368545530000063, -21.770141384999931 ], [ 47.364050142000053, -21.749797481999963 ], [ 47.380427711000038, -21.74434483899995 ], [ 47.389786978000075, -21.729565864999927 ], [ 47.380659953000077, -21.71536868499993 ], [ 47.389609336000035, -21.704570373999957 ], [ 47.383561917000065, -21.696446998999932 ], [ 47.397292361000041, -21.687634529999968 ], [ 47.386350321000066, -21.674320691999981 ], [ 47.397997203000045, -21.641234395999959 ], [ 47.382243877000064, -21.617115873999978 ], [ 47.367665625000029, -21.619492842999932 ], [ 47.361187241000039, -21.609573852999972 ], [ 47.374702128000081, -21.591782477999971 ], [ 47.402933333000078, -21.582250001999967 ], [ 47.410157076000075, -21.570666976999973 ], [ 47.410615858000028, -21.542481221999935 ], [ 47.421838033000029, -21.51623352699994 ], [ 47.403172932000075, -21.493511440999953 ], [ 47.402253454000061, -21.48195697899996 ], [ 47.407145553000078, -21.472025799999983 ], [ 47.42952308200006, -21.462834769999972 ], [ 47.422552440000061, -21.43134110099993 ], [ 47.433169449000047, -21.424506167999937 ], [ 47.420767312000066, -21.420475202999967 ], [ 47.424307396000074, -21.401256970999953 ], [ 47.41812999900003, -21.394020001999934 ], [ 47.43238472400003, -21.382407845999978 ], [ 47.450549999000032, -21.388980001999983 ], [ 47.455562066000027, -21.402048124999965 ], [ 47.472444843000062, -21.41351175899996 ], [ 47.54383000100006, -21.440700001999971 ], [ 47.554239172000052, -21.460438158999978 ], [ 47.580041872000038, -21.46861983499997 ], [ 47.584137075000058, -21.483298057999946 ], [ 47.609100002000048, -21.499800002999962 ], [ 47.60626224400005, -21.531651418999957 ], [ 47.617877527000076, -21.55104632299998 ], [ 47.60063000100007, -21.576130001999957 ], [ 47.609132638000062, -21.589734252999961 ], [ 47.60057355400005, -21.590187800999956 ], [ 47.597071189000076, -21.608084281999936 ], [ 47.606201510000062, -21.622651194999946 ], [ 47.60611078800008, -21.646101693999981 ], [ 47.612910537000062, -21.637635211999964 ], [ 47.621287744000028, -21.641506083999957 ], [ 47.635250001000031, -21.626550001999931 ], [ 47.673768585000062, -21.62685137699998 ], [ 47.686293085000045, -21.619136974999947 ], [ 47.720074873000044, -21.623077423999973 ], [ 47.736596430000077, -21.643949813999939 ], [ 47.747471953000058, -21.630024526999932 ], [ 47.760620823000068, -21.631357499999979 ], [ 47.767825218000041, -21.621514099999956 ], [ 47.785313957000028, -21.649917089999974 ], [ 47.801288344000056, -21.642428504999941 ], [ 47.770950712000058, -21.598259695999957 ], [ 47.813948005000043, -21.590611591999959 ], [ 47.852119776000052, -21.607830116999935 ], [ 47.851503937000075, -21.626672164999945 ], [ 47.914034780000065, -21.642773051999939 ], [ 47.929078521000065, -21.667808351999952 ], [ 47.945384962000048, -21.664551548999953 ], [ 47.95272243900007, -21.671087110999963 ], [ 47.967598235000025, -21.666658732999963 ], [ 47.967736066000043, -21.64938041399995 ], [ 47.983008924000046, -21.631841176999956 ], [ 48.022006634000036, -21.621305952999933 ], [ 48.021291033000068, -21.615132327999959 ], [ 48.043184260000032, -21.604443123999943 ], [ 48.052252253000063, -21.634926376999942 ], [ 48.060534191000045, -21.634961352999937 ], [ 48.071679563000032, -21.650093341999934 ], [ 48.07138094700008, -21.685131774999945 ], [ 48.077999908000038, -21.691292439999927 ], [ 48.070087937000039, -21.717491003999953 ], [ 48.076024444000041, -21.723989889999928 ], [ 48.08643292000005, -21.703767038999956 ], [ 48.101294773000063, -21.710031674999982 ], [ 48.129322436000052, -21.707934386999966 ], [ 48.162425016000043, -21.725690250999946 ], [ 48.17065567800006, -21.700534176999952 ], [ 48.194538073000047, -21.692900911999971 ], [ 48.20562908800008, -21.70088489799997 ], [ 48.130332948000046, -21.900512694999975 ], [ 47.957298279000042, -22.297683714999948 ], [ 47.89178073100004, -22.492793328999937 ], [ 47.884019169000055, -22.482150763999982 ], [ 47.85687, -22.474320000999967 ], [ 47.846666816000038, -22.473891525999932 ], [ 47.830505965000043, -22.487370158999965 ], [ 47.819182147000049, -22.476944800999945 ], [ 47.823667636000039, -22.460880928999927 ], [ 47.815562208000074, -22.44475624699993 ], [ 47.783239603000027, -22.438143840999942 ], [ 47.752545177000059, -22.472028236999961 ], [ 47.739488183000049, -22.46380484499997 ], [ 47.72642606900007, -22.488785277999966 ], [ 47.707142564000037, -22.503156120999961 ] ] ] } },
{ "type": "Feature", "properties": { "ISO": "MDG-HAU", "NAME_1": "Haute Matsiatra" }, "geometry": { "type": "Polygon", "coordinates": [ [ [ 45.527959994000071, -21.552570747999937 ], [ 45.521688407000056, -21.506286846999956 ], [ 45.537364056000058, -21.514071892999937 ], [ 45.539834744000075, -21.497076065999977 ], [ 45.524687432000064, -21.470583933999933 ], [ 45.525733881000065, -21.46018778499996 ], [ 45.562619613000038, -21.430818319999958 ], [ 45.571766512000067, -21.404993081999976 ], [ 45.564958450000063, -21.398001379999982 ], [ 45.576206730000081, -21.387313111999958 ], [ 45.572483396000052, -21.372718989999953 ], [ 45.584372625000071, -21.359409915999947 ], [ 45.584811051000031, -21.318457692999971 ], [ 45.617920127000048, -21.317143859999931 ], [ 45.622364944000026, -21.296311691999961 ], [ 45.641389926000045, -21.280135351999945 ], [ 45.652604372000042, -21.29107030199998 ], [ 45.660844417000078, -21.289875579999944 ], [ 45.653797949000079, -21.270064857999955 ], [ 45.67958522400005, -21.273665478999931 ], [ 45.685143620000076, -21.263830193999979 ], [ 45.700428903000045, -21.264659399999971 ], [ 45.750182309000081, -21.237561806999963 ], [ 45.747699553000075, -21.220521590999965 ], [ 45.755804434000027, -21.196407142999931 ], [ 45.744348749000039, -21.164677791999964 ], [ 45.751860503000046, -21.132556116999979 ], [ 45.736649191000026, -21.110333293999929 ], [ 45.73320979500005, -21.079145252999979 ], [ 45.752528932000075, -21.069590250999966 ], [ 45.775111834000029, -21.023501136999982 ], [ 45.791975347000061, -21.018937212999958 ], [ 45.812880755000037, -21.031045129999939 ], [ 45.878290334000042, -21.011392051999962 ], [ 45.909723920000033, -20.993576317999953 ], [ 45.917608750000056, -20.965548805999958 ], [ 45.934243653000067, -20.971710781999946 ], [ 45.94610706800006, -20.96090864699994 ], [ 45.96506258800008, -20.968555809999941 ], [ 45.981886365000037, -20.951077952999981 ], [ 45.996108439000068, -20.950124087999939 ], [ 46.007835613000054, -20.954636039999968 ], [ 46.013912532000063, -20.972860852999929 ], [ 46.052284686000064, -20.99860358199993 ], [ 46.067055614000026, -20.990348544999961 ], [ 46.077764893000051, -20.993227603999969 ], [ 46.079206082000042, -20.985001545999978 ], [ 46.10813025200008, -20.975434132999965 ], [ 46.127852334000067, -20.977475990999949 ], [ 46.149389659000065, -20.994908325999972 ], [ 46.185604271000045, -20.996766137999941 ], [ 46.216899999000077, -21.020400001999974 ], [ 46.227667455000073, -21.018914171999938 ], [ 46.237796543000059, -20.993505919999961 ], [ 46.254770003000033, -20.987072115999979 ], [ 46.255613086000039, -20.951411165999957 ], [ 46.250370599000064, -20.943818886999964 ], [ 46.230969833000074, -20.957837394999956 ], [ 46.22330971100007, -20.94644797899997 ], [ 46.242714266000064, -20.928257117999976 ], [ 46.26466286200008, -20.932603461999975 ], [ 46.287352314000032, -20.919922067999948 ], [ 46.264904879000028, -20.885499753999966 ], [ 46.274495146000049, -20.874257710999927 ], [ 46.260285654000029, -20.838732450999942 ], [ 46.280644289000065, -20.824441841999942 ], [ 46.289857770000026, -20.82631560699997 ], [ 46.285043449000057, -20.811738688999981 ], [ 46.289523735000046, -20.794650523999962 ], [ 46.32548524200007, -20.771913563999931 ], [ 46.329053535000071, -20.75375592599994 ], [ 46.340290953000078, -20.757580494999956 ], [ 46.352208876000077, -20.732008357999973 ], [ 46.376044894000074, -20.728366440999935 ], [ 46.381246836000059, -20.75986731699993 ], [ 46.395650277000072, -20.758674134999978 ], [ 46.423687564000033, -20.778153886999974 ], [ 46.438058782000041, -20.76241151499994 ], [ 46.459416277000059, -20.760178290999932 ], [ 46.512615864000054, -20.724203479999971 ], [ 46.518649646000028, -20.697950034999963 ], [ 46.526027297000041, -20.692696423999962 ], [ 46.540443651000032, -20.691802020999944 ], [ 46.544414331000041, -20.706481863999954 ], [ 46.564811613000074, -20.69078394099995 ], [ 46.579152054000076, -20.746233178999944 ], [ 46.592279763000079, -20.760120337999979 ], [ 46.609700503000056, -20.764885301999982 ], [ 46.61491972500005, -20.794740428999944 ], [ 46.630915439000034, -20.822431169999959 ], [ 46.682142769000052, -20.864997887999948 ], [ 46.707052304000058, -20.871641360999945 ], [ 46.718508768000049, -20.89173053199994 ], [ 46.758245342000066, -20.919382731999974 ], [ 46.768803082000034, -20.965202923999982 ], [ 46.778727786000047, -20.955105312999933 ], [ 46.794709183000066, -20.954241596999964 ], [ 46.814283393000039, -20.995380122999961 ], [ 46.842176699000049, -21.005381234999959 ], [ 46.865709697000057, -20.983345469999961 ], [ 46.890663450000034, -21.011911074999944 ], [ 46.920532394000077, -21.01743877499996 ], [ 46.940859233000026, -20.997970746999954 ], [ 46.945849191000036, -20.969961130999934 ], [ 46.957285993000028, -20.966511038999954 ], [ 46.977308273000062, -20.980208123999944 ], [ 47.020141504000037, -20.96481640199994 ], [ 47.027911389000053, -20.954893286999948 ], [ 47.025682922000044, -20.941705454999976 ], [ 47.039300071000071, -20.934326685999963 ], [ 47.022664644000031, -20.921687199999951 ], [ 47.055948256000079, -20.887643891999971 ], [ 47.106331917000034, -20.884492070999954 ], [ 47.10579851500006, -20.873645809999971 ], [ 47.119454460000043, -20.864552832999948 ], [ 47.128243875000067, -20.87446542999993 ], [ 47.145851977000063, -20.872783269999957 ], [ 47.164140149000048, -20.856632613999977 ], [ 47.168506230000048, -20.830104286999926 ], [ 47.180516022000063, -20.832091672999979 ], [ 47.186313408000046, -20.816079073999958 ], [ 47.202688521000027, -20.822784436999939 ], [ 47.235354013000062, -20.821507018999966 ], [ 47.244866251000076, -20.796529903999954 ], [ 47.256558503000065, -20.788429965999967 ], [ 47.273434510000072, -20.79108569999994 ], [ 47.286732031000042, -20.810402456999952 ], [ 47.301405944000066, -20.815227296999979 ], [ 47.314213317000053, -20.840664156999935 ], [ 47.29401886900007, -20.853367467999931 ], [ 47.300998524000079, -20.864584382999965 ], [ 47.299225333000038, -20.881207262999965 ], [ 47.310032518000071, -20.893288146999964 ], [ 47.30534824800003, -20.902640112999961 ], [ 47.310737688000074, -20.924056605999965 ], [ 47.323102519000031, -20.930617508999944 ], [ 47.331154667000078, -20.958723715999952 ], [ 47.336907038000049, -20.954925769999932 ], [ 47.34707755900007, -20.962170654999966 ], [ 47.355604162000077, -20.98087641099994 ], [ 47.331744082000057, -21.005851499999949 ], [ 47.334801028000072, -21.017484595999974 ], [ 47.346113865000063, -21.024295067999958 ], [ 47.337468713000078, -21.053687193999963 ], [ 47.381198833000042, -21.076506627999947 ], [ 47.38935603300007, -21.066516643999933 ], [ 47.406902546000026, -21.066891914999928 ], [ 47.417480001000058, -21.083580000999973 ], [ 47.44328046000004, -21.090840319999927 ], [ 47.436269738000078, -21.124786461999975 ], [ 47.450004511000031, -21.155727181999964 ], [ 47.441693014000066, -21.165798107999933 ], [ 47.430420690000062, -21.162601174999963 ], [ 47.418970995000052, -21.183790839999972 ], [ 47.407030043000077, -21.187965063999968 ], [ 47.403728692000072, -21.204648764999945 ], [ 47.392784951000067, -21.207634122999934 ], [ 47.401632924000069, -21.244308405999959 ], [ 47.387626383000054, -21.25093766599997 ], [ 47.391294928000036, -21.260573748999946 ], [ 47.377443702000051, -21.274881058999938 ], [ 47.401952210000047, -21.284814424999979 ], [ 47.399509716000068, -21.29984185099994 ], [ 47.381178440000042, -21.317640951999977 ], [ 47.387229196000078, -21.328793029999929 ], [ 47.404010893000077, -21.332954209999968 ], [ 47.41024847500006, -21.377199063999967 ], [ 47.424307396000074, -21.401256970999953 ], [ 47.420767312000066, -21.420475202999967 ], [ 47.433169449000047, -21.424506167999937 ], [ 47.422552440000061, -21.43134110099993 ], [ 47.42952308200006, -21.462834769999972 ], [ 47.402503492000051, -21.480322333999936 ], [ 47.403172932000075, -21.493511440999953 ], [ 47.421838033000029, -21.51623352699994 ], [ 47.410615858000028, -21.542481221999935 ], [ 47.410157076000075, -21.570666976999973 ], [ 47.402933333000078, -21.582250001999967 ], [ 47.374702128000081, -21.591782477999971 ], [ 47.361187241000039, -21.609573852999972 ], [ 47.367665625000029, -21.619492842999932 ], [ 47.382243877000064, -21.617115873999978 ], [ 47.397997203000045, -21.641234395999959 ], [ 47.386350321000066, -21.674320691999981 ], [ 47.397292361000041, -21.687634529999968 ], [ 47.383561917000065, -21.696446998999932 ], [ 47.389609336000035, -21.704570373999957 ], [ 47.380659953000077, -21.71536868499993 ], [ 47.389786978000075, -21.729565864999927 ], [ 47.380427711000038, -21.74434483899995 ], [ 47.364050142000053, -21.749797481999963 ], [ 47.368545530000063, -21.770141384999931 ], [ 47.353605413000025, -21.784276935999969 ], [ 47.347323751000033, -21.812193905999948 ], [ 47.334797742000035, -21.815496879999955 ], [ 47.327280918000042, -21.839515138999957 ], [ 47.301470313000038, -21.833250267999972 ], [ 47.294493483000053, -21.847438058999956 ], [ 47.282897346000027, -21.848752932999957 ], [ 47.282218318000048, -21.858305228999939 ], [ 47.26498317800008, -21.866280143999973 ], [ 47.258460786000057, -21.895638820999977 ], [ 47.24264090500003, -21.903821838999932 ], [ 47.294295498000054, -21.934170751999943 ], [ 47.309791214000029, -21.957755861999942 ], [ 47.322046543000056, -21.963467265999952 ], [ 47.32108901600003, -21.986753037999961 ], [ 47.307127024000067, -22.003996928999982 ], [ 47.288488093000069, -22.004255293999961 ], [ 47.28932284800004, -22.017381502999967 ], [ 47.256143845000054, -22.07663453899994 ], [ 47.214367228000071, -22.063508329999934 ], [ 47.18014542700007, -22.032646660999944 ], [ 47.155686425000056, -22.083685327999945 ], [ 47.13526121600006, -22.091955149999933 ], [ 47.107651550000071, -22.089582009999958 ], [ 47.108534907000035, -22.117128583999943 ], [ 47.094024900000079, -22.136866022999982 ], [ 47.060838475000025, -22.139536925999948 ], [ 47.030037851000031, -22.16820529599994 ], [ 46.980339264000065, -22.159561691999954 ], [ 46.968931547000068, -22.151202479999938 ], [ 46.936030122000034, -22.178473235999945 ], [ 46.933209458000078, -22.197685583999942 ], [ 46.91408913500004, -22.206609079999964 ], [ 46.89427175600008, -22.191415227999983 ], [ 46.880634065000038, -22.193653805999929 ], [ 46.853802048000034, -22.178775578999932 ], [ 46.844487934000028, -22.165298470999971 ], [ 46.826376871000036, -22.162951835999934 ], [ 46.814493765000066, -22.167189830999973 ], [ 46.787805912000067, -22.220756390999952 ], [ 46.786021832000074, -22.186642856999981 ], [ 46.755054552000047, -22.172377938999944 ], [ 46.731211823000081, -22.184738014999937 ], [ 46.714092793000077, -22.172264980999955 ], [ 46.70462, -22.141220001999955 ], [ 46.594292609000036, -22.128192878999982 ], [ 46.581311962000029, -22.07605512899994 ], [ 46.544903653000063, -22.104785817999982 ], [ 46.535751796000056, -22.124336435999965 ], [ 46.532562539000025, -22.112222809999935 ], [ 46.515991175000067, -22.11054366999997 ], [ 46.516280342000073, -22.08604820499994 ], [ 46.501698691000058, -22.073020346999954 ], [ 46.478335657000059, -22.075843238999937 ], [ 46.464991477000069, -22.093560191999927 ], [ 46.456449787000054, -22.06782164599997 ], [ 46.437377527000081, -22.060708300999977 ], [ 46.427334805000044, -22.042578213999946 ], [ 46.428593205000027, -22.020325702999969 ], [ 46.445311170000025, -21.997278057999949 ], [ 46.434225027000025, -21.969536757999947 ], [ 46.44424145000005, -21.93734600099998 ], [ 46.436843943000042, -21.937153172999956 ], [ 46.433804517000056, -21.952190978999965 ], [ 46.426847333000069, -21.954700773999946 ], [ 46.420062606000045, -21.938963198999943 ], [ 46.391729461000068, -21.927931496999975 ], [ 46.391880265000054, -21.892784961999951 ], [ 46.371710454000038, -21.877745899999979 ], [ 46.378721743000028, -21.852322423999965 ], [ 46.369530808000036, -21.854512450999948 ], [ 46.358840584000063, -21.832321161999971 ], [ 46.345396898000047, -21.836829862999934 ], [ 46.349582415000043, -21.84741177799998 ], [ 46.325365643000055, -21.849960971999963 ], [ 46.318079264000062, -21.828840380999964 ], [ 46.328077801000063, -21.801490343999944 ], [ 46.312316384000042, -21.788674028999935 ], [ 46.279083730000025, -21.795579474999954 ], [ 46.263592560000063, -21.785439370999939 ], [ 46.261405491000062, -21.798365951999983 ], [ 46.252724812000054, -21.802978278999944 ], [ 46.23926803300003, -21.79565318899995 ], [ 46.23808830400003, -21.778558112999974 ], [ 46.217738526000062, -21.760968280999975 ], [ 46.127588952000053, -21.76176351099997 ], [ 46.094057496000062, -21.746858294999981 ], [ 46.085522443000059, -21.731093374999944 ], [ 46.070969713000068, -21.736879192999936 ], [ 46.056578184000045, -21.729608864999932 ], [ 46.026041355000075, -21.741324290999955 ], [ 46.014032812000039, -21.725989751999975 ], [ 45.963318745000038, -21.735760708999976 ], [ 45.966407700000047, -21.71682180099998 ], [ 45.95931213800003, -21.692122469999958 ], [ 45.941429090000042, -21.689133761999983 ], [ 45.93500681300003, -21.690380364999953 ], [ 45.938131086000055, -21.707450045999963 ], [ 45.930096055000035, -21.715145283999959 ], [ 45.906933366000032, -21.708142963999933 ], [ 45.893753013000037, -21.732374199999981 ], [ 45.866620757000078, -21.73535885299998 ], [ 45.856103233000056, -21.751330019999955 ], [ 45.830177856000034, -21.756680469999935 ], [ 45.816521862000059, -21.74878399399995 ], [ 45.789791708000052, -21.760408345999963 ], [ 45.785026574000028, -21.745961539999939 ], [ 45.760540498000069, -21.736974535999934 ], [ 45.742424548000031, -21.70563771999997 ], [ 45.722691465000025, -21.696844005999935 ], [ 45.716761675000043, -21.682477915999982 ], [ 45.710517802000027, -21.680926517999978 ], [ 45.704072279000059, -21.691826849999927 ], [ 45.68763376000004, -21.675305537999975 ], [ 45.659005228000069, -21.67999937299993 ], [ 45.643890928000076, -21.675296604999971 ], [ 45.611460008000051, -21.623596710999948 ], [ 45.587253148000059, -21.632886492999944 ], [ 45.574611999000069, -21.617218788999935 ], [ 45.549586571000077, -21.621154077999961 ], [ 45.552092218000041, -21.613113462999934 ], [ 45.527959994000071, -21.552570747999937 ] ] ] } },
{ "type": "Feature", "properties": { "ISO": "MDG-SOF", "NAME_1": "Sofia" }, "geometry": { "type": "Polygon", "coordinates": [ [ [ 48.690589792000026, -16.689722046999975 ], [ 48.675472761000037, -16.68285840599998 ], [ 48.658980143000065, -16.65810399399993 ], [ 48.62158508300007, -16.664616463999948 ], [ 48.615858925000055, -16.682650880999972 ], [ 48.613188539000078, -16.667403276999949 ], [ 48.603255604000026, -16.662762341999951 ], [ 48.624257005000061, -16.645560445999934 ], [ 48.630589630000031, -16.625228951999929 ], [ 48.638697208000053, -16.627007173999971 ], [ 48.63357320700004, -16.616703446999963 ], [ 48.655651100000057, -16.592473888999962 ], [ 48.649193265000065, -16.572240650999959 ], [ 48.644915998000045, -16.578981535999958 ], [ 48.637030235000054, -16.563641005999955 ], [ 48.616548640000076, -16.552893268999981 ], [ 48.637536381000075, -16.510910292999938 ], [ 48.61334843000003, -16.515513277999958 ], [ 48.615859356000044, -16.502829104999932 ], [ 48.604168077000054, -16.497048090999954 ], [ 48.615611468000054, -16.495740286999933 ], [ 48.61817265500008, -16.488708583999937 ], [ 48.599712904000057, -16.475584140999956 ], [ 48.598926800000072, -16.466807488999962 ], [ 48.58616588600006, -16.464419269999951 ], [ 48.59061312700004, -16.448432763999961 ], [ 48.533636276000038, -16.404629219999947 ], [ 48.508699334000028, -16.406641031999982 ], [ 48.496183350000081, -16.399413232999962 ], [ 48.46915690700007, -16.35342873999997 ], [ 48.442109128000027, -16.331629315999976 ], [ 48.412109446000045, -16.344949888999963 ], [ 48.390789859000051, -16.339715636999927 ], [ 48.37845509400006, -16.354944944999943 ], [ 48.372959854000044, -16.312088409999944 ], [ 48.317023104000043, -16.285754299999951 ], [ 48.281555476000051, -16.245737218999977 ], [ 48.232553847000077, -16.240528791999964 ], [ 48.212843045000056, -16.250019858999963 ], [ 48.189471081000079, -16.247019244999933 ], [ 48.172907620000046, -16.254546069999947 ], [ 48.15692591100003, -16.274465007999936 ], [ 48.136250561000054, -16.268553013999963 ], [ 48.114106296000045, -16.282960144999947 ], [ 48.078269298000066, -16.276362380999956 ], [ 48.019546148000074, -16.250062949999972 ], [ 48.002457367000034, -16.258861326999977 ], [ 47.981218633000026, -16.258895424999935 ], [ 47.976678913000057, -16.249299054999938 ], [ 47.956193493000058, -16.240559013999928 ], [ 47.961235108000039, -16.25442458699996 ], [ 47.946897338000042, -16.298316474999979 ], [ 47.924318752000033, -16.311949266999932 ], [ 47.917000346000066, -16.329197812999951 ], [ 47.9053, -16.333100003999959 ], [ 47.871986785000047, -16.377892161999966 ], [ 47.807027444000028, -16.400658044999943 ], [ 47.784154211000043, -16.399595126999941 ], [ 47.734920384000077, -16.356796888999952 ], [ 47.713263660000052, -16.311403016999975 ], [ 47.698864627000034, -16.310535662999939 ], [ 47.719595952000077, -16.366241772999956 ], [ 47.904493646000049, -16.582995585999981 ], [ 47.894219626000051, -16.587698007999961 ], [ 47.863695792000044, -16.568761041999949 ], [ 47.862897845000077, -16.561474249999947 ], [ 47.826568097000063, -16.567254049999974 ], [ 47.816267463000031, -16.553775317999964 ], [ 47.779029021000042, -16.534190305999971 ], [ 47.766481228000032, -16.550438969999959 ], [ 47.752920031000031, -16.551841758999956 ], [ 47.756496265000067, -16.54467822099997 ], [ 47.745214217000068, -16.543405202999963 ], [ 47.702073512000027, -16.507697825999969 ], [ 47.669958405000045, -16.505047388999969 ], [ 47.662696964000077, -16.462563418999935 ], [ 47.676577825000038, -16.434448388999954 ], [ 47.640381866000041, -16.429377449999947 ], [ 47.636065099000064, -16.418226453999978 ], [ 47.600941931000079, -16.415352810999934 ], [ 47.579152218000047, -16.421732087999942 ], [ 47.56858984400003, -16.414027317999967 ], [ 47.55558080000003, -16.418602294999971 ], [ 47.53038932000004, -16.409637116999932 ], [ 47.529995816000053, -16.434963366999966 ], [ 47.505088545000035, -16.43748596599994 ], [ 47.42578248600006, -16.417659797999931 ], [ 47.436199746000057, -16.38968145399997 ], [ 47.430969216000051, -16.350932855999929 ], [ 47.396783041000049, -16.321072523999931 ], [ 47.378578454000035, -16.327394083999934 ], [ 47.368816626000068, -16.317041093999933 ], [ 47.359742772000061, -16.323343845999943 ], [ 47.336778318000029, -16.319283722999955 ], [ 47.333007622000025, -16.303680096999926 ], [ 47.346358443000042, -16.287545583999929 ], [ 47.34883217600003, -16.253471271999956 ], [ 47.283801456000049, -16.249361878999935 ], [ 47.267615392000039, -16.218403232999947 ], [ 47.269032941000034, -16.184098053999946 ], [ 47.27721761500004, -16.171526022999956 ], [ 47.272430098000029, -16.156062316999964 ], [ 47.256786232000081, -16.142484348999972 ], [ 47.242175862000067, -16.139003302999981 ], [ 47.233431468000049, -16.149292768999942 ], [ 47.223861056000032, -16.138653049999959 ], [ 47.229075053000031, -16.124179283999979 ], [ 47.219848705000061, -16.114300832999959 ], [ 47.235010887000044, -16.100788794999971 ], [ 47.237038393000034, -16.089317170999948 ], [ 47.208911274000059, -16.090786664999939 ], [ 47.199003582000046, -16.078266601999928 ], [ 47.193315115000075, -16.046150592999936 ], [ 47.17240518400007, -16.044716251999944 ], [ 47.17453708100004, -16.02245402099993 ], [ 47.161245137000037, -16.009650260999933 ], [ 47.164630958000032, -15.986898498999949 ], [ 47.217177760000027, -15.989827267999942 ], [ 47.204776177000042, -15.962482910999938 ], [ 47.210333328000047, -15.94601210899998 ], [ 47.196816309000042, -15.924378009999941 ], [ 47.198499273000039, -15.908434744999965 ], [ 47.182648219000043, -15.890123831999972 ], [ 47.179478557000039, -15.862811904999944 ], [ 47.148683417000029, -15.846464985999944 ], [ 47.137011294000047, -15.809951772999966 ], [ 47.109395871000061, -15.791998655999976 ], [ 47.109052654000038, -15.774807692999957 ], [ 47.120959163000066, -15.762537505999944 ], [ 47.15888609700005, -15.753044424999928 ], [ 47.116836989000035, -15.687853341999983 ], [ 47.127354423000043, -15.672855970999933 ], [ 47.115098210000042, -15.654284226999948 ], [ 47.093081194000035, -15.643720820999931 ], [ 47.105872377000026, -15.633826064999937 ], [ 47.102678784000034, -15.622631573999968 ], [ 47.111980814000049, -15.614027263999958 ], [ 47.121978422000041, -15.562185363999959 ], [ 47.14364153300005, -15.532374240999957 ], [ 47.141053299000077, -15.509365324999976 ], [ 47.152044361000037, -15.481120902999976 ], [ 47.144138336000026, -15.458596231999934 ], [ 47.16150665300006, -15.469949722999957 ], [ 47.159778595000034, -15.462080002999926 ], [ 47.212722779000046, -15.448910712999975 ], [ 47.222656250000057, -15.417001721999952 ], [ 47.197303772000055, -15.42632102999994 ], [ 47.171848297000054, -15.416198728999973 ], [ 47.161441803000059, -15.383500098999946 ], [ 47.142322540000066, -15.361663816999965 ], [ 47.148555758000043, -15.296910283999978 ], [ 47.130577087000063, -15.297557830999949 ], [ 47.112564087000067, -15.312269208999965 ], [ 47.086372375000053, -15.309665679999966 ], [ 47.097030640000071, -15.302680968999937 ], [ 47.087596894000058, -15.294746398999962 ], [ 47.095695496000076, -15.271732328999974 ], [ 47.069816590000073, -15.274105071999941 ], [ 47.067554475000065, -15.245448111999963 ], [ 47.045166016000053, -15.233757018999938 ], [ 47.040882112000077, -15.221186637999949 ], [ 47.050102235000054, -15.177332877999959 ], [ 47.104633331000059, -15.108050344999981 ], [ 47.13853836100003, -15.103476523999973 ], [ 47.190696470000034, -15.059881890999975 ], [ 47.201261277000071, -15.062808627999971 ], [ 47.19896698000008, -15.052235602999929 ], [ 47.220432281000058, -15.015651701999957 ], [ 47.217853548000051, -15.003693579999947 ], [ 47.209697723000033, -15.002612114999977 ], [ 47.234031677000075, -14.986202238999965 ], [ 47.240188599000078, -14.996622085999945 ], [ 47.260227203000056, -15.001627921999955 ], [ 47.249710083000025, -14.99253368199993 ], [ 47.239524841000048, -14.991089820999946 ], [ 47.276042938000046, -14.943254470999932 ], [ 47.318286896000075, -14.918733596999971 ], [ 47.332180023000035, -14.920543670999962 ], [ 47.327693939000028, -14.930459974999962 ], [ 47.332420349000074, -14.935496329999978 ], [ 47.328624726000044, -14.929425240999933 ], [ 47.336730957000043, -14.923665046999929 ], [ 47.333488464000027, -14.914917945999946 ], [ 47.33962249800004, -14.907981871999937 ], [ 47.349586487000067, -14.919888495999942 ], [ 47.367118835000042, -14.908731460999945 ], [ 47.360527039000033, -14.904725075999977 ], [ 47.379074098000046, -14.891558647999943 ], [ 47.374774934000072, -14.88063621699996 ], [ 47.383953094000049, -14.877796172999979 ], [ 47.37305069100006, -14.871001244999945 ], [ 47.386032104000037, -14.865828513999929 ], [ 47.368797302000075, -14.866373060999933 ], [ 47.356319427000074, -14.849422453999978 ], [ 47.338016510000045, -14.86514568299998 ], [ 47.336479187000066, -14.89264011299997 ], [ 47.320255280000026, -14.883530615999973 ], [ 47.300350190000074, -14.888833998999928 ], [ 47.281037815000047, -14.860868623999977 ], [ 47.354018765000035, -14.765508485999931 ], [ 47.460737590000065, -14.672709506999979 ], [ 47.466362, -14.672276496999928 ], [ 47.463905335000049, -14.689725874999965 ], [ 47.474784852000028, -14.706093786999929 ], [ 47.501945496000076, -14.718500136999978 ], [ 47.473461151000038, -14.756738661999975 ], [ 47.485847473000035, -14.752119062999952 ], [ 47.477863312000068, -14.781569480999963 ], [ 47.492336273000035, -14.784543036999935 ], [ 47.491046906000065, -14.792363166999962 ], [ 47.498825073000035, -14.796938895999972 ], [ 47.48838806200007, -14.820419310999966 ], [ 47.513301850000062, -14.810541151999928 ], [ 47.516277313000046, -14.819827079999982 ], [ 47.479942322000056, -14.884071349999942 ], [ 47.400745392000033, -14.982591628999955 ], [ 47.413307190000069, -15.03473186399998 ], [ 47.399703979000037, -15.06339073099997 ], [ 47.403572082000039, -15.075682638999979 ], [ 47.392299652000077, -15.089221953999981 ], [ 47.399662019000061, -15.092508315999964 ], [ 47.397262573000035, -15.106855391999943 ], [ 47.422599792000028, -15.120361328999934 ], [ 47.43551635700004, -15.110627174999934 ], [ 47.434638978000066, -15.124382018999938 ], [ 47.450866700000063, -15.100022314999933 ], [ 47.488502502000074, -15.086523055999976 ], [ 47.492305756000064, -15.074969290999945 ], [ 47.481765748000043, -15.073803901999952 ], [ 47.496543884000062, -15.046288488999949 ], [ 47.49490737900004, -15.034728049999956 ], [ 47.523231506000059, -14.996596334999936 ], [ 47.546302796000077, -14.983574866999959 ], [ 47.546302795000031, -15.008101461999956 ], [ 47.524078368000062, -15.025888441999939 ], [ 47.548728944000061, -15.01181125599993 ], [ 47.551395417000037, -14.992533682999976 ], [ 47.563097476000053, -14.980313602999956 ], [ 47.548785550000048, -14.954772828999978 ], [ 47.577320703000055, -14.927507416999958 ], [ 47.587127687000077, -14.892749785999968 ], [ 47.614414216000057, -14.857136725999965 ], [ 47.613479615000074, -14.843677519999972 ], [ 47.627590179000038, -14.837122916999931 ], [ 47.64136886600005, -14.81702613799996 ], [ 47.644676208000078, -14.800790785999936 ], [ 47.633609772000057, -14.805004118999932 ], [ 47.630733491000058, -14.798031806999973 ], [ 47.680591584000069, -14.734413146999941 ], [ 47.685073853000063, -14.722792624999954 ], [ 47.678550722000068, -14.719782828999939 ], [ 47.692363740000076, -14.694937706999951 ], [ 47.713764190000063, -14.702076912999928 ], [ 47.719314575000055, -14.711322783999947 ], [ 47.71470260600006, -14.698230741999964 ], [ 47.732994080000026, -14.64681720699997 ], [ 47.757137299000078, -14.615468024999927 ], [ 47.773319244000049, -14.608613013999957 ], [ 47.781879425000056, -14.614113808999946 ], [ 47.795391084000073, -14.570157050999967 ], [ 47.79769897500006, -14.591023443999973 ], [ 47.829799652000077, -14.621905325999933 ], [ 47.846286774000077, -14.652235030999975 ], [ 47.894294739000031, -14.671432494999976 ], [ 47.894901277000031, -14.681980132999968 ], [ 47.897743225000056, -14.67569160499994 ], [ 47.909709930000076, -14.681067466999934 ], [ 47.918888092000032, -14.70160674899995 ], [ 47.906616212000074, -14.712458610999931 ], [ 47.920310974000074, -14.703228950999971 ], [ 47.924163818000068, -14.708503721999932 ], [ 47.920207978000064, -14.717530250999971 ], [ 47.90925216800008, -14.719862936999959 ], [ 47.913616180000076, -14.730107305999979 ], [ 47.927001953000058, -14.707591055999956 ], [ 47.918079377000026, -14.688928603999955 ], [ 47.922050476000038, -14.668794630999969 ], [ 47.905876160000048, -14.653816222999978 ], [ 47.939510345000031, -14.649744032999934 ], [ 47.945983887000068, -14.641150474999961 ], [ 47.943450929000051, -14.629978179999966 ], [ 47.955417633000081, -14.619627951999973 ], [ 47.975021362000064, -14.624883649999958 ], [ 47.970611573000042, -14.646655082999928 ], [ 47.991867065000065, -14.671229360999973 ], [ 47.984359742000038, -14.702976224999929 ], [ 47.991714478000063, -14.742582320999929 ], [ 47.97686004600007, -14.787978170999963 ], [ 47.930484772000057, -14.809383390999926 ], [ 47.938899994000053, -14.835222243999965 ], [ 47.920906067000033, -14.852405547999979 ], [ 47.92284393400007, -14.863555906999977 ], [ 47.907909393000068, -14.884449958999937 ], [ 47.908073425000055, -14.899372099999937 ], [ 47.910011293000025, -14.88664436199997 ], [ 47.938648225000065, -14.846916199999953 ], [ 47.96203231800007, -14.860567092999929 ], [ 47.943878174000076, -14.843138693999947 ], [ 47.94115448000008, -14.809927939999966 ], [ 47.974864960000048, -14.799205779999966 ], [ 47.996932983000079, -14.780127523999965 ], [ 48.015661401000045, -14.728749909999976 ], [ 48.001603183000043, -14.695899490999977 ], [ 48.018259411000031, -14.694662169999958 ], [ 48.004067424000027, -14.693940021999936 ], [ 48.000215755000056, -14.685034960999928 ], [ 48.007395596000038, -14.660018628999978 ], [ 48.000434876000043, -14.623508451999953 ], [ 47.928797966000047, -14.588271237999948 ], [ 47.934134810000046, -14.57628204599996 ], [ 47.926856326000063, -14.550352147999945 ], [ 47.963801625000031, -14.524810807999927 ], [ 47.926782205000052, -14.544399925999926 ], [ 47.923638135000033, -14.584437467999976 ], [ 47.906867981000062, -14.578149795999934 ], [ 47.886719577000065, -14.58201801499996 ], [ 47.863563538000051, -14.610592840999971 ], [ 47.843456269000058, -14.601346969999952 ], [ 47.824443818000077, -14.604593276999935 ], [ 47.808208467000043, -14.580279349999955 ], [ 47.810016633000032, -14.564168929999937 ], [ 47.797187805000078, -14.544398307999927 ], [ 47.778385162000063, -14.594792364999932 ], [ 47.735435487000075, -14.613342284999931 ], [ 47.728832245000035, -14.580279348999966 ], [ 47.714950564000048, -14.57060432399993 ], [ 47.732872010000051, -14.535269736999965 ], [ 47.728073120000033, -14.51314449399996 ], [ 47.713184357000046, -14.497790336999969 ], [ 47.723827363000055, -14.488704680999945 ], [ 47.716213226000036, -14.492405891999965 ], [ 47.70323181200007, -14.484999656999946 ], [ 47.710407257000043, -14.475327490999973 ], [ 47.708263397000053, -14.464054107999971 ], [ 47.694591523000042, -14.459217071999944 ], [ 47.70565414400005, -14.456020354999964 ], [ 47.69269943300003, -14.452234266999938 ], [ 47.690006256000061, -14.444494246999966 ], [ 47.697746277000078, -14.428382871999929 ], [ 47.696441651000043, -14.40196704799996 ], [ 47.717220307000048, -14.342781066999976 ], [ 47.773033142000031, -14.29839420299993 ], [ 47.780044556000064, -14.302328108999973 ], [ 47.762344361000032, -14.250920294999958 ], [ 47.78226470900006, -14.23363971699996 ], [ 47.792736054000045, -14.240768431999982 ], [ 47.79585647600004, -14.218443870999977 ], [ 47.811004639000032, -14.221737861999941 ], [ 47.832038879000038, -14.251127242999928 ], [ 47.845434804000035, -14.257819852999944 ], [ 47.878818513000056, -14.262444496999933 ], [ 47.90260452800004, -14.239797023999927 ], [ 47.90320224900006, -14.250529343999972 ], [ 47.913307191000058, -14.259160994999945 ], [ 47.933812609000029, -14.245239467999966 ], [ 47.931470245000071, -14.23016115799993 ], [ 47.953433990000065, -14.167878149999979 ], [ 47.933654786000034, -14.157277105999981 ], [ 47.935626984000066, -14.147109031999946 ], [ 47.922420501000033, -14.125182149999944 ], [ 47.911758423000038, -14.122477530999959 ], [ 47.912425996000081, -14.115173339999956 ], [ 47.909084319000044, -14.114982604999966 ], [ 47.908546449000028, -14.120010375999982 ], [ 47.900207521000027, -14.115301130999967 ], [ 47.911186220000047, -14.111704824999947 ], [ 47.914943695000034, -14.095553397999936 ], [ 47.90564727800006, -14.091734885999927 ], [ 47.898044586000026, -14.100996016999943 ], [ 47.887794496000026, -14.096333502999926 ], [ 47.907909393000068, -14.088616370999944 ], [ 47.959049225000058, -14.118053435999968 ], [ 47.959898978000069, -14.125070071999971 ], [ 47.942157378000047, -14.119463352999958 ], [ 47.954364011000052, -14.125959279999961 ], [ 47.943085368000027, -14.123318079999933 ], [ 47.953007720000073, -14.140878501999964 ], [ 47.967311859000063, -14.122554778999927 ], [ 47.975650787000063, -14.126013755999963 ], [ 47.975128175000066, -14.135585783999943 ], [ 47.986358643000074, -14.134637830999964 ], [ 47.985363007000046, -14.132173536999971 ], [ 47.978305816000045, -14.130184173999965 ], [ 47.98692703200004, -14.128004072999943 ], [ 47.998630524000077, -14.134638787999961 ], [ 47.994434357000046, -14.140276908999965 ], [ 48.002189637000072, -14.154232978999971 ], [ 47.996303559000069, -14.155960083999958 ], [ 48.002964020000036, -14.166409491999957 ], [ 47.982769011000073, -14.187342642999965 ], [ 47.970825196000078, -14.260028838999972 ], [ 47.963527679000038, -14.259852408999961 ], [ 47.969730377000076, -14.265967367999963 ], [ 47.953800201000035, -14.267464636999932 ], [ 47.954822541000055, -14.274565696999957 ], [ 47.957500458000027, -14.274213789999976 ], [ 47.959369658000071, -14.270195960999956 ], [ 47.969165801000031, -14.276592253999979 ], [ 47.965679169000055, -14.284663198999965 ], [ 47.956657409000059, -14.281526563999932 ], [ 47.964092254000036, -14.286565780999979 ], [ 47.95587921200007, -14.290900229999977 ], [ 47.966243744000053, -14.288804054999957 ], [ 47.96088409500004, -14.292222021999976 ], [ 47.966804503000048, -14.297226903999956 ], [ 47.955818176000037, -14.30787277099995 ], [ 47.980728149000072, -14.334001540999964 ], [ 47.979209902000036, -14.362987516999965 ], [ 47.972545624000077, -14.367183682999951 ], [ 47.98580551200007, -14.385828016999938 ], [ 47.979408264000028, -14.370491981999976 ], [ 47.994144440000071, -14.348531722999951 ], [ 47.986740112000064, -14.330111503999944 ], [ 48.001098634000073, -14.334522247999928 ], [ 47.988803866000069, -14.305472373999976 ], [ 47.991279603000066, -14.282577515999947 ], [ 48.009952545000033, -14.315053938999938 ], [ 48.017822266000053, -14.317199706999929 ], [ 48.008163452000076, -14.308901785999979 ], [ 48.007804872000065, -14.297956466999949 ], [ 48.001438141000051, -14.28443718099993 ], [ 48.023471831000052, -14.286797522999962 ], [ 48.007160188000057, -14.280502318999936 ], [ 48.035076142000037, -14.263853071999961 ], [ 48.000724792000028, -14.24459266599996 ], [ 48.014671326000041, -14.238440513999933 ], [ 48.003013611000029, -14.241445540999962 ], [ 48.004371644000059, -14.232431410999936 ], [ 48.021717072000058, -14.231895446999943 ], [ 48.007984161000081, -14.22717380499995 ], [ 48.003372193000075, -14.208182334999947 ], [ 48.016532898000037, -14.212402342999951 ], [ 48.009574306000047, -14.208095559999947 ], [ 48.02182853100004, -14.182337893999943 ], [ 48.031841278000059, -14.192015647999938 ], [ 48.03188175300005, -14.179779972999938 ], [ 48.049311304000071, -14.182575841999949 ], [ 48.03229815800006, -14.173652861999926 ], [ 48.039079623000077, -14.167525749999982 ], [ 48.034381866000047, -14.139616965999949 ], [ 48.04622990200005, -14.115847822999967 ], [ 48.029573676000041, -14.088781454999946 ], [ 48.036831033000055, -14.07908514899998 ], [ 48.024814753000044, -14.06617657399994 ], [ 48.041292521000059, -14.054338756999982 ], [ 48.026405770000054, -14.030021028999954 ], [ 48.076997988000073, -14.01255843499996 ], [ 48.072505979000027, -13.999998126999969 ], [ 48.087012544000061, -13.997710778999931 ], [ 48.070770752000044, -13.980917132999934 ], [ 48.078834997000058, -13.976497441999982 ], [ 48.073281633000079, -13.966716218999977 ], [ 48.09303843400005, -13.963221175999934 ], [ 48.098344735000069, -13.96901926399994 ], [ 48.162255577000053, -13.910880567999982 ], [ 48.175190504000057, -13.911413434999929 ], [ 48.242392282000026, -13.873819289999972 ], [ 48.266645672000038, -13.880326468999954 ], [ 48.313514194000049, -13.918805623999958 ], [ 48.325336715000049, -13.970640768999942 ], [ 48.311986985000033, -14.00290124299994 ], [ 48.312473109000052, -14.084858881999935 ], [ 48.338251791000062, -14.121552700999928 ], [ 48.365430786000047, -14.112881443999981 ], [ 48.377546399000039, -14.167039173999967 ], [ 48.461781410000071, -14.167964330999951 ], [ 48.487298703000079, -14.191015848999939 ], [ 48.501833504000047, -14.195116739999946 ], [ 48.515960095000025, -14.216226788999961 ], [ 48.55425, -14.227620004999949 ], [ 48.64065709700003, -14.23032178699998 ], [ 48.679818840000053, -14.241009714999961 ], [ 48.696928441000068, -14.237467985999956 ], [ 48.725208811000073, -14.207484004999969 ], [ 48.736466793000034, -14.204724402999943 ], [ 48.746916939000073, -14.21310127199996 ], [ 48.757724795000058, -14.208557307999968 ], [ 48.764128515000039, -14.220915163999962 ], [ 48.775771, -14.224469333999934 ], [ 48.783199122000042, -14.251824131999967 ], [ 48.808293758000048, -14.265344986999935 ], [ 48.821092754000063, -14.260165886999971 ], [ 48.83781751600003, -14.237199674999943 ], [ 48.882812779000062, -14.217253340999946 ], [ 48.897513097000058, -14.196528300999944 ], [ 48.911864842000057, -14.193071012999951 ], [ 48.932058844000039, -14.163784502999931 ], [ 48.97270166900006, -14.145973449999929 ], [ 48.979355920000046, -14.164763042999937 ], [ 48.987493652000069, -14.156284180999933 ], [ 49.029946626000026, -14.184801042999936 ], [ 49.053278239000065, -14.186074060999943 ], [ 49.081685423000067, -14.206952690999969 ], [ 49.106593839000027, -14.193177395999953 ], [ 49.107139693000079, -14.261820668999974 ], [ 49.139997067000081, -14.28884100099998 ], [ 49.152059715000064, -14.320781484999941 ], [ 49.160311, -14.317495961999953 ], [ 49.200902344000042, -14.359172342999955 ], [ 49.245819051000069, -14.370636941999976 ], [ 49.252936069000043, -14.400742354999977 ], [ 49.248414208000042, -14.412636003999978 ], [ 49.291238055000065, -14.459489518999931 ], [ 49.315032747000032, -14.458268146999956 ], [ 49.327813445000061, -14.464585851999971 ], [ 49.327300691000062, -14.475467065999965 ], [ 49.361932848000038, -14.479578929999946 ], [ 49.373598351000055, -14.496174002999965 ], [ 49.383500053000034, -14.496061487999953 ], [ 49.411880147000034, -14.516829923999978 ], [ 49.40878781300006, -14.526080105999938 ], [ 49.390822978000074, -14.522949456999982 ], [ 49.370217776000061, -14.542970879999928 ], [ 49.354356908000057, -14.544698363999942 ], [ 49.312914029000069, -14.586360044999935 ], [ 49.309312426000076, -14.60862291199993 ], [ 49.380942982000079, -14.615961669999933 ], [ 49.398250027000074, -14.631070333999958 ], [ 49.422953410000048, -14.673309556999982 ], [ 49.422825601000056, -14.69218594299997 ], [ 49.439441210000041, -14.706841392999934 ], [ 49.426749722000068, -14.72341729599998 ], [ 49.427567946000067, -14.73836820899993 ], [ 49.444642866000038, -14.754030237999928 ], [ 49.467452134000041, -14.80708455599995 ], [ 49.478633006000052, -14.807831890999978 ], [ 49.473632240000029, -14.833631173999947 ], [ 49.457982571000059, -14.858671931999936 ], [ 49.420452358000034, -14.872447033999947 ], [ 49.418921760000046, -14.88031725899998 ], [ 49.432501062000028, -14.904643264999947 ], [ 49.430402614000059, -14.918265223999981 ], [ 49.462908355000081, -14.917955452999934 ], [ 49.467265525000073, -14.930249163999974 ], [ 49.451604347000057, -14.994551562999959 ], [ 49.46518343300005, -15.021656254999982 ], [ 49.445910996000066, -15.072420017999946 ], [ 49.453203406000057, -15.095377923999934 ], [ 49.428672367000047, -15.101097095999933 ], [ 49.436723899000071, -15.112898911999935 ], [ 49.426313262000065, -15.114971917999981 ], [ 49.420572943000082, -15.094791796999971 ], [ 49.41106766200005, -15.104198744999962 ], [ 49.411364648000074, -15.09536609099996 ], [ 49.397418942000058, -15.08955607799993 ], [ 49.393419391000066, -15.077881443999956 ], [ 49.388767999000038, -15.08736803599993 ], [ 49.387570185000072, -15.071363254999937 ], [ 49.376875225000049, -15.073066063999931 ], [ 49.375672318000056, -15.080590167999958 ], [ 49.366171046000034, -15.07883993799993 ], [ 49.364626091000048, -15.070861534999949 ], [ 49.355632621000041, -15.078194912999948 ], [ 49.350374491000082, -15.116179958999965 ], [ 49.365615245000072, -15.138871973999926 ], [ 49.37222326300008, -15.201025031999961 ], [ 49.368411860000037, -15.237545626999975 ], [ 49.345692474000032, -15.256160628999965 ], [ 49.336714856000071, -15.241959435999945 ], [ 49.320063288000028, -15.249118068999962 ], [ 49.30725785900006, -15.242098228999964 ], [ 49.298021738000045, -15.252100926999958 ], [ 49.30136299600008, -15.26112004099997 ], [ 49.287785801000041, -15.26770212699995 ], [ 49.273690679000026, -15.290277458999981 ], [ 49.263410158000056, -15.281926935999934 ], [ 49.233668153000053, -15.292318694999949 ], [ 49.21269084100004, -15.283024864999959 ], [ 49.203753274000064, -15.29258521099996 ], [ 49.189228661000072, -15.291814206999959 ], [ 49.178968774000055, -15.298633417999952 ], [ 49.173522018000028, -15.317455924999933 ], [ 49.131731194000054, -15.328409376999957 ], [ 49.109589752000034, -15.339267211999982 ], [ 49.102365890000044, -15.351332640999942 ], [ 49.08211361900004, -15.338161069999956 ], [ 49.059495917000049, -15.351449790999936 ], [ 49.048248328000057, -15.345623560999968 ], [ 49.049341734000052, -15.353571405999958 ], [ 49.039739764000046, -15.360298728999965 ], [ 49.000517013000035, -15.355766552999967 ], [ 48.99904689400006, -15.381844807999983 ], [ 49.018242712000074, -15.396348520999936 ], [ 49.009946385000035, -15.402787634999981 ], [ 49.010393502000056, -15.416481895999937 ], [ 49.026898380000034, -15.452712851999934 ], [ 49.052358383000069, -15.463015204999977 ], [ 49.090516411000067, -15.44812305499994 ], [ 49.099386860000038, -15.454829586999949 ], [ 49.099063514000079, -15.464019527999938 ], [ 49.111214972000028, -15.469247030999952 ], [ 49.117581285000028, -15.451701477999961 ], [ 49.128311732000043, -15.453129970999953 ], [ 49.130713274000072, -15.476480463999962 ], [ 49.112683378000042, -15.477975943999979 ], [ 49.108744396000077, -15.497073967999938 ], [ 49.070974680000063, -15.52566156499995 ], [ 49.074626370000033, -15.552715964999948 ], [ 49.091442536000045, -15.574710494999977 ], [ 49.079860521000057, -15.585596937999981 ], [ 49.073072393000075, -15.677177349999965 ], [ 49.064261486000078, -15.678341341999953 ], [ 49.059646484000041, -15.719606472999942 ], [ 49.043008728000075, -15.76291407399998 ], [ 49.062233162000041, -15.787009018999981 ], [ 49.071805826000059, -15.782642067999973 ], [ 49.088402894000069, -15.791026014999943 ], [ 49.095977836000031, -15.845334382999965 ], [ 49.103978140000038, -15.855941407999978 ], [ 49.097765968000033, -15.868897688999937 ], [ 49.103535462000082, -15.881810710999957 ], [ 49.096741914000063, -15.886521457999947 ], [ 49.10735205800006, -15.891595865999932 ], [ 49.129012557000067, -15.926021008999953 ], [ 49.142813586000045, -15.931916934999947 ], [ 49.168961504000038, -15.969645096999955 ], [ 49.141604083000061, -15.976875867999979 ], [ 49.136509085000057, -16.011426220999965 ], [ 49.14235063600006, -16.051223540999956 ], [ 49.159305115000052, -16.061485537999943 ], [ 49.170337271000051, -16.054674144999979 ], [ 49.193577873000038, -16.058006773999978 ], [ 49.197489857000051, -16.068714539999974 ], [ 49.179885052000031, -16.076219563999928 ], [ 49.203311763000045, -16.086383096999953 ], [ 49.185818429000051, -16.101562857999966 ], [ 49.186778036000078, -16.116579053999942 ], [ 49.217972584000051, -16.138437519999968 ], [ 49.208528734000026, -16.159662859999969 ], [ 49.215074658000049, -16.177954224999951 ], [ 49.208104056000082, -16.185045789999947 ], [ 49.210235639000075, -16.197768227999973 ], [ 49.204006347000075, -16.198406700999954 ], [ 49.206172159000062, -16.244546269999944 ], [ 49.213675076000072, -16.252628276999928 ], [ 49.177150471000061, -16.28995576799997 ], [ 49.186724505000029, -16.298517423999954 ], [ 49.19253838800006, -16.324962711999945 ], [ 49.186283090000074, -16.333493791999956 ], [ 49.169046199000036, -16.331894188999968 ], [ 49.145638032000079, -16.346928244999958 ], [ 49.149277261000066, -16.354419680999968 ], [ 49.138213462000067, -16.373232156999961 ], [ 49.145360678000031, -16.379073636999976 ], [ 49.13770220300006, -16.40109418399993 ], [ 49.15280346600008, -16.408102474999964 ], [ 49.151743, -16.415437836999956 ], [ 49.12358, -16.440180003999956 ], [ 49.116682361000073, -16.467032752999955 ], [ 49.095783164000068, -16.479010199999948 ], [ 49.076093030000038, -16.478570541999943 ], [ 49.035884267000029, -16.506736774999979 ], [ 49.016758521000042, -16.525224627999933 ], [ 49.017444840000053, -16.575180911999951 ], [ 48.992604056000062, -16.580276055999946 ], [ 48.959989906000033, -16.60648400599996 ], [ 48.956426226000076, -16.634813916999974 ], [ 48.97736584900008, -16.659645610999974 ], [ 48.98829360700006, -16.659382388999973 ], [ 48.990689628000041, -16.669043012999964 ], [ 48.98441002900006, -16.672396783999943 ], [ 48.970061031000057, -16.664431757999978 ], [ 48.933997352000063, -16.685584940999945 ], [ 48.893011443000034, -16.678064623999944 ], [ 48.875835744000028, -16.682124733999956 ], [ 48.860262871000032, -16.671607068999947 ], [ 48.825282658000049, -16.686470179999958 ], [ 48.798689692000039, -16.677447237999957 ], [ 48.787143797000056, -16.683240117999958 ], [ 48.773161965000043, -16.679613181999969 ], [ 48.762373847000049, -16.667481966999958 ], [ 48.765395954000041, -16.662535029999958 ], [ 48.752756287000068, -16.660116646999938 ], [ 48.739447111000061, -16.670274039999981 ], [ 48.719235577000063, -16.664149302999931 ], [ 48.706836118000069, -16.684533375999933 ], [ 48.690589792000026, -16.689722046999975 ] ] ] } },
{ "type": "Feature", "properties": { "ISO": "MDG-VAK", "NAME_1": "Vakinankaratra" }, "geometry": { "type": "Polygon", "coordinates": [ [ [ 47.699759050000068, -20.067815955999947 ], [ 47.675274440000067, -20.067958701999942 ], [ 47.662741223000069, -20.080747991999942 ], [ 47.622626134000029, -20.097524863999979 ], [ 47.603435703000059, -20.075842433999981 ], [ 47.586267046000046, -20.074186055999974 ], [ 47.548259723000058, -20.052219335999951 ], [ 47.517808136000042, -20.059489158999952 ], [ 47.516324832000066, -20.074745195999981 ], [ 47.505208237000033, -20.078185505999954 ], [ 47.508189830000049, -20.061536944999943 ], [ 47.497966399000063, -20.054745647999937 ], [ 47.497662565000041, -20.04399256499994 ], [ 47.484104160000072, -20.046043902999941 ], [ 47.47007848700008, -20.038078905999953 ], [ 47.458878352000056, -20.049485521999941 ], [ 47.457242911000037, -20.080518119999965 ], [ 47.448174019000078, -20.084701025999948 ], [ 47.417404812000029, -20.06675624099995 ], [ 47.387994497000079, -20.065127041999972 ], [ 47.358727535000071, -20.043643578999934 ], [ 47.329553049000026, -20.054842441999938 ], [ 47.30568, -20.051830002999964 ], [ 47.299516667000034, -20.063533335999978 ], [ 47.281116667000049, -20.060750002999953 ], [ 47.271282991000078, -20.073646955999948 ], [ 47.25049031900005, -20.065451813999971 ], [ 47.234084479000046, -20.080260425999938 ], [ 47.223275680000029, -20.070984493999958 ], [ 47.191899999000043, -20.090450002999944 ], [ 47.189472483000031, -20.103045546999965 ], [ 47.176583333000053, -20.113716669999974 ], [ 47.18520206200003, -20.165111914999954 ], [ 47.143786890000058, -20.159713263999947 ], [ 47.112291748000075, -20.167279743999927 ], [ 47.1009, -20.156830002999982 ], [ 47.084668984000075, -20.16386111099996 ], [ 47.079199515000028, -20.159700946999976 ], [ 47.069784224000045, -20.170172143999935 ], [ 47.067238289000045, -20.162473466999927 ], [ 47.054515811000044, -20.162903555999947 ], [ 47.051926566000077, -20.176836510999976 ], [ 47.031047250000029, -20.195183567999948 ], [ 47.009913204000043, -20.194893616999934 ], [ 47.01073619400006, -20.183059569999955 ], [ 47.004767773000026, -20.184061879999945 ], [ 46.998300607000033, -20.224304716999939 ], [ 46.981484159000047, -20.200438990999942 ], [ 46.959703439000066, -20.20793131399995 ], [ 46.960113910000075, -20.187753359999931 ], [ 46.944263737000028, -20.16608531299994 ], [ 46.894899235000025, -20.211531135999962 ], [ 46.897764742000049, -20.226342920999969 ], [ 46.886326699000051, -20.229251597999962 ], [ 46.888381638000055, -20.237431876999949 ], [ 46.873250517000031, -20.235636199999931 ], [ 46.86620458200008, -20.248540165999941 ], [ 46.870392337000055, -20.252140164999958 ], [ 46.861957077000056, -20.258466496999972 ], [ 46.864394363000031, -20.268387421999932 ], [ 46.850521489000073, -20.264399783999977 ], [ 46.837598244000048, -20.248954020999975 ], [ 46.823115179000069, -20.261109844999964 ], [ 46.817093367000041, -20.278381991999936 ], [ 46.804482151000059, -20.26750482999995 ], [ 46.798588525000071, -20.271356854999965 ], [ 46.80561048800007, -20.278272251999965 ], [ 46.764396353000052, -20.268853039999954 ], [ 46.753052647000061, -20.260607189999973 ], [ 46.756606445000045, -20.245884325999953 ], [ 46.738911586000029, -20.237802940999927 ], [ 46.743495789000065, -20.230192013999954 ], [ 46.737622134000048, -20.222830813999963 ], [ 46.728569125000035, -20.239089036999928 ], [ 46.744172044000038, -20.261687041999949 ], [ 46.731958847000044, -20.269321073999947 ], [ 46.669409300000041, -20.259042932999932 ], [ 46.647736931000054, -20.248358092999979 ], [ 46.59317, -20.26615000399994 ], [ 46.515874345000043, -20.265499849999969 ], [ 46.505507684000065, -20.244216064999932 ], [ 46.501674358000059, -20.252134243999933 ], [ 46.45706582300005, -20.241310167999927 ], [ 46.440794985000025, -20.21370015399998 ], [ 46.427361655000027, -20.228068863999965 ], [ 46.38249752300004, -20.23835620899996 ], [ 46.368588041000066, -20.249030306999941 ], [ 46.33111832700007, -20.226754466999978 ], [ 46.300966224000035, -20.226803941999947 ], [ 46.252090545000044, -20.18108376999993 ], [ 46.252582014000041, -20.150135057999933 ], [ 46.270552800000075, -20.14809437599996 ], [ 46.282331320000026, -20.154538894999973 ], [ 46.291109335000044, -20.147492922999959 ], [ 46.291191500000025, -20.131466957999976 ], [ 46.280614796000066, -20.130497215999981 ], [ 46.27434887000004, -20.120762014999968 ], [ 46.274589591000051, -20.101835561999962 ], [ 46.25744981500003, -20.092117500999962 ], [ 46.28408309200006, -20.090378673999965 ], [ 46.280022951000035, -20.079736460999982 ], [ 46.286901296000053, -20.069704872999978 ], [ 46.260172898000064, -20.030361002999939 ], [ 46.237087098000075, -20.022776997999927 ], [ 46.225843121000025, -20.005933889999937 ], [ 46.213170085000058, -20.008045095999933 ], [ 46.212673530000075, -20.02788686599996 ], [ 46.201246735000041, -20.041329287999929 ], [ 46.17492330400006, -20.051823990999935 ], [ 46.14402818800005, -20.084646412999973 ], [ 46.135615534000067, -20.068912594999972 ], [ 46.140454175000059, -20.047246719999976 ], [ 46.120138488000066, -20.030849662999969 ], [ 46.09839125700006, -20.030885282999975 ], [ 46.083769544000063, -20.022276394999949 ], [ 46.081936446000043, -20.007392967999976 ], [ 46.072594312000035, -20.000155739999968 ], [ 46.069516075000081, -19.970475569999962 ], [ 46.053899787000034, -19.948993032999965 ], [ 46.02035569800006, -19.953499119999947 ], [ 46.000780276000057, -19.929215728999964 ], [ 45.979842015000031, -19.924231830999929 ], [ 45.931989921000081, -19.932673028999943 ], [ 45.903440135000039, -19.924909558999957 ], [ 45.863402121000036, -19.898552631999962 ], [ 45.850033207000081, -19.912733877999926 ], [ 45.830941106000068, -19.919082987999957 ], [ 45.808436865000033, -19.915155870999968 ], [ 45.771525890000078, -19.88141326799996 ], [ 45.776415133000057, -19.86496512399998 ], [ 45.799064658000077, -19.854828429999941 ], [ 45.804619473000059, -19.808537987999955 ], [ 45.831359074000034, -19.784851818999982 ], [ 45.81209436100005, -19.753877237999973 ], [ 45.803093434000061, -19.718757294999932 ], [ 45.828572937000047, -19.691927481999983 ], [ 45.830134937000025, -19.681358028999966 ], [ 45.839989531000072, -19.677732927999955 ], [ 45.832011971000043, -19.661821212999939 ], [ 45.83651696700008, -19.641865271999961 ], [ 45.817806522000069, -19.609617647999983 ], [ 45.828777683000055, -19.575080248999939 ], [ 45.808036686000037, -19.56160499899994 ], [ 45.795971244000043, -19.564589872999932 ], [ 45.780887388000053, -19.536045471999955 ], [ 45.796849063000082, -19.495240149999972 ], [ 45.781267200000059, -19.470096202999969 ], [ 45.783373899000026, -19.457622322999953 ], [ 45.801584390000073, -19.440611286999967 ], [ 45.810617998000055, -19.45743529799995 ], [ 45.81852862900007, -19.450822267999968 ], [ 45.844089079000071, -19.450788812999974 ], [ 45.89033801800008, -19.416817166999977 ], [ 45.912446005000049, -19.452954969999951 ], [ 45.92210940800004, -19.440626349999945 ], [ 45.938016299000026, -19.436745835999943 ], [ 45.947934543000031, -19.418450190999977 ], [ 45.960784996000029, -19.415906093999979 ], [ 45.978169456000046, -19.427707054999928 ], [ 46.003353416000039, -19.404924738999966 ], [ 46.012075183000036, -19.413299359999939 ], [ 46.030690390000075, -19.407841466999969 ], [ 46.03034094700007, -19.41516669799995 ], [ 46.05849562700007, -19.425150047999978 ], [ 46.096773196000072, -19.426913252999952 ], [ 46.116170784000076, -19.444018637999932 ], [ 46.129386465000039, -19.442199262999964 ], [ 46.144558489000076, -19.428190109999946 ], [ 46.143108594000068, -19.411861969999961 ], [ 46.155447094000067, -19.40080560399997 ], [ 46.183012686000041, -19.40646316599998 ], [ 46.188117488000046, -19.418890933999933 ], [ 46.20385583400008, -19.428967193999938 ], [ 46.215511421000031, -19.420702086999938 ], [ 46.252268467000079, -19.424060331999954 ], [ 46.28408614500006, -19.410360487999981 ], [ 46.302436809000028, -19.411631670999952 ], [ 46.308195976000036, -19.42136314499993 ], [ 46.335434758000076, -19.420197222999946 ], [ 46.35197469600007, -19.399975206999954 ], [ 46.364065624000034, -19.395997869999974 ], [ 46.375032494000038, -19.402974238999946 ], [ 46.405736802000035, -19.373003181999934 ], [ 46.422088899000073, -19.378761888999975 ], [ 46.431574309000041, -19.370178287999977 ], [ 46.463179108000077, -19.403130594999936 ], [ 46.470820496000044, -19.389472578999971 ], [ 46.491027288000055, -19.383263383999974 ], [ 46.508565074000046, -19.385264228999972 ], [ 46.517299118000039, -19.399618756999928 ], [ 46.528508595000062, -19.39484631299996 ], [ 46.561303688000066, -19.413212676999933 ], [ 46.577361206000035, -19.410077347999959 ], [ 46.598627105000048, -19.40194276099993 ], [ 46.609647027000051, -19.387288020999961 ], [ 46.611333136000042, -19.362523653999972 ], [ 46.623287467000068, -19.366851754999971 ], [ 46.624563987000045, -19.35426145699995 ], [ 46.638897757000052, -19.352762133999931 ], [ 46.638952590000031, -19.34535193399995 ], [ 46.648341451000078, -19.348832235999964 ], [ 46.66507372500007, -19.330641990999936 ], [ 46.675158244000045, -19.33209382299998 ], [ 46.669592604000059, -19.320553101999963 ], [ 46.683342167000035, -19.318798017999939 ], [ 46.687088359000029, -19.309585309999932 ], [ 46.693887133000032, -19.320938493999961 ], [ 46.70996492200004, -19.313377345999982 ], [ 46.719049622000057, -19.32049064499995 ], [ 46.721483027000033, -19.30934683199996 ], [ 46.762704358000065, -19.297117791999938 ], [ 46.766395051000075, -19.279550140999959 ], [ 46.775553929000068, -19.271978133999937 ], [ 46.765811922000069, -19.26318992399996 ], [ 46.776907030000075, -19.26438021599995 ], [ 46.800519165000026, -19.246666508999965 ], [ 46.813475498000059, -19.24926877799993 ], [ 46.820554503000039, -19.23578294899994 ], [ 46.82866593500006, -19.236812408999981 ], [ 46.823836957000026, -19.227814457999955 ], [ 46.828944745000058, -19.218028324999977 ], [ 46.835395121000033, -19.223695486999929 ], [ 46.835654787000067, -19.213591419999943 ], [ 46.857939722000026, -19.217446220999932 ], [ 46.871746274000031, -19.234793252999964 ], [ 46.884234394000032, -19.225893499999927 ], [ 46.89765925100005, -19.227233572999978 ], [ 46.901327111000057, -19.235376660999975 ], [ 46.906019400000048, -19.228357442999936 ], [ 46.917465037000056, -19.233852946999946 ], [ 46.915695305000042, -19.211307089999934 ], [ 46.950563040000077, -19.190536916999974 ], [ 46.976766596000061, -19.203121452999937 ], [ 46.994703505000075, -19.194284448999952 ], [ 47.030716165000058, -19.203778523999972 ], [ 47.051549262000037, -19.230251090999957 ], [ 47.068279414000074, -19.239269567999941 ], [ 47.060560055000053, -19.294893479999928 ], [ 47.074521256000025, -19.302081898999973 ], [ 47.069097855000052, -19.322297650999928 ], [ 47.100449745000049, -19.347457155999962 ], [ 47.15429447300005, -19.349178649999942 ], [ 47.194954248000045, -19.372308328999964 ], [ 47.22423759000003, -19.377638908999927 ], [ 47.233917333000079, -19.371662800999957 ], [ 47.243422701000043, -19.348657947999982 ], [ 47.244018643000061, -19.313962017999927 ], [ 47.264338438000038, -19.277549052999973 ], [ 47.297629240000049, -19.294589323999958 ], [ 47.330380001000037, -19.290770002999977 ], [ 47.326659049000057, -19.277918178999983 ], [ 47.334699999000065, -19.268180004999977 ], [ 47.334118205000038, -19.282634645999963 ], [ 47.370429608000052, -19.288901648999968 ], [ 47.428199999000071, -19.269000002999974 ], [ 47.42477, -19.260020003999955 ], [ 47.410926218000043, -19.259918510999967 ], [ 47.405920919000039, -19.247553185999948 ], [ 47.418411678000041, -19.243226189999973 ], [ 47.430903727000043, -19.256172783999943 ], [ 47.443220998000072, -19.253069359999927 ], [ 47.443028497000057, -19.207421784999951 ], [ 47.464145362000068, -19.204680122999946 ], [ 47.456689013000073, -19.142894856999931 ], [ 47.470790716000067, -19.138914376999935 ], [ 47.467314901000066, -19.129898456999967 ], [ 47.479431286000079, -19.116799879999974 ], [ 47.495109797000055, -19.115343739999958 ], [ 47.505216666000081, -19.130133335999972 ], [ 47.531297927000026, -19.139321749999965 ], [ 47.51587, -19.15297000299995 ], [ 47.509009672000047, -19.173587096999938 ], [ 47.508849999000063, -19.216030002999958 ], [ 47.528246509000041, -19.226783351999927 ], [ 47.543577582000069, -19.250057655999967 ], [ 47.535770948000049, -19.289085827999941 ], [ 47.555134085000077, -19.300399358999982 ], [ 47.550371354000049, -19.328693845999965 ], [ 47.567559157000062, -19.346620349999966 ], [ 47.585019841000076, -19.389293989999942 ], [ 47.593055376000052, -19.398638375999951 ], [ 47.598554542000045, -19.38466888499994 ], [ 47.60772397900007, -19.383846364999954 ], [ 47.616197093000039, -19.40637596199997 ], [ 47.637500509000063, -19.419737342999952 ], [ 47.648479817000066, -19.415625374999934 ], [ 47.66450539300007, -19.42518647199995 ], [ 47.677752715000054, -19.420739071999947 ], [ 47.692110831000036, -19.426424530999952 ], [ 47.705764359000057, -19.421331386999952 ], [ 47.712716751000073, -19.442865798999946 ], [ 47.731816950000052, -19.441657744999929 ], [ 47.755285542000081, -19.476828697999963 ], [ 47.772008020000044, -19.480488456999979 ], [ 47.773238305000064, -19.47278833799993 ], [ 47.764487939000048, -19.468960919999972 ], [ 47.775851053000054, -19.463038841999946 ], [ 47.783458319000033, -19.473666206999951 ], [ 47.77841138000008, -19.485213663999957 ], [ 47.786099233000073, -19.503843567999979 ], [ 47.818333213000074, -19.521486104999951 ], [ 47.825617717000057, -19.549496279999971 ], [ 47.83690792200008, -19.557245475999935 ], [ 47.853853807000064, -19.555316716999982 ], [ 47.862768272000039, -19.569040164999933 ], [ 47.857575907000069, -19.595201566999947 ], [ 47.861958114000061, -19.615464947999953 ], [ 47.837376427000038, -19.629020021999963 ], [ 47.836182953000048, -19.669023770999956 ], [ 47.843004760000042, -19.686475649999977 ], [ 47.83703747800007, -19.718380944999979 ], [ 47.887924865000059, -19.746748078999929 ], [ 47.881787131000067, -19.764684833999979 ], [ 47.865457382000045, -19.768711442999972 ], [ 47.859326838000072, -19.816339898999956 ], [ 47.892533509000032, -19.830527028999938 ], [ 47.88688060700008, -19.835535389999961 ], [ 47.887687245000052, -19.872800364999932 ], [ 47.879925669000045, -19.881025178999948 ], [ 47.850988270000073, -19.869787865999967 ], [ 47.843035515000054, -19.856329581999944 ], [ 47.79826999900007, -19.83548000299993 ], [ 47.776029616000073, -19.863763260999974 ], [ 47.763848178000046, -19.865391923999937 ], [ 47.769291622000026, -19.884581089999926 ], [ 47.764441967000039, -19.904987304999963 ], [ 47.743797086000029, -19.928210925999963 ], [ 47.729544569000041, -19.938409751999927 ], [ 47.695816781000076, -19.937935477999929 ], [ 47.763709827000071, -20.030768008999928 ], [ 47.749769123000078, -20.055960786999947 ], [ 47.711198942000067, -20.045684576999975 ], [ 47.699759050000068, -20.067815955999947 ] ] ] } },
{ "type": "Feature", "properties": { "ISO": "MDG-VAT", "NAME_1": "Vatovavy" }, "geometry": { "type": "Polygon", "coordinates": [ [ [ 48.162425016000043, -21.725690250999946 ], [ 48.129322436000052, -21.707934386999966 ], [ 48.101294773000063, -21.710031674999982 ], [ 48.08643292000005, -21.703767038999956 ], [ 48.07281732000007, -21.721957785999962 ], [ 48.069774436000046, -21.705846231999942 ], [ 48.078005659000041, -21.690740217999974 ], [ 48.07138094700008, -21.685131774999945 ], [ 48.071679563000032, -21.650093341999934 ], [ 48.060534191000045, -21.634961352999937 ], [ 48.052252253000063, -21.634926376999942 ], [ 48.043184260000032, -21.604443123999943 ], [ 48.021291033000068, -21.615132327999959 ], [ 48.022006634000036, -21.621305952999933 ], [ 47.983008924000046, -21.631841176999956 ], [ 47.967736066000043, -21.64938041399995 ], [ 47.967598235000025, -21.666658732999963 ], [ 47.95272243900007, -21.671087110999963 ], [ 47.945384962000048, -21.664551548999953 ], [ 47.929078521000065, -21.667808351999952 ], [ 47.914034780000065, -21.642773051999939 ], [ 47.851503937000075, -21.626672164999945 ], [ 47.852119776000052, -21.607830116999935 ], [ 47.813948005000043, -21.590611591999959 ], [ 47.770950712000058, -21.598259695999957 ], [ 47.801288344000056, -21.642428504999941 ], [ 47.785313957000028, -21.649917089999974 ], [ 47.767825218000041, -21.621514099999956 ], [ 47.760620823000068, -21.631357499999979 ], [ 47.747471953000058, -21.630024526999932 ], [ 47.736596430000077, -21.643949813999939 ], [ 47.720074873000044, -21.623077423999973 ], [ 47.686293085000045, -21.619136974999947 ], [ 47.673768585000062, -21.62685137699998 ], [ 47.635250001000031, -21.626550001999931 ], [ 47.621287744000028, -21.641506083999957 ], [ 47.612910537000062, -21.637635211999964 ], [ 47.605595694000044, -21.645797792999929 ], [ 47.606201510000062, -21.622651194999946 ], [ 47.597131223000076, -21.607048085999963 ], [ 47.60057355400005, -21.590187800999956 ], [ 47.609132638000062, -21.589734252999961 ], [ 47.60063000100007, -21.576130001999957 ], [ 47.617877527000076, -21.55104632299998 ], [ 47.60626224400005, -21.531651418999957 ], [ 47.609100002000048, -21.499800002999962 ], [ 47.584137075000058, -21.483298057999946 ], [ 47.580041872000038, -21.46861983499997 ], [ 47.554239172000052, -21.460438158999978 ], [ 47.54383000100006, -21.440700001999971 ], [ 47.472444843000062, -21.41351175899996 ], [ 47.445308240000031, -21.385349832999964 ], [ 47.43238472400003, -21.382407845999978 ], [ 47.41812999900003, -21.394020001999934 ], [ 47.404010893000077, -21.332954209999968 ], [ 47.38241408500005, -21.322530159999928 ], [ 47.38089485200004, -21.316293310999981 ], [ 47.403423140000029, -21.291642477999972 ], [ 47.395905932000062, -21.278996567999968 ], [ 47.377443702000051, -21.274881058999938 ], [ 47.391294928000036, -21.260573748999946 ], [ 47.387626383000054, -21.25093766599997 ], [ 47.401632924000069, -21.244308405999959 ], [ 47.391290379000054, -21.211297202999958 ], [ 47.403728692000072, -21.204648764999945 ], [ 47.407030043000077, -21.187965063999968 ], [ 47.418970995000052, -21.183790839999972 ], [ 47.430420690000062, -21.162601174999963 ], [ 47.441693014000066, -21.165798107999933 ], [ 47.450004511000031, -21.155727181999964 ], [ 47.436269738000078, -21.124786461999975 ], [ 47.44328046000004, -21.090840319999927 ], [ 47.417480001000058, -21.083580000999973 ], [ 47.406902546000026, -21.066891914999928 ], [ 47.38935603300007, -21.066516643999933 ], [ 47.381198833000042, -21.076506627999947 ], [ 47.338210095000079, -21.054483779999941 ], [ 47.346113865000063, -21.024295067999958 ], [ 47.331429107000076, -21.008781809999959 ], [ 47.341934649000052, -20.989757732999976 ], [ 47.35559227400006, -20.981380669999965 ], [ 47.350606933000051, -20.96217852999996 ], [ 47.387993950000066, -20.956587542999955 ], [ 47.387539470000036, -20.94257945499993 ], [ 47.407116014000053, -20.950650831999951 ], [ 47.464578522000068, -20.948500431999946 ], [ 47.466907522000042, -20.890324729999975 ], [ 47.440193781000062, -20.848061120999944 ], [ 47.447945847000028, -20.847224538999967 ], [ 47.458272894000061, -20.819160873999977 ], [ 47.491197763000059, -20.796290701999965 ], [ 47.495225771000037, -20.772099968999953 ], [ 47.489812393000079, -20.762631343999942 ], [ 47.517280001000074, -20.758020002999956 ], [ 47.516071708000027, -20.731516259999978 ], [ 47.53099334400008, -20.732907409999939 ], [ 47.544942578000075, -20.746131997999953 ], [ 47.549169895000034, -20.740302688999975 ], [ 47.600550038000051, -20.744959661999928 ], [ 47.605868739000073, -20.738090190999969 ], [ 47.635455293000064, -20.736312718999955 ], [ 47.646149663000074, -20.749889089999954 ], [ 47.636013267000067, -20.704314920999934 ], [ 47.642720533000045, -20.69903986199995 ], [ 47.66620408600005, -20.703344295999955 ], [ 47.65991013200005, -20.69307712899996 ], [ 47.670956345000036, -20.668191143999934 ], [ 47.6588, -20.667320003999976 ], [ 47.653, -20.658850002999941 ], [ 47.657982893000053, -20.648444703999928 ], [ 47.665287669000065, -20.658838033999928 ], [ 47.675966648000042, -20.65762794799997 ], [ 47.67993881700005, -20.646263565999959 ], [ 47.639848326000049, -20.621042167999974 ], [ 47.62545, -20.63407000199993 ], [ 47.622628647000056, -20.651910531999931 ], [ 47.636263671000052, -20.662868600999957 ], [ 47.636178933000053, -20.671229427999947 ], [ 47.625835059000053, -20.676969239999949 ], [ 47.616275193000035, -20.667399529999955 ], [ 47.61105178300005, -20.614722399999948 ], [ 47.629144376000056, -20.605168941999978 ], [ 47.627263955000046, -20.579299632999948 ], [ 47.655202361000079, -20.558807559999934 ], [ 47.650034775000051, -20.549222949999944 ], [ 47.658348526000054, -20.530992068999979 ], [ 47.642960026000026, -20.522292978999928 ], [ 47.643410735000032, -20.509597879999944 ], [ 47.651662632000068, -20.504856849999953 ], [ 47.653131247000033, -20.492755347999946 ], [ 47.663832832000026, -20.49164912599997 ], [ 47.658458970000027, -20.480805717999942 ], [ 47.64554774800007, -20.477327564999939 ], [ 47.651692623000031, -20.452696103999926 ], [ 47.647056856000063, -20.446545196999978 ], [ 47.659855513000025, -20.43055886999997 ], [ 47.655668812000044, -20.395825240999955 ], [ 47.669341576000079, -20.376779275999979 ], [ 47.688237579000031, -20.373124682999958 ], [ 47.697927913000058, -20.379488441999968 ], [ 47.691949532000081, -20.394451025999956 ], [ 47.699741415000062, -20.405335537999974 ], [ 47.720079797000039, -20.40222541299994 ], [ 47.741605969000034, -20.411461758999963 ], [ 47.735782271000062, -20.42991756899994 ], [ 47.757210828000041, -20.43818579699996 ], [ 47.76851006000004, -20.461686550999957 ], [ 47.790566908000073, -20.463781900999948 ], [ 47.800841711000032, -20.456918359999975 ], [ 47.808287832000076, -20.462538611999946 ], [ 47.814349062000076, -20.456593796999982 ], [ 47.810353699000075, -20.448977397999954 ], [ 47.841880751000076, -20.452948015999937 ], [ 47.852505921000045, -20.436234318999936 ], [ 47.872313987000041, -20.426323796999952 ], [ 47.88701010300008, -20.425688332999982 ], [ 47.909801217000052, -20.440094907999935 ], [ 47.922781513000075, -20.434244153999941 ], [ 47.930640656000037, -20.439235161999932 ], [ 47.969151512000053, -20.406014420999952 ], [ 48.005805647000045, -20.408821503999945 ], [ 48.014741554000068, -20.421829717999969 ], [ 48.03628249500008, -20.422370803999968 ], [ 48.048253779000049, -20.450421672999937 ], [ 48.062909248000039, -20.454749420999974 ], [ 48.078083964000029, -20.429554558999939 ], [ 48.07153173100005, -20.415096134999942 ], [ 48.079964421000057, -20.401456407999945 ], [ 48.077108315000032, -20.391588043999946 ], [ 48.096004307000044, -20.364795622999964 ], [ 48.108897937000052, -20.325609465999946 ], [ 48.116481529000055, -20.323016261999953 ], [ 48.116892667000059, -20.309415624999929 ], [ 48.145558605000076, -20.271988565999948 ], [ 48.130872107000073, -20.254525820999959 ], [ 48.132665799000051, -20.241470653999954 ], [ 48.154974242000037, -20.216666482999983 ], [ 48.197363118000055, -20.211552575999974 ], [ 48.203899212000067, -20.223365825999963 ], [ 48.19761614500004, -20.22628304999995 ], [ 48.200852627000074, -20.238638789999982 ], [ 48.194362075000072, -20.247640160999936 ], [ 48.207021756000074, -20.258878528999958 ], [ 48.209797071000025, -20.272960256999966 ], [ 48.248669292000045, -20.293254794999939 ], [ 48.24993539500008, -20.305218768999964 ], [ 48.267530001000068, -20.314700001999938 ], [ 48.281069193000064, -20.304775372999927 ], [ 48.29864176500007, -20.315785952999931 ], [ 48.319836768000073, -20.29715807599996 ], [ 48.333189496000045, -20.298441498999978 ], [ 48.341812074000075, -20.283405992999974 ], [ 48.358786824000049, -20.298665223999933 ], [ 48.359830204000048, -20.310956913999973 ], [ 48.389434329000039, -20.302275824999981 ], [ 48.38678099200007, -20.336960467999972 ], [ 48.369351951000056, -20.355294167999944 ], [ 48.380272496000032, -20.363952125999958 ], [ 48.383605096000053, -20.381344211999931 ], [ 48.418760801000076, -20.357789423999975 ], [ 48.420828983000035, -20.381049721999943 ], [ 48.444214548000048, -20.38561528799994 ], [ 48.446362277000048, -20.406744833999937 ], [ 48.485288471000047, -20.404580374999966 ], [ 48.506885614000055, -20.413451547999955 ], [ 48.513835810000046, -20.397821737999948 ], [ 48.526266694000071, -20.391754055999968 ], [ 48.54575841500008, -20.405175708999934 ], [ 48.559882629000072, -20.429878843999973 ], [ 48.597753889000046, -20.415759002999948 ], [ 48.503406525000059, -20.701278685999966 ], [ 48.481861116000061, -20.816104888999973 ], [ 48.453708649000077, -20.913608550999982 ], [ 48.442237854000041, -20.991760252999939 ], [ 48.34980392500006, -21.23163032399998 ], [ 48.295276642000033, -21.452749251999933 ], [ 48.20562908800008, -21.70088489799997 ], [ 48.194538073000047, -21.692900911999971 ], [ 48.17065567800006, -21.700534176999952 ], [ 48.162425016000043, -21.725690250999946 ] ] ] } },
{ "type": "Feature", "properties": { "ISO": "MDG-ANO", "NAME_1": "Anosy" }, "geometry": { "type": "Polygon", "coordinates": [ [ [ 46.25824889200004, -25.206845318999967 ], [ 46.244653699000025, -25.193949973999963 ], [ 46.274663930000031, -25.169769301999963 ], [ 46.264803571000073, -25.160997219999956 ], [ 46.27039207200005, -25.156859666999935 ], [ 46.262830330000043, -25.133900777999941 ], [ 46.26400360000008, -25.109346917999972 ], [ 46.276054507000026, -25.095451743999945 ], [ 46.263977623000073, -25.070655205999969 ], [ 46.289043865000053, -25.038778091999973 ], [ 46.262697346000039, -24.999569460999965 ], [ 46.250476804000073, -24.983407858999954 ], [ 46.241462951000074, -24.983543156999929 ], [ 46.225036139000053, -24.992425201999936 ], [ 46.213552778000064, -25.016411562999963 ], [ 46.190721291000045, -25.007136429999946 ], [ 46.198864492000041, -24.995210336999946 ], [ 46.191158973000029, -24.98142865799997 ], [ 46.182726538000054, -24.981295469999964 ], [ 46.166147315000046, -25.000905149999937 ], [ 46.161087972000075, -24.943467545999965 ], [ 46.133760049000045, -24.965015344999983 ], [ 46.129095863000032, -24.885571224999978 ], [ 46.097442994000062, -24.893663407999952 ], [ 46.085271613000032, -24.876170226999932 ], [ 46.073637592000068, -24.87473599599997 ], [ 46.062091131000045, -24.84692936099998 ], [ 46.020383626000068, -24.828954695999983 ], [ 45.980029952000052, -24.823818073999973 ], [ 46.037720162000028, -24.80049913299996 ], [ 46.019390104000081, -24.789746655999977 ], [ 46.029974259000028, -24.779805719999956 ], [ 46.020613361000073, -24.753420731999938 ], [ 45.980135950000033, -24.723452986999973 ], [ 45.98015874500004, -24.695134564999933 ], [ 45.989665236000064, -24.69065326499998 ], [ 45.971155683000063, -24.661749242999974 ], [ 45.937002796000058, -24.660493581999958 ], [ 45.927506393000044, -24.644501007999963 ], [ 45.92745083300008, -24.633512000999929 ], [ 45.938321727000073, -24.622995309999965 ], [ 45.954254718000072, -24.621556662999978 ], [ 45.967467617000068, -24.599899800999935 ], [ 45.96221657500007, -24.584003792999965 ], [ 45.951761554000029, -24.581849206999948 ], [ 45.938760411000032, -24.56060692099993 ], [ 45.926246003000074, -24.523918611999932 ], [ 45.948212007000052, -24.495681502999958 ], [ 45.98403673100006, -24.510675377999974 ], [ 46.01028498900007, -24.479251655999974 ], [ 45.982940692000057, -24.436922557999935 ], [ 45.982392165000078, -24.412887956999953 ], [ 45.972854888000029, -24.401974184999972 ], [ 45.95821257700004, -24.400055205999934 ], [ 45.960167212000044, -24.383861765999939 ], [ 45.973542725000073, -24.375665782999931 ], [ 45.960469743000033, -24.364037073999953 ], [ 45.960418954000033, -24.351355059999946 ], [ 45.950153861000047, -24.342742238999961 ], [ 45.925534894000066, -24.343578454999943 ], [ 45.903362877000063, -24.331170183999973 ], [ 45.899909950000051, -24.30748059299998 ], [ 45.926742042000058, -24.288498293999965 ], [ 45.901153260000058, -24.268107332999932 ], [ 45.847921640000038, -24.245736532999956 ], [ 45.81426338600005, -24.215662085999952 ], [ 45.840143211000054, -24.146460676999936 ], [ 45.832557953000048, -24.15059983499998 ], [ 45.82022622900007, -24.138004799999976 ], [ 45.81227969300005, -24.145488958999977 ], [ 45.74482955700006, -24.095172650999928 ], [ 45.755131215000063, -24.064542134999954 ], [ 45.747854619000066, -24.050681980999968 ], [ 45.751089562000061, -23.997025988999951 ], [ 45.742139867000049, -23.994944173999954 ], [ 45.736684183000079, -23.980055067999956 ], [ 45.716685086000041, -23.980088901999977 ], [ 45.702497703000063, -23.988619380999978 ], [ 45.703298505000078, -23.930777637999938 ], [ 45.689762236000036, -23.933746060999965 ], [ 45.678250643000069, -23.95105161999993 ], [ 45.662034660000074, -23.946678046999978 ], [ 45.649582939000027, -23.966159501999982 ], [ 45.631551828000056, -23.969066519999956 ], [ 45.616887787000053, -23.981671934999952 ], [ 45.595298941000067, -23.979896563999944 ], [ 45.578755121000029, -23.999793268999952 ], [ 45.563299147000066, -23.983754818999955 ], [ 45.529402485000048, -24.003625774999932 ], [ 45.479474500000038, -23.98106067599997 ], [ 45.483264765000058, -23.945543383999961 ], [ 45.467086061000032, -23.936636073999978 ], [ 45.473831795000081, -23.908834949999971 ], [ 45.501315212000065, -23.880972069999927 ], [ 45.504249997000045, -23.871550001999935 ], [ 45.490490529000056, -23.865959726999961 ], [ 45.514459842000065, -23.837311145999934 ], [ 45.474194493000027, -23.834107544999938 ], [ 45.464061585000081, -23.815801389999933 ], [ 45.447980795000035, -23.805899471999965 ], [ 45.447822546000054, -23.786457049999967 ], [ 45.433168298000055, -23.777751743999943 ], [ 45.424976280000067, -23.756733205999979 ], [ 45.427650586000027, -23.72111048599993 ], [ 45.467094030000055, -23.701169308999965 ], [ 45.45072858900005, -23.688059141999929 ], [ 45.447064976000036, -23.655265274999977 ], [ 45.40569163400005, -23.62403418699995 ], [ 45.432017632000054, -23.593049982999958 ], [ 45.42768512300006, -23.566462404999982 ], [ 45.459385711000039, -23.541824632999976 ], [ 45.459609282000031, -23.524372033999953 ], [ 45.446982627000068, -23.513343729999974 ], [ 45.441797111000028, -23.479738884999961 ], [ 45.397121870000035, -23.470799036999949 ], [ 45.395664730000078, -23.458112136999944 ], [ 45.371045993000052, -23.452057426999943 ], [ 45.360545746000071, -23.428060613999946 ], [ 45.329417879000061, -23.441627413999981 ], [ 45.322661467000046, -23.466717790999951 ], [ 45.306861382000079, -23.474833170999943 ], [ 45.301859472000046, -23.466429221999931 ], [ 45.271253596000065, -23.461345440999935 ], [ 45.237085561000072, -23.466554458999951 ], [ 45.206016317000035, -23.455453121999938 ], [ 45.200223290000054, -23.439568529999974 ], [ 45.200610563000055, -23.417071660999966 ], [ 45.214417104000063, -23.410608329999945 ], [ 45.219537237000054, -23.389316202999964 ], [ 45.27570664600006, -23.364634031999969 ], [ 45.285463177000054, -23.331006862999971 ], [ 45.306538493000062, -23.300610263999943 ], [ 45.326392980000037, -23.23785849199993 ], [ 45.32924808100006, -23.197854054999937 ], [ 45.353091265000046, -23.164942948999965 ], [ 45.352636260000054, -23.135571642999935 ], [ 45.336831368000048, -23.11029558499996 ], [ 45.352519039000072, -23.10902512399997 ], [ 45.36017002300008, -23.118099908999966 ], [ 45.36759492200008, -23.096514626999976 ], [ 45.36064543100008, -23.07642823599997 ], [ 45.359694341000079, -23.024745048999932 ], [ 45.372018506000074, -22.955217561999973 ], [ 45.370134293000035, -22.924370447999934 ], [ 45.394566331000078, -22.919534531999943 ], [ 45.386271194000074, -22.901494966999962 ], [ 45.397603802000049, -22.893057466999949 ], [ 45.390451490000032, -22.884637041999952 ], [ 45.400014557000077, -22.886149570999976 ], [ 45.396554341000069, -22.87416735499994 ], [ 45.403307639000047, -22.860373936999963 ], [ 45.419207861000075, -22.868539702999954 ], [ 45.436009714000079, -22.854193282999972 ], [ 45.434924844000079, -22.835962107999933 ], [ 45.440823901000044, -22.843029734999959 ], [ 45.467451426000025, -22.847148610999966 ], [ 45.475154284000041, -22.825990881999928 ], [ 45.494313610000063, -22.827307380999969 ], [ 45.502483254000026, -22.817512743999941 ], [ 45.515478314000063, -22.817433576999974 ], [ 45.521508808000078, -22.799430395999934 ], [ 45.534251266000069, -22.802676531999964 ], [ 45.543901844000061, -22.793164113999978 ], [ 45.556930785000077, -22.794711387999939 ], [ 45.559574707000081, -22.783779165999931 ], [ 45.574234009000065, -22.78292490399997 ], [ 45.580884264000076, -22.763752826999962 ], [ 45.618631048000054, -22.761420842999939 ], [ 45.637200771000039, -22.748050912999929 ], [ 45.646213701000079, -22.755766143999949 ], [ 45.647620844000073, -22.740189314999952 ], [ 45.658928360000061, -22.752598420999959 ], [ 45.661779528000068, -22.739278479999939 ], [ 45.686979059000066, -22.746847575999936 ], [ 45.69008298500006, -22.735846625999955 ], [ 45.702666008000051, -22.736829333999935 ], [ 45.702045582000039, -22.726612540999952 ], [ 45.715772359000027, -22.730423047999977 ], [ 45.722909118000075, -22.719946473999983 ], [ 45.731146764000073, -22.732610665999971 ], [ 45.751596703000075, -22.731975329999955 ], [ 45.758659539000064, -22.717388682999967 ], [ 45.788991055000054, -22.69838804699998 ], [ 45.794867233000048, -22.701513281999951 ], [ 45.799710553000068, -22.69207881799997 ], [ 45.822465695000062, -22.697386740999946 ], [ 45.820543197000063, -22.687299678999977 ], [ 45.84995650500008, -22.687756842999931 ], [ 45.855976774000055, -22.678445151999938 ], [ 45.872526223000079, -22.674736094999957 ], [ 45.901323183000045, -22.689898874999983 ], [ 45.907119856000065, -22.680166111999938 ], [ 45.912102563000076, -22.686838688999956 ], [ 45.923763601000076, -22.674773763999951 ], [ 45.942351305000045, -22.685226865999937 ], [ 45.948748231000081, -22.67425510399994 ], [ 45.95561973100007, -22.68038594799998 ], [ 45.950064419000057, -22.688030136999942 ], [ 45.97230383200008, -22.690571574999979 ], [ 45.980229845000054, -22.680388868999955 ], [ 45.980666869000061, -22.696318983999959 ], [ 46.005615227000078, -22.694274529999973 ], [ 46.03190178400007, -22.723076768999931 ], [ 46.055843168000081, -22.728074679999963 ], [ 46.065779723000048, -22.740927 ], [ 46.062747775000048, -22.746105783999951 ], [ 46.07862183900005, -22.745152001999941 ], [ 46.085754645000065, -22.792307158999961 ], [ 46.109901447000027, -22.804554369999948 ], [ 46.120215223000059, -22.823003104999941 ], [ 46.13058387500007, -22.830042361999972 ], [ 46.138801196000031, -22.821642664999956 ], [ 46.159766454000078, -22.825527484999952 ], [ 46.170558250000056, -22.83826920499996 ], [ 46.196471101000043, -22.847109049999972 ], [ 46.206165385000077, -22.840398704999927 ], [ 46.217073025000047, -22.842980176999959 ], [ 46.232353418000059, -22.900090868999939 ], [ 46.265708072000052, -22.956712025999934 ], [ 46.269589517000043, -22.98683598599996 ], [ 46.283201910000059, -22.99806910999996 ], [ 46.28012414300008, -23.010021076999976 ], [ 46.289239247000069, -23.013571978999948 ], [ 46.309146431000045, -23.050568814999963 ], [ 46.342216415000053, -23.085965493999936 ], [ 46.333771194000064, -23.100871232999964 ], [ 46.351309685000047, -23.098971568999957 ], [ 46.343311534000065, -23.109677208999983 ], [ 46.35126110300007, -23.128684213999975 ], [ 46.34600490400004, -23.135948433999943 ], [ 46.368665339000074, -23.138189213999965 ], [ 46.367533177000041, -23.14983843999994 ], [ 46.38341280800006, -23.152930588999936 ], [ 46.39578772200008, -23.168945374999964 ], [ 46.437713534000068, -23.164156623999929 ], [ 46.443205986000066, -23.176742201999957 ], [ 46.464196083000047, -23.18617358299997 ], [ 46.464275394000026, -23.197820655999976 ], [ 46.473486920000028, -23.202752549999957 ], [ 46.464718493000078, -23.221881516999929 ], [ 46.473585353000033, -23.232847099999958 ], [ 46.463629861000072, -23.276959876999967 ], [ 46.468782128000043, -23.282917561999966 ], [ 46.447228167000048, -23.288829586999952 ], [ 46.444452596000076, -23.302379167999959 ], [ 46.455477606000045, -23.307080306999978 ], [ 46.450180350000039, -23.326134509999974 ], [ 46.459702597000046, -23.329195195999944 ], [ 46.459985282000048, -23.346369784999979 ], [ 46.47742130000006, -23.363309231999949 ], [ 46.471426128000076, -23.371577955999953 ], [ 46.45116020200004, -23.372463085999982 ], [ 46.443845341000042, -23.406357292999928 ], [ 46.421575588000053, -23.41324620599994 ], [ 46.400864949000038, -23.436198583999953 ], [ 46.400344799000038, -23.449943306999955 ], [ 46.420853633000036, -23.476813036999943 ], [ 46.414355691000026, -23.491790134999974 ], [ 46.492714188000036, -23.503066270999966 ], [ 46.50018958000004, -23.619463182999937 ], [ 46.485713364000048, -23.639457290999928 ], [ 46.48125299000003, -23.663810910999928 ], [ 46.454856435000067, -23.672392481999964 ], [ 46.445818214000042, -23.695067734999952 ], [ 46.449019184000065, -23.704041839999945 ], [ 46.437005983000063, -23.714751854999975 ], [ 46.436727530000041, -23.725124181999945 ], [ 46.412700225000037, -23.740033697999934 ], [ 46.417442712000081, -23.763510699999983 ], [ 46.405240453000033, -23.776978701999951 ], [ 46.393544047000034, -23.811092950999978 ], [ 46.396177229000045, -23.829273222999973 ], [ 46.409113529000081, -23.834762222999927 ], [ 46.426798018000056, -23.829902000999937 ], [ 46.443540818000031, -23.84706929999993 ], [ 46.439818004000074, -23.85863956299994 ], [ 46.47460970800006, -23.867966263999961 ], [ 46.498028412000053, -23.891371965999951 ], [ 46.505556339000066, -23.90639836899993 ], [ 46.503468645000055, -23.921326348999969 ], [ 46.523844868000026, -23.920966503999978 ], [ 46.531032617000051, -23.93790901899996 ], [ 46.573749775000067, -23.93473235099998 ], [ 46.583199224000055, -23.925980521999975 ], [ 46.588269560000072, -23.941613978999953 ], [ 46.617684576000045, -23.945039037999948 ], [ 46.637140656000042, -23.968294330999981 ], [ 46.65153478700006, -23.963277267999956 ], [ 46.652208929000039, -23.970080864999943 ], [ 46.667161597000074, -23.973335775999942 ], [ 46.666238632000045, -23.985909510999932 ], [ 46.682483144000059, -23.976226385999951 ], [ 46.685506340000074, -23.988945582999975 ], [ 46.697679088000029, -23.98804652299998 ], [ 46.718080307000037, -24.000005146999968 ], [ 46.706074011000055, -24.029451197999947 ], [ 46.726235082000073, -24.051374959999976 ], [ 46.731196495000063, -24.107285584999943 ], [ 46.747301495000045, -24.113531862999935 ], [ 46.762036133000038, -24.108185135999975 ], [ 46.783016069000041, -24.119586228999935 ], [ 46.827227415000038, -24.103971704999935 ], [ 46.852740964000077, -24.113846850999948 ], [ 46.883221340000034, -24.160066284999971 ], [ 46.873153122000076, -24.210723726999959 ], [ 46.888498945000038, -24.224632606999933 ], [ 46.879141698000069, -24.244469748999961 ], [ 46.887033301000031, -24.297119089999967 ], [ 46.93629158300007, -24.290167425999982 ], [ 46.952627194000058, -24.278483380999944 ], [ 46.977343253000072, -24.279155684999978 ], [ 47.001148465000028, -24.260676083999954 ], [ 47.00705061900004, -24.235572711999964 ], [ 47.014461747000041, -24.238287536999962 ], [ 47.024106740000036, -24.223296644999948 ], [ 47.037201033000031, -24.223407096999949 ], [ 47.034168731000079, -24.195399232999932 ], [ 47.042274982000038, -24.181941377999976 ], [ 47.037474562000057, -24.167409611999972 ], [ 47.012263504000032, -24.146041126999933 ], [ 47.011317271000053, -24.129280087999973 ], [ 47.02358354100005, -24.105587304999972 ], [ 47.043807593000054, -24.096319090999941 ], [ 47.049466562000077, -24.086036417999935 ], [ 47.06768015800003, -24.094727793999937 ], [ 47.073788103000027, -24.088112434999971 ], [ 47.083396337000067, -24.090722211999946 ], [ 47.085937509000075, -24.079270957999938 ], [ 47.099638819000063, -24.07800739399994 ], [ 47.10544561200004, -24.085077567999974 ], [ 47.112882482000032, -24.073109670999941 ], [ 47.121889474000056, -24.072979958999952 ], [ 47.110498188000065, -24.047664841999961 ], [ 47.127123420000032, -24.044214264999937 ], [ 47.131832920000079, -24.030631527999958 ], [ 47.115106030000049, -24.014156491999927 ], [ 47.116430681000054, -23.99286540199995 ], [ 47.108431993000067, -23.986074077999945 ], [ 47.123827538000057, -23.974773696999932 ], [ 47.171245992000081, -24.000275192999936 ], [ 47.214244005000069, -23.999737453999956 ], [ 47.24477852800004, -24.037010467999949 ], [ 47.272507297000061, -24.031835710999928 ], [ 47.282900088000076, -24.065033607999965 ], [ 47.303287397000076, -24.072136219999948 ], [ 47.313237148000042, -24.060556966999968 ], [ 47.325795093000067, -24.06979606799996 ], [ 47.33162634200005, -24.092425464999963 ], [ 47.34653524600003, -24.086434277999956 ], [ 47.349788290000049, -24.09443771499997 ], [ 47.380260125000063, -24.097141404999945 ], [ 47.394629696000038, -24.122453099999973 ], [ 47.414567949000059, -24.139299335999965 ], [ 47.381473540000059, -24.249456405999979 ], [ 47.350059509000062, -24.294494627999939 ], [ 47.345966339000029, -24.320983886999954 ], [ 47.319705963000047, -24.379661559999931 ], [ 47.305297852000081, -24.428501128999983 ], [ 47.305438995000031, -24.464979170999982 ], [ 47.282669067000029, -24.537815093999939 ], [ 47.243061066000053, -24.616216659999964 ], [ 47.225101471000073, -24.669441222999978 ], [ 47.193923950000055, -24.716896056999929 ], [ 47.189296721000062, -24.74980544999994 ], [ 47.200012207000043, -24.78192710899998 ], [ 47.170814514000028, -24.784914016999949 ], [ 47.159072877000028, -24.792602538999972 ], [ 47.161201477000077, -24.795673369999975 ], [ 47.167659761000039, -24.795747756999958 ], [ 47.175357820000045, -24.787054061999982 ], [ 47.185073853000063, -24.787448881999978 ], [ 47.187282563000053, -24.784780500999943 ], [ 47.195484161000081, -24.790596007999966 ], [ 47.168441771000062, -24.800622937999947 ], [ 47.129821777000075, -24.85426902699993 ], [ 47.120620728000063, -24.893306731999928 ], [ 47.129199982000046, -24.908655166999949 ], [ 47.137966156000061, -24.908847808999951 ], [ 47.138660431000062, -24.920972823999932 ], [ 47.115795135000042, -24.937578200999951 ], [ 47.12265777600004, -24.94356346099994 ], [ 47.111675262000063, -24.939291 ], [ 47.104549408000025, -24.946361540999931 ], [ 47.109363556000062, -24.953483581999933 ], [ 47.099079133000032, -24.994108199999971 ], [ 47.091960908000033, -24.98851966999996 ], [ 47.088951111000029, -24.968994140999939 ], [ 47.080493927000077, -24.964317321999943 ], [ 47.064319612000077, -24.967260359999955 ], [ 47.08695220900006, -24.972654342999931 ], [ 47.045349121000072, -24.974967956999933 ], [ 47.021488190000071, -24.984338759999957 ], [ 46.992870331000063, -25.011487960999943 ], [ 46.992496490000065, -25.024158476999958 ], [ 47.001743318000081, -25.026521681999952 ], [ 46.997528076000037, -25.042577743999971 ], [ 46.979164124000079, -25.035356521999972 ], [ 46.961914061000073, -25.049108504999936 ], [ 46.958545685000047, -25.065139769999973 ], [ 46.968593597000051, -25.063970565999966 ], [ 46.960647583000025, -25.075336454999956 ], [ 46.930126191000056, -25.065423964999979 ], [ 46.879741669000055, -25.079690931999949 ], [ 46.83987045300006, -25.098464964999948 ], [ 46.827095032000045, -25.121927260999939 ], [ 46.810749055000031, -25.119287489999977 ], [ 46.794250487000056, -25.10050773599994 ], [ 46.804180146000078, -25.120866774999968 ], [ 46.768054962000065, -25.157876968999972 ], [ 46.756103516000053, -25.157764432999954 ], [ 46.755256655000039, -25.14503667699995 ], [ 46.72807206400006, -25.14583683799998 ], [ 46.730215924000049, -25.133831985999961 ], [ 46.721148390000053, -25.136330611999938 ], [ 46.717142142000057, -25.113106497999979 ], [ 46.706815281000047, -25.109822841999971 ], [ 46.703769570000077, -25.118293722999965 ], [ 46.717820005000078, -25.142564686999947 ], [ 46.727944895000064, -25.147323147999941 ], [ 46.739984968000044, -25.147275558999979 ], [ 46.737766266000051, -25.160348891999945 ], [ 46.745193481000058, -25.161733626999933 ], [ 46.718536377000078, -25.179716110999948 ], [ 46.654367862000072, -25.187265320999927 ], [ 46.652792391000048, -25.193979186999968 ], [ 46.636469303000069, -25.198846740999954 ], [ 46.621263919000057, -25.182342453999979 ], [ 46.570585666000056, -25.18176643399994 ], [ 46.526800571000081, -25.166065140999933 ], [ 46.497465549000026, -25.16450111499995 ], [ 46.364447055000028, -25.179668350999975 ], [ 46.25824889200004, -25.206845318999967 ] ] ] } },
{ "type": "Feature", "properties": { "ISO": "MDG-ATS", "NAME_1": "Atsimo Andrefana" }, "geometry": { "type": "Polygon", "coordinates": [ [ [ 44.517693003000034, -25.28983416899996 ], [ 44.432388306000064, -25.269233702999941 ], [ 44.350612640000065, -25.264778135999961 ], [ 44.359050751000041, -25.24770164499995 ], [ 44.355209351000042, -25.225294112999961 ], [ 44.332778931000064, -25.187360763999948 ], [ 44.312850952000076, -25.168333053999959 ], [ 44.194755554000039, -25.07922363299997 ], [ 44.153984070000035, -25.067274094999959 ], [ 44.111309052000081, -25.078922271999943 ], [ 44.08395385700004, -25.047260283999947 ], [ 44.066043854000043, -25.040580748999957 ], [ 44.055673984000066, -25.011847182999929 ], [ 44.03860254500006, -25.008555342999955 ], [ 44.024171757000033, -24.993415454999933 ], [ 44.021711656000036, -24.983195792999936 ], [ 44.036754608000081, -24.961156844999948 ], [ 44.022672616000079, -24.923426009999957 ], [ 44.018333436000034, -24.869762420999962 ], [ 43.956989289000035, -24.814004897999951 ], [ 43.949687958000027, -24.779670713999963 ], [ 43.92028427200006, -24.736127851999981 ], [ 43.919254303000059, -24.712266922999959 ], [ 43.94289016700003, -24.686840056999984 ], [ 43.934722900000054, -24.666603087999931 ], [ 43.934852600000056, -24.635904310999933 ], [ 43.91606521600005, -24.602531431999978 ], [ 43.887741089000031, -24.570146560999945 ], [ 43.861438751000037, -24.55234909099994 ], [ 43.834144593000076, -24.515266417999953 ], [ 43.736934663000056, -24.442138670999952 ], [ 43.683471680000025, -24.374799727999971 ], [ 43.670299530000079, -24.331584928999973 ], [ 43.662498474000074, -24.240043639999953 ], [ 43.677150726000036, -24.040586471999973 ], [ 43.66392135600006, -24.002260206999949 ], [ 43.66884994600008, -23.984828947999972 ], [ 43.66186523500005, -23.965963363999947 ], [ 43.660469056000068, -23.913959501999955 ], [ 43.672195435000049, -23.908361434999961 ], [ 43.67512130700004, -23.89570045499994 ], [ 43.665687562000073, -23.859573363999971 ], [ 43.652088166000055, -23.84098243699998 ], [ 43.663894654000046, -23.814250945999959 ], [ 43.633514404000039, -23.749996185999976 ], [ 43.642208099000072, -23.749172210999973 ], [ 43.643356323000035, -23.763084411999955 ], [ 43.649703979000037, -23.753835677999973 ], [ 43.647094727000081, -23.767736434999961 ], [ 43.651706696000076, -23.760305403999951 ], [ 43.651920318000066, -23.770055769999942 ], [ 43.655712129000051, -23.767341614999964 ], [ 43.654106140000067, -23.746589659999927 ], [ 43.645381927000074, -23.751518249999947 ], [ 43.648387909000064, -23.738723753999977 ], [ 43.639930726000046, -23.723203658999978 ], [ 43.647701264000034, -23.70802688699996 ], [ 43.641246796000075, -23.693862914999954 ], [ 43.650997162000067, -23.678844451999964 ], [ 43.63584518600004, -23.669897078999952 ], [ 43.648468018000074, -23.655351637999956 ], [ 43.656742096000073, -23.615800856999954 ], [ 43.664939880000077, -23.607599256999947 ], [ 43.689022064000028, -23.596666335999942 ], [ 43.728622438000059, -23.59386062599998 ], [ 43.755535128000076, -23.570005416999948 ], [ 43.771495820000041, -23.577804564999951 ], [ 43.792285919000051, -23.570728301999964 ], [ 43.770496370000046, -23.569700240999964 ], [ 43.778320312000062, -23.558856963999972 ], [ 43.769439697000053, -23.565629958999978 ], [ 43.775951385000042, -23.558330534999982 ], [ 43.769203186000027, -23.554180144999975 ], [ 43.758979797000052, -23.555774688999975 ], [ 43.756923676000042, -23.563549041999977 ], [ 43.751892091000059, -23.548818586999971 ], [ 43.743354799000031, -23.554180143999929 ], [ 43.747779847000061, -23.540386198999954 ], [ 43.733078004000049, -23.517850875999954 ], [ 43.739322662000063, -23.506875990999959 ], [ 43.737239837000061, -23.51567840499996 ], [ 43.747383119000062, -23.529132842999957 ], [ 43.765651704000049, -23.486083983999947 ], [ 43.766426086000081, -23.460382460999938 ], [ 43.758461, -23.445005416999948 ], [ 43.723506929000052, -23.421283719999963 ], [ 43.710350039000048, -23.393171309999957 ], [ 43.694999695000035, -23.394161222999969 ], [ 43.675048828000058, -23.370210647999954 ], [ 43.66434478900004, -23.378145217999929 ], [ 43.664134979000039, -23.376142501999936 ], [ 43.673145294000051, -23.367815018999977 ], [ 43.663532257000043, -23.352605819999951 ], [ 43.638679504000038, -23.361886977999973 ], [ 43.632247925000058, -23.34696006799993 ], [ 43.641841888000044, -23.334680556999956 ], [ 43.636676789000035, -23.339870451999957 ], [ 43.632854462000068, -23.331953047999946 ], [ 43.629642487000069, -23.34251975799998 ], [ 43.61870575100005, -23.318277357999932 ], [ 43.62795257700003, -23.313335417999951 ], [ 43.616992950000053, -23.312585829999932 ], [ 43.618404388000044, -23.283094406999965 ], [ 43.610305787000073, -23.254907608999929 ], [ 43.617355347000057, -23.231260300999963 ], [ 43.626991272000055, -23.280658722999931 ], [ 43.628913879000038, -23.275505064999948 ], [ 43.638324738000051, -23.287002561999941 ], [ 43.639579773000037, -23.273096084999963 ], [ 43.625915527000075, -23.257511138999973 ], [ 43.618438721000075, -23.184200286999953 ], [ 43.606735229000037, -23.161527633999981 ], [ 43.612499237000065, -23.150344848999964 ], [ 43.605060578000064, -23.131067275999953 ], [ 43.610816957000054, -23.101289748999932 ], [ 43.592288971000073, -23.06606101999995 ], [ 43.519569399000034, -23.01087760799993 ], [ 43.492244720000031, -23.003526687999965 ], [ 43.48358154400006, -22.969943998999952 ], [ 43.481845856000064, -22.979097365999962 ], [ 43.472839355000076, -22.97821807899993 ], [ 43.479476928000054, -22.985267638999971 ], [ 43.467353821000074, -22.97837257499998 ], [ 43.467914581000059, -22.967592237999952 ], [ 43.448509216000048, -22.952713012999936 ], [ 43.451610566000056, -22.94230461099994 ], [ 43.436592104000056, -22.918758391999972 ], [ 43.371219636000035, -22.845685958999979 ], [ 43.355175018000068, -22.810003280999979 ], [ 43.338871003000065, -22.708539963999954 ], [ 43.287677766000058, -22.579942701999983 ], [ 43.288726807000046, -22.495054244999949 ], [ 43.274143219000052, -22.475301742999932 ], [ 43.261016846000075, -22.372776030999944 ], [ 43.227947236000034, -22.325593949999927 ], [ 43.228050233000033, -22.303318023999964 ], [ 43.236457825000059, -22.297843931999978 ], [ 43.239379883000026, -22.282924651999963 ], [ 43.224819183000079, -22.270696639999983 ], [ 43.220310211000026, -22.25113868699998 ], [ 43.232151031000058, -22.246870040999966 ], [ 43.237277985000048, -22.223196030999929 ], [ 43.257301330000075, -22.216953278999938 ], [ 43.262145996000072, -22.226028440999983 ], [ 43.269195557000046, -22.225156784999967 ], [ 43.26388931300005, -22.228105545999938 ], [ 43.269195557000046, -22.228616713999941 ], [ 43.276374817000033, -22.223438262999935 ], [ 43.281978606000052, -22.230421064999973 ], [ 43.289585113000044, -22.227128983999933 ], [ 43.294300079000038, -22.233512877999942 ], [ 43.285182954000049, -22.24196243199998 ], [ 43.291496277000078, -22.242273330999978 ], [ 43.29363250800003, -22.258886336999979 ], [ 43.297889710000049, -22.236309052999957 ], [ 43.313640595000038, -22.23250007799993 ], [ 43.313228608000031, -22.204496381999945 ], [ 43.295806886000037, -22.190109252999946 ], [ 43.295299531000069, -22.180740355999944 ], [ 43.305336, -22.182085035999933 ], [ 43.292064667000034, -22.156677245999958 ], [ 43.28507232700008, -22.155187606999959 ], [ 43.284801483000081, -22.168228148999958 ], [ 43.265075684000067, -22.192478179999966 ], [ 43.258472444000063, -22.184640883999975 ], [ 43.26413726800007, -22.186170577999974 ], [ 43.265396119000059, -22.17873573199995 ], [ 43.256031036000081, -22.179445265999959 ], [ 43.248634338000045, -22.158147811999982 ], [ 43.229892731000064, -22.164350508999973 ], [ 43.244091034000064, -22.120626449999975 ], [ 43.235877990000063, -22.098133085999962 ], [ 43.248924256000066, -22.082296369999938 ], [ 43.24234771700003, -22.07926368699998 ], [ 43.240573883000025, -22.085571288999972 ], [ 43.23351669300007, -22.074874876999957 ], [ 43.263820648000035, -21.992551803999959 ], [ 43.258155823000038, -21.958517075999964 ], [ 43.262523651000038, -21.954305647999945 ], [ 43.274841309000067, -21.962718963999976 ], [ 43.27285766600005, -21.970943451999972 ], [ 43.281593324000028, -21.965839384999981 ], [ 43.285495758000025, -21.933105468999941 ], [ 43.276023867000049, -21.905771254999934 ], [ 43.294345856000064, -21.887208937999958 ], [ 43.303993226000046, -21.862253189999933 ], [ 43.312934875000053, -21.90612983699998 ], [ 43.303863524000064, -21.923427581999931 ], [ 43.311298370000031, -21.915424345999952 ], [ 43.313289787000031, -21.944964021999965 ], [ 43.317287282000052, -21.942489382999952 ], [ 43.318809510000051, -21.914211272999978 ], [ 43.328376770000034, -21.906381606999958 ], [ 43.332157136000035, -21.91551971399997 ], [ 43.343132020000041, -21.902185439999982 ], [ 43.343753815000071, -21.885490417999961 ], [ 43.327323915000079, -21.865909576999968 ], [ 43.333183289000033, -21.855520247999948 ], [ 43.332653046000075, -21.799308776999965 ], [ 43.335048677000032, -21.793004989999929 ], [ 43.341442108000081, -21.795490263999966 ], [ 43.337268829000038, -21.785367965999967 ], [ 43.347805023000035, -21.748842237999952 ], [ 43.39252472000004, -21.718910216999973 ], [ 43.427070619000062, -21.670602797999948 ], [ 43.431144716000063, -21.653123854999933 ], [ 43.442493440000078, -21.657598494999945 ], [ 43.458457946000067, -21.645559309999953 ], [ 43.461917877000076, -21.665802001999964 ], [ 43.483871460000046, -21.680664061999948 ], [ 43.463127136000026, -21.64929580699993 ], [ 43.473575592000032, -21.62393760599997 ], [ 43.471767426000042, -21.591426847999969 ], [ 43.454532623000034, -21.503973006999956 ], [ 43.457588196000074, -21.499517440999966 ], [ 43.462383270000032, -21.513626099999954 ], [ 43.468563080000081, -21.507963179999933 ], [ 43.467971802000079, -21.497278212999959 ], [ 43.463932037000063, -21.506748197999968 ], [ 43.461586, -21.500226973999929 ], [ 43.467887879000045, -21.483715057999973 ], [ 43.478946686000029, -21.477605819999951 ], [ 43.462619781000058, -21.476016996999931 ], [ 43.459701538000047, -21.493844985999942 ], [ 43.448246002000076, -21.447147367999946 ], [ 43.459854125000049, -21.470687865999935 ], [ 43.459117889000026, -21.461750030999951 ], [ 43.473961652000071, -21.450285356999927 ], [ 43.518711144000065, -21.452296342999944 ], [ 43.469512909000059, -21.442803111999979 ], [ 43.470664978000059, -21.420150756999931 ], [ 43.461375651000026, -21.43459315299998 ], [ 43.477221433000068, -21.354180695999958 ], [ 43.488285927000049, -21.343901423999966 ], [ 43.480078888000037, -21.354348020999964 ], [ 43.475508221000041, -21.371526966999966 ], [ 43.482361069000035, -21.369813754999939 ], [ 43.487865817000056, -21.378781395999965 ], [ 43.488864900000067, -21.369186399999933 ], [ 43.481076160000043, -21.357892654999944 ], [ 43.494028855000067, -21.34207910799995 ], [ 43.501561215000038, -21.30720161499994 ], [ 43.510102896000035, -21.297040111999934 ], [ 43.502206673000046, -21.314969073999976 ], [ 43.505227689000037, -21.32650756299995 ], [ 43.513555804000077, -21.306103684999982 ], [ 43.524744596000062, -21.322650173999932 ], [ 43.52429199200003, -21.306203841999945 ], [ 43.544588787000066, -21.300061256999982 ], [ 43.586772397000061, -21.347593249999932 ], [ 43.596711317000029, -21.362696081999957 ], [ 43.595661173000053, -21.402187194999954 ], [ 43.606167044000074, -21.420100168999966 ], [ 43.599793823000027, -21.43350782999994 ], [ 43.638975119000065, -21.450761826999951 ], [ 43.641625420000025, -21.468983958999956 ], [ 43.663591057000076, -21.485776 ], [ 43.68698002900004, -21.522691304999967 ], [ 43.716429167000058, -21.545323553999935 ], [ 43.718178306000027, -21.557512398999961 ], [ 43.735605692000036, -21.572605854999949 ], [ 43.732362273000035, -21.585510012999976 ], [ 43.74207477300007, -21.592323117999968 ], [ 43.758018800000059, -21.634058609999954 ], [ 43.773196723000069, -21.70903401299995 ], [ 43.842201519000071, -21.783841602999928 ], [ 43.87164338000008, -21.827200038999933 ], [ 43.880205102000048, -21.866366099999937 ], [ 43.888259499000071, -21.874127126999952 ], [ 43.937610578000033, -21.88138420699994 ], [ 43.955204398000035, -21.901933303999954 ], [ 44.031170416000066, -21.903799878999962 ], [ 44.053723389000027, -21.890474739999945 ], [ 44.063879450000059, -21.863955972999975 ], [ 44.088019449000058, -21.837281410999935 ], [ 44.12338638600005, -21.838012308999964 ], [ 44.141897250000056, -21.814475257999959 ], [ 44.175170209000044, -21.801305359999958 ], [ 44.221669639000027, -21.81279182399993 ], [ 44.248807277000026, -21.860292813999934 ], [ 44.266839981000032, -21.852758352999956 ], [ 44.278741679000063, -21.816199823999966 ], [ 44.308873162000054, -21.836306012999955 ], [ 44.307956138000065, -21.853147908999972 ], [ 44.319975660000068, -21.859832637999943 ], [ 44.349384687000054, -21.835982543999933 ], [ 44.382004976000076, -21.843516610999927 ], [ 44.432448752000028, -21.837413752999964 ], [ 44.526050037000061, -21.79636757399993 ], [ 44.564062186000058, -21.797037235999937 ], [ 44.598455470000033, -21.75501363799998 ], [ 44.612018294000052, -21.748735224999962 ], [ 44.69393397500005, -21.745928454999955 ], [ 44.750120001000028, -21.734430001999954 ], [ 44.744450713000049, -21.706397250999942 ], [ 44.753970507000076, -21.670778300999928 ], [ 44.7514, -21.654670000999943 ], [ 44.724788499000056, -21.609824268999944 ], [ 44.695422282000038, -21.585233469999935 ], [ 44.698954792000052, -21.572652052999956 ], [ 44.680954953000025, -21.55509313999994 ], [ 44.694738077000068, -21.542576670999949 ], [ 44.680148613000028, -21.523955781999973 ], [ 44.676700313000026, -21.499749835999978 ], [ 44.684533611000063, -21.480140634999941 ], [ 44.676833159000068, -21.47589561999996 ], [ 44.696923344000027, -21.440160190999961 ], [ 44.700612591000038, -21.414751123999963 ], [ 44.695908067000062, -21.413026330999969 ], [ 44.701657001000058, -21.409227983999983 ], [ 44.681167443000049, -21.331131118999963 ], [ 44.69081367900003, -21.290056737999976 ], [ 44.716079938000064, -21.27544301599994 ], [ 44.712524802000075, -21.249781592999966 ], [ 44.74750048900006, -21.240102927999942 ], [ 44.77227735300005, -21.197405318999927 ], [ 44.796227072000079, -21.196206383999936 ], [ 44.835350683000058, -21.210190229999967 ], [ 44.886774729000081, -21.215997176999963 ], [ 44.914955249000059, -21.234989066999958 ], [ 44.93798668900007, -21.286938438999982 ], [ 44.975814165000031, -21.294984226999929 ], [ 44.985181779000072, -21.287883491999935 ], [ 45.019537311000079, -21.296982610999976 ], [ 45.039122653000049, -21.287258286999929 ], [ 45.096711177000032, -21.288343734999955 ], [ 45.098335671000029, -21.267014078999978 ], [ 45.116705075000027, -21.244128950999936 ], [ 45.11810418500005, -21.230336466999972 ], [ 45.141140044000053, -21.212918014999957 ], [ 45.151431990000049, -21.213470767999979 ], [ 45.15944145800006, -21.200933333999956 ], [ 45.178940889000046, -21.199264133999975 ], [ 45.227180564000037, -21.146669285999963 ], [ 45.299659406000046, -21.147237966999967 ], [ 45.315338431000043, -21.140979912999967 ], [ 45.318920315000071, -21.158015696999939 ], [ 45.329991623000069, -21.156545063999943 ], [ 45.336945719000028, -21.165497598999934 ], [ 45.332655087000035, -21.178187889999947 ], [ 45.347110696000072, -21.176500158999943 ], [ 45.353293847000032, -21.166405041999951 ], [ 45.348427900000047, -21.155444193999926 ], [ 45.373345405000066, -21.147988930999929 ], [ 45.368516833000058, -21.140208600999927 ], [ 45.395922908000045, -21.109928543999956 ], [ 45.432401760000062, -21.08331665299994 ], [ 45.445888903000025, -21.082684622999977 ], [ 45.43765284300008, -21.066413539999928 ], [ 45.441536627000062, -21.060667852999927 ], [ 45.453093595000041, -21.049894854999934 ], [ 45.48624017700007, -21.04264354299994 ], [ 45.494182081000076, -21.023426659999927 ], [ 45.504363744000045, -21.019589164999957 ], [ 45.497919780000075, -20.990518003999966 ], [ 45.506929918000026, -20.977602969999964 ], [ 45.533227512000053, -20.986423280999929 ], [ 45.551951587000076, -20.979104744999972 ], [ 45.570336844000053, -20.991568910999945 ], [ 45.613235696000061, -20.97142097099993 ], [ 45.620332763000079, -20.988566332999937 ], [ 45.633494994000046, -20.990785922999976 ], [ 45.664023922000069, -20.964340461999939 ], [ 45.658485319000079, -20.950904789999981 ], [ 45.666613526000049, -20.92562815399998 ], [ 45.682657199000062, -20.911216341999932 ], [ 45.768914146000043, -20.912997086999951 ], [ 45.780962389000081, -20.946790131999933 ], [ 45.77483939900003, -20.959219134999955 ], [ 45.784944348000067, -20.962611434999928 ], [ 45.794777993000025, -20.991470816999936 ], [ 45.783818024000027, -21.005664701999933 ], [ 45.791975347000061, -21.018937212999958 ], [ 45.775111776000074, -21.023501216999932 ], [ 45.752528932000075, -21.069590250999966 ], [ 45.733235409000031, -21.079001335999976 ], [ 45.736649191000026, -21.110333293999929 ], [ 45.751860503000046, -21.132556116999979 ], [ 45.744348749000039, -21.164677791999964 ], [ 45.755804434000027, -21.196407142999931 ], [ 45.747699553000075, -21.220521590999965 ], [ 45.750182309000081, -21.237561806999963 ], [ 45.700428903000045, -21.264659399999971 ], [ 45.685143620000076, -21.263830193999979 ], [ 45.67958522400005, -21.273665478999931 ], [ 45.653797949000079, -21.270064857999955 ], [ 45.660844417000078, -21.289875579999944 ], [ 45.652604372000042, -21.29107030199998 ], [ 45.641389926000045, -21.280135351999945 ], [ 45.622364944000026, -21.296311691999961 ], [ 45.617920127000048, -21.317143859999931 ], [ 45.585062501000039, -21.318160697999929 ], [ 45.584372625000071, -21.359409915999947 ], [ 45.572483396000052, -21.372718989999953 ], [ 45.576206730000081, -21.387313111999958 ], [ 45.564958450000063, -21.398001379999982 ], [ 45.571766512000067, -21.404993081999976 ], [ 45.562619613000038, -21.430818319999958 ], [ 45.525784729000065, -21.460003934999975 ], [ 45.539468772000077, -21.510005808999949 ], [ 45.535469837000051, -21.514128942999946 ], [ 45.522374541000033, -21.505062592999934 ], [ 45.522595745000046, -21.526776474999963 ], [ 45.532889330000046, -21.577338428999951 ], [ 45.55211188100003, -21.614330600999949 ], [ 45.51345079500004, -21.622599823999963 ], [ 45.508481137000047, -21.629737242999965 ], [ 45.539431899000078, -21.68151444199998 ], [ 45.497162330000037, -21.680446228999983 ], [ 45.481025078000073, -21.669901750999941 ], [ 45.45943744300007, -21.691891708999947 ], [ 45.430943979000062, -21.697386884999958 ], [ 45.423326435000035, -21.685296692999941 ], [ 45.41395287000006, -21.68377487999993 ], [ 45.40719663200008, -21.691409720999957 ], [ 45.406009537000045, -21.714501567999946 ], [ 45.346473779000064, -21.79316997799998 ], [ 45.343007783000076, -21.810825397999963 ], [ 45.354010549000066, -21.829610125999977 ], [ 45.35222802800007, -21.859886462999953 ], [ 45.328351613000052, -21.882180432999974 ], [ 45.331427808000058, -21.896567864999952 ], [ 45.293120197000064, -21.896579690999943 ], [ 45.279328071000066, -21.888134779999973 ], [ 45.241265957000053, -21.89901754999994 ], [ 45.226449004000074, -21.883813392999969 ], [ 45.201238447000037, -21.902444522999929 ], [ 45.215828650000049, -21.969126535999976 ], [ 45.243911556000057, -21.974235137999983 ], [ 45.263443169000027, -21.951505429999941 ], [ 45.268027491000055, -21.982740178999961 ], [ 45.283379793000051, -22.000839246999931 ], [ 45.279555124000069, -22.041030803999945 ], [ 45.265244510000059, -22.065476980999961 ], [ 45.280055297000047, -22.071896780999964 ], [ 45.279802388000064, -22.108199022999941 ], [ 45.288432952000051, -22.12989958999998 ], [ 45.304809658000067, -22.139289903999952 ], [ 45.303758188000074, -22.152015174999974 ], [ 45.273402833000034, -22.177106868999942 ], [ 45.287983605000079, -22.19891847599996 ], [ 45.276553247000038, -22.235185488999946 ], [ 45.255469187000074, -22.227521533999948 ], [ 45.242695315000049, -22.239758881999933 ], [ 45.247408957000061, -22.258908219999967 ], [ 45.232581651000032, -22.259172421999949 ], [ 45.226837612000054, -22.282083156999931 ], [ 45.233445840000059, -22.283033591999981 ], [ 45.232455707000042, -22.303982445999964 ], [ 45.223431159000029, -22.304927387999953 ], [ 45.240957926000078, -22.329485070999965 ], [ 45.238614574000053, -22.34984916999997 ], [ 45.221651719000079, -22.360035323999966 ], [ 45.211213235000059, -22.357100703999947 ], [ 45.201041434000047, -22.381253256999969 ], [ 45.190828552000028, -22.387100706999945 ], [ 45.196206045000054, -22.388016169999958 ], [ 45.197001248000049, -22.417459658999974 ], [ 45.173425339000062, -22.437096556999961 ], [ 45.156298181000068, -22.479483438999978 ], [ 45.11608417900004, -22.489884116999974 ], [ 45.110229233000041, -22.507335290999947 ], [ 45.097752989000071, -22.51334456099994 ], [ 45.089900610000029, -22.551270563999935 ], [ 45.07738468000008, -22.55690825299996 ], [ 45.071294504000036, -22.57310083699997 ], [ 45.068387475000065, -22.63073547099998 ], [ 45.028486655000052, -22.678068423999946 ], [ 45.041755640000076, -22.714091224999947 ], [ 45.035433802000057, -22.726657496999962 ], [ 45.045972438000035, -22.74071053199998 ], [ 45.018933183000058, -22.769037793999928 ], [ 45.030657162000068, -22.785673561999943 ], [ 45.028467292000073, -22.800688002999948 ], [ 45.059601748000034, -22.816072051999981 ], [ 45.059917303000077, -22.837716679999971 ], [ 45.076388193000071, -22.885150126999974 ], [ 45.069662992000076, -22.895541292999951 ], [ 45.044053129000076, -22.904246421999972 ], [ 44.988930603000028, -22.911319186999947 ], [ 44.984901070000035, -22.943376336999961 ], [ 44.977730447000056, -22.949402248999945 ], [ 45.002395351000075, -22.993064960999959 ], [ 45.037946513000065, -23.008139350999954 ], [ 45.06430918600006, -23.031198242999949 ], [ 45.075226, -23.052814541999965 ], [ 45.104451157000028, -23.059197627999936 ], [ 45.129925150000076, -23.049987114999965 ], [ 45.153965353000046, -23.061325235999959 ], [ 45.190725462000046, -23.063432551999938 ], [ 45.224962369000025, -23.077868085999967 ], [ 45.238225656000054, -23.099028119999957 ], [ 45.264758555000071, -23.090112037999972 ], [ 45.263596592000056, -23.098888579999937 ], [ 45.285803562000069, -23.108453967999935 ], [ 45.303467845000057, -23.114224104999948 ], [ 45.321133965000058, -23.108119852999948 ], [ 45.347493655000051, -23.120758953999939 ], [ 45.352893105000078, -23.166069892999928 ], [ 45.32924808100006, -23.197854054999937 ], [ 45.326392980000037, -23.23785849199993 ], [ 45.306538493000062, -23.300610263999943 ], [ 45.285463177000054, -23.331006862999971 ], [ 45.27570664600006, -23.364634031999969 ], [ 45.219537237000054, -23.389316202999964 ], [ 45.214417104000063, -23.410608329999945 ], [ 45.200610563000055, -23.417071660999966 ], [ 45.201717546000054, -23.447652668999979 ], [ 45.206016317000035, -23.455453121999938 ], [ 45.23844082800008, -23.466997164999952 ], [ 45.271253596000065, -23.461345440999935 ], [ 45.301859472000046, -23.466429221999931 ], [ 45.306861382000079, -23.474833170999943 ], [ 45.322661467000046, -23.466717790999951 ], [ 45.329417879000061, -23.441627413999981 ], [ 45.360545746000071, -23.428060613999946 ], [ 45.371045993000052, -23.452057426999943 ], [ 45.395664730000078, -23.458112136999944 ], [ 45.397121870000035, -23.470799036999949 ], [ 45.441797111000028, -23.479738884999961 ], [ 45.446982627000068, -23.513343729999974 ], [ 45.459609282000031, -23.524372033999953 ], [ 45.459385711000039, -23.541824632999976 ], [ 45.42768512300006, -23.566462404999982 ], [ 45.432017632000054, -23.593049982999958 ], [ 45.40569163400005, -23.62403418699995 ], [ 45.447064976000036, -23.655265274999977 ], [ 45.45072858900005, -23.688059141999929 ], [ 45.467094030000055, -23.701169308999965 ], [ 45.427650586000027, -23.72111048599993 ], [ 45.428761823000059, -23.764422930999956 ], [ 45.419019391000063, -23.778739867999946 ], [ 45.33048371600006, -23.787459267999964 ], [ 45.295404327000028, -23.772084741999947 ], [ 45.274741944000027, -23.774197926999932 ], [ 45.250945733000037, -23.761026839999943 ], [ 45.238428316000068, -23.767093778999936 ], [ 45.27047146600006, -23.806852488999937 ], [ 45.257092153000031, -23.806215867999981 ], [ 45.246068705000027, -23.817069631999971 ], [ 45.209414735000053, -23.819376965999936 ], [ 45.204369184000029, -23.836296398999934 ], [ 45.18931697000005, -23.84323612999998 ], [ 45.185291951000067, -23.832774511999958 ], [ 45.174687782000035, -23.833446295999977 ], [ 45.176048765000075, -23.845781975999955 ], [ 45.194324823000045, -23.862110410999946 ], [ 45.169853924000051, -23.895686391999959 ], [ 45.185330871000076, -23.980352169999946 ], [ 45.15479752300007, -24.002355253999951 ], [ 45.164068633000056, -24.00931719099998 ], [ 45.165159548000076, -24.021015361999957 ], [ 45.146840999000062, -24.088443403999975 ], [ 45.150317260000065, -24.174863477999963 ], [ 45.133674385000063, -24.192061219999971 ], [ 45.121034930000064, -24.221596670999929 ], [ 45.075900595000064, -24.261927716999935 ], [ 45.064470062000055, -24.299742944999934 ], [ 45.046901714000057, -24.308379178999928 ], [ 45.05708085200007, -24.324948089999964 ], [ 45.049814139000034, -24.363511831999972 ], [ 45.05860017200007, -24.401754308999955 ], [ 45.052304751000065, -24.410177673999954 ], [ 45.073079439000026, -24.458608036999976 ], [ 45.06973316300008, -24.473812485999929 ], [ 45.087305636000053, -24.490072377999979 ], [ 45.083058243000039, -24.50716367299998 ], [ 45.09655620500007, -24.519380285999944 ], [ 45.087193605000039, -24.546090407999941 ], [ 45.094215803000054, -24.564109886999972 ], [ 45.057424036000043, -24.591449885999964 ], [ 45.062058641000078, -24.594917086999942 ], [ 45.053688587000067, -24.620382271999972 ], [ 45.068643419000068, -24.658239083999945 ], [ 45.050931079000065, -24.685347153999942 ], [ 45.055937509000046, -24.703919116999941 ], [ 45.042745964000062, -24.723688402999983 ], [ 45.04511941100003, -24.747416856999962 ], [ 45.030961500000046, -24.747959565999963 ], [ 45.024119490000032, -24.757255838999981 ], [ 45.026386019000029, -24.778018224999983 ], [ 45.011494996000067, -24.779824598999937 ], [ 44.994231337000031, -24.769709655999975 ], [ 44.99288130900004, -24.781794567999953 ], [ 44.975755674000027, -24.777887723999982 ], [ 44.980209068000079, -24.793113736999942 ], [ 44.965460299000028, -24.832443368999975 ], [ 44.913884515000063, -24.880467420999935 ], [ 44.915121042000067, -24.892042332999949 ], [ 44.90077616800005, -24.916057344999956 ], [ 44.87374264500005, -24.906496129999937 ], [ 44.846750869000061, -24.928398725999955 ], [ 44.80852410500006, -24.937596792999955 ], [ 44.795264426000074, -24.957283226999948 ], [ 44.776212841000074, -24.95799457499993 ], [ 44.768290028000081, -24.978480318999971 ], [ 44.731486731000075, -25.001145286999929 ], [ 44.717219627000077, -25.025049614999944 ], [ 44.686793628000032, -25.029779119999944 ], [ 44.683986301000061, -25.050529007999955 ], [ 44.665822630000036, -25.054035007999971 ], [ 44.659324316000038, -25.073962707999954 ], [ 44.629846680000071, -25.091865365999979 ], [ 44.595518792000064, -25.131898876999969 ], [ 44.576433273000077, -25.137057181999978 ], [ 44.578162703000032, -25.146513845999948 ], [ 44.557360734000042, -25.15524923199996 ], [ 44.556538549000038, -25.16544885199994 ], [ 44.531907540000077, -25.16371195499994 ], [ 44.534399307000058, -25.181220559999929 ], [ 44.518712774000051, -25.184451215999957 ], [ 44.496617766000043, -25.243294118999927 ], [ 44.500676834000046, -25.26557702599996 ], [ 44.517693003000034, -25.28983416899996 ] ] ] } },
{ "type": "Feature", "properties": { "ISO": "MDG-AAA", "NAME_1": "Atsimo Atsinanana" }, "geometry": { "type": "Polygon", "coordinates": [ [ [ 46.887033301000031, -24.297119089999967 ], [ 46.879141698000069, -24.244469748999961 ], [ 46.888498945000038, -24.224632606999933 ], [ 46.873153122000076, -24.210723726999959 ], [ 46.883221340000034, -24.160066284999971 ], [ 46.852740964000077, -24.113846850999948 ], [ 46.827227415000038, -24.103971704999935 ], [ 46.783016069000041, -24.119586228999935 ], [ 46.762036133000038, -24.108185135999975 ], [ 46.747301495000045, -24.113531862999935 ], [ 46.731196495000063, -24.107285584999943 ], [ 46.726235082000073, -24.051374959999976 ], [ 46.706074011000055, -24.029451197999947 ], [ 46.718080307000037, -24.000005146999968 ], [ 46.697679088000029, -23.98804652299998 ], [ 46.685506340000074, -23.988945582999975 ], [ 46.682483144000059, -23.976226385999951 ], [ 46.666238632000045, -23.985909510999932 ], [ 46.667161597000074, -23.973335775999942 ], [ 46.652208929000039, -23.970080864999943 ], [ 46.65153478700006, -23.963277267999956 ], [ 46.637140656000042, -23.968294330999981 ], [ 46.617684576000045, -23.945039037999948 ], [ 46.588269560000072, -23.941613978999953 ], [ 46.583199224000055, -23.925980521999975 ], [ 46.573749775000067, -23.93473235099998 ], [ 46.537790026000039, -23.93922764499996 ], [ 46.525143825000043, -23.931862240999976 ], [ 46.523844868000026, -23.920966503999978 ], [ 46.506092258000081, -23.924441220999938 ], [ 46.498028412000053, -23.891371965999951 ], [ 46.47460970800006, -23.867966263999961 ], [ 46.439818004000074, -23.85863956299994 ], [ 46.443540818000031, -23.84706929999993 ], [ 46.427046949000044, -23.830033540999978 ], [ 46.397057730000029, -23.83105145899998 ], [ 46.393544047000034, -23.811092950999978 ], [ 46.405240453000033, -23.776978701999951 ], [ 46.417442712000081, -23.763510699999983 ], [ 46.412700225000037, -23.740033697999934 ], [ 46.436060685000029, -23.726024474999974 ], [ 46.437005983000063, -23.714751854999975 ], [ 46.449019184000065, -23.704041839999945 ], [ 46.445818214000042, -23.695067734999952 ], [ 46.454214045000072, -23.673200820999966 ], [ 46.48125299000003, -23.663810910999928 ], [ 46.491612595000049, -23.628456246999974 ], [ 46.51798313300003, -23.599289253999927 ], [ 46.543974308000031, -23.590596777999963 ], [ 46.594157732000042, -23.59859897399997 ], [ 46.606490185000041, -23.62069245899994 ], [ 46.632702876000053, -23.624615770999981 ], [ 46.647812444000067, -23.642929662999961 ], [ 46.662969795000038, -23.65051853999995 ], [ 46.703191762000074, -23.651979967999978 ], [ 46.716951331000075, -23.662660489999951 ], [ 46.733715587000063, -23.646778719999929 ], [ 46.786521738000033, -23.636071809999976 ], [ 46.797037264000039, -23.620909479999966 ], [ 46.817206347000081, -23.620466562999979 ], [ 46.844370704000028, -23.605304935999982 ], [ 46.853501277000078, -23.591479850999974 ], [ 46.838733757000057, -23.575754442999937 ], [ 46.852733607000062, -23.557960868999942 ], [ 46.831928966000078, -23.529878935999932 ], [ 46.857530938000025, -23.514396985999952 ], [ 46.852152717000081, -23.495056630999954 ], [ 46.857969372000071, -23.488572923999982 ], [ 46.90644724100008, -23.480966102999957 ], [ 46.89347284400003, -23.461474808999981 ], [ 46.902844087000062, -23.454549343999929 ], [ 46.89692640700008, -23.442241363999983 ], [ 46.903012636000028, -23.436077685999976 ], [ 46.891676176000033, -23.426440210999942 ], [ 46.908670260000065, -23.39669231299996 ], [ 46.900522142000057, -23.388016732999972 ], [ 46.889082347000056, -23.389498686999957 ], [ 46.889226435000069, -23.369601984999974 ], [ 46.885409626000069, -23.361725142999944 ], [ 46.877728725000054, -23.364236694999931 ], [ 46.878435631000059, -23.33634350799997 ], [ 46.871593652000058, -23.333454554999946 ], [ 46.871705275000068, -23.305217231999961 ], [ 46.884651935000079, -23.284320636999951 ], [ 46.869293107000033, -23.28246310399993 ], [ 46.863227855000048, -23.26309294999993 ], [ 46.869490519000067, -23.254883630999927 ], [ 46.867330796000033, -23.239952237999944 ], [ 46.849308031000078, -23.241520660999981 ], [ 46.840776101000074, -23.209450539999978 ], [ 46.831308351000075, -23.206445799999983 ], [ 46.822957472000041, -23.189974707999966 ], [ 46.828619385000081, -23.158358647999933 ], [ 46.846489901000041, -23.164741846999959 ], [ 46.85038880500008, -23.130459198999972 ], [ 46.867621244000077, -23.117590177999944 ], [ 46.868315820000078, -23.101532159999977 ], [ 46.847661843000026, -23.060231015999932 ], [ 46.826235385000075, -23.036020708999956 ], [ 46.810388918000058, -23.029271698999935 ], [ 46.795033870000054, -23.009651417999976 ], [ 46.797361007000063, -22.999776533999977 ], [ 46.78173, -22.987130001999958 ], [ 46.782834083000068, -22.966721733999975 ], [ 46.772888530000046, -22.956374130999961 ], [ 46.770197130000042, -22.923458731999972 ], [ 46.843002680000041, -22.922843006999983 ], [ 46.908922794000034, -22.940495081999927 ], [ 46.913384733000044, -22.925615053999934 ], [ 46.943449883000028, -22.931425497999953 ], [ 46.944807350000076, -22.920193322999978 ], [ 46.95466259300008, -22.918093021999937 ], [ 47.002824563000047, -22.974226037999983 ], [ 47.008145763000073, -22.994263288999946 ], [ 47.033464885000058, -22.986153332999947 ], [ 47.028945901000043, -22.975628254999947 ], [ 47.034556071000054, -22.963733044999969 ], [ 47.051687401000038, -22.96560668799998 ], [ 47.070811881000054, -22.954500331999952 ], [ 47.08115792600006, -22.95714789699997 ], [ 47.09109686100004, -22.974978632999978 ], [ 47.077229440000053, -23.005363725999928 ], [ 47.098629859000027, -23.001628937999953 ], [ 47.114471532000039, -23.014266824999936 ], [ 47.150341012000069, -23.002493357999981 ], [ 47.14426787900004, -22.98723715899996 ], [ 47.15290232600006, -22.971073696999952 ], [ 47.151490215000081, -22.949207494999939 ], [ 47.175478957000053, -22.938228487999936 ], [ 47.194938612000044, -22.943282821999958 ], [ 47.210558046000074, -22.925981695999951 ], [ 47.205609788000061, -22.887603024999976 ], [ 47.196982419000051, -22.878320121999934 ], [ 47.205291312000043, -22.857946520999974 ], [ 47.201552163000031, -22.850076016999935 ], [ 47.189702990000058, -22.848854748999941 ], [ 47.176932945000033, -22.826250161999951 ], [ 47.184923228000059, -22.817807976999973 ], [ 47.198073025000042, -22.821952386999953 ], [ 47.199409408000065, -22.806529186999967 ], [ 47.214071077000028, -22.806606637999948 ], [ 47.221734194000078, -22.784380963999979 ], [ 47.196179466000046, -22.774335260999976 ], [ 47.195222470000033, -22.738588614999969 ], [ 47.205583177000051, -22.729267911999955 ], [ 47.183821081000076, -22.718283977999931 ], [ 47.185876937000046, -22.695640257999969 ], [ 47.214235193000036, -22.669996672999957 ], [ 47.213472468000077, -22.650499701999934 ], [ 47.20042425400004, -22.650999010999953 ], [ 47.196538101000044, -22.642496737999977 ], [ 47.202026689000036, -22.616385006999963 ], [ 47.22235356300007, -22.614636430999951 ], [ 47.225136604000056, -22.599313205999977 ], [ 47.174247832000049, -22.591872481999928 ], [ 47.171460874000047, -22.581806786999948 ], [ 47.185048747000053, -22.568858820999935 ], [ 47.182197698000039, -22.553544958999964 ], [ 47.203774942000052, -22.542318890999979 ], [ 47.19678545000005, -22.535143759999983 ], [ 47.188013822000073, -22.538114363999966 ], [ 47.18435824900007, -22.528161541999964 ], [ 47.19911735200003, -22.509599299999934 ], [ 47.194740483000032, -22.500335273999951 ], [ 47.182083699000032, -22.498163121999937 ], [ 47.170994495000059, -22.482320782999977 ], [ 47.186777480000046, -22.472095061999937 ], [ 47.183490100000029, -22.452820410999948 ], [ 47.177483512000038, -22.440996309999946 ], [ 47.171393800000033, -22.44569912399993 ], [ 47.169257194000068, -22.435082014999978 ], [ 47.156352836000053, -22.435926669999958 ], [ 47.161720477000074, -22.422694873999944 ], [ 47.175739823000072, -22.420205863999968 ], [ 47.181345844000077, -22.40896399199994 ], [ 47.184176715000035, -22.370828069999959 ], [ 47.194906164000031, -22.356026242999974 ], [ 47.172401004000051, -22.359363286999951 ], [ 47.160694509000052, -22.350469038999961 ], [ 47.159897897000064, -22.325213084999973 ], [ 47.138071857000057, -22.307996834999983 ], [ 47.111881402000051, -22.307188638999946 ], [ 47.107005751000031, -22.295129208999981 ], [ 47.114988995000033, -22.267287394999983 ], [ 47.069921607000026, -22.220634208999968 ], [ 47.044952967000029, -22.206889797999963 ], [ 47.046573873000057, -22.196339272999978 ], [ 47.062998681000067, -22.181979025999965 ], [ 47.040042835000065, -22.164214597999944 ], [ 47.045959526000047, -22.152989281999965 ], [ 47.062518819000047, -22.138811249999947 ], [ 47.094863183000029, -22.136212038999929 ], [ 47.099440881000078, -22.150214768999945 ], [ 47.122141846000034, -22.16197522899995 ], [ 47.122935592000033, -22.185028742999975 ], [ 47.134299569000063, -22.178979464999941 ], [ 47.136391465000031, -22.188992450999933 ], [ 47.146462255000074, -22.186591485999941 ], [ 47.154208341000071, -22.195071270999961 ], [ 47.167690439000069, -22.189917270999956 ], [ 47.190341816000057, -22.196524241999953 ], [ 47.189685492000081, -22.212090684999964 ], [ 47.218936564000046, -22.21504751599997 ], [ 47.222790346000068, -22.223498396999958 ], [ 47.245801498000048, -22.226745749999964 ], [ 47.249026041000036, -22.241991654999936 ], [ 47.281206482000073, -22.251940200999968 ], [ 47.283514591000028, -22.260209138999983 ], [ 47.272897689000047, -22.268212106999954 ], [ 47.283761421000065, -22.29838246199995 ], [ 47.296160075000046, -22.305288984999947 ], [ 47.298851705000061, -22.321458876999941 ], [ 47.34345679300003, -22.324207505999937 ], [ 47.365364502000034, -22.31614224499998 ], [ 47.367450054000074, -22.326104808999958 ], [ 47.374583790000031, -22.326928138999961 ], [ 47.381679333000079, -22.317810574999953 ], [ 47.37838769800004, -22.304015006999975 ], [ 47.387772697000059, -22.305227225999943 ], [ 47.393015352000077, -22.282869718999962 ], [ 47.39072150800007, -22.256994143999975 ], [ 47.4048, -22.262000001999979 ], [ 47.404086329000052, -22.240434902999937 ], [ 47.4273, -22.241450002999954 ], [ 47.43386298300004, -22.249699102999955 ], [ 47.41664202000004, -22.27462892799997 ], [ 47.423653291000051, -22.30390263399994 ], [ 47.434205266000049, -22.303661498999929 ], [ 47.44226992800003, -22.313678289999928 ], [ 47.431016022000051, -22.347852771999953 ], [ 47.44387000100005, -22.35235000199998 ], [ 47.450845335000054, -22.365872858999978 ], [ 47.461881339000058, -22.361033149999969 ], [ 47.493669999000076, -22.383930001999943 ], [ 47.500143027000036, -22.381506062999961 ], [ 47.519304303000069, -22.405254525999965 ], [ 47.544868767000025, -22.405097102999946 ], [ 47.560909270000082, -22.422726672999943 ], [ 47.545238954000069, -22.432337813999936 ], [ 47.570380525000076, -22.432303314999956 ], [ 47.578712601000063, -22.443767501999957 ], [ 47.582807307000053, -22.438340164999943 ], [ 47.613119353000059, -22.441617066999981 ], [ 47.615307072000064, -22.451349102999927 ], [ 47.63248346000006, -22.456400629999962 ], [ 47.658107166000036, -22.443892842999958 ], [ 47.69193000100006, -22.476200000999938 ], [ 47.691341027000078, -22.493231234999939 ], [ 47.707142564000037, -22.503156120999961 ], [ 47.72642606900007, -22.488785277999966 ], [ 47.739488183000049, -22.46380484499997 ], [ 47.750687360000029, -22.472766569999976 ], [ 47.783239603000027, -22.438143840999942 ], [ 47.803627691000031, -22.438510115999975 ], [ 47.815562208000074, -22.44475624699993 ], [ 47.823667636000039, -22.460880928999927 ], [ 47.817759508000051, -22.469158698999934 ], [ 47.822416037000039, -22.483256713999936 ], [ 47.83487, -22.486370002999934 ], [ 47.846666816000038, -22.473891525999932 ], [ 47.875432584000066, -22.478260026999976 ], [ 47.89136886600005, -22.498479842999927 ], [ 47.860988617000032, -22.659482955999977 ], [ 47.855991364000033, -22.751079557999958 ], [ 47.840019225000049, -22.794040680999956 ], [ 47.824653625000053, -22.901678084999958 ], [ 47.805923462000067, -22.980258941999978 ], [ 47.765026093000074, -23.091049193999936 ], [ 47.732402801000035, -23.261562346999938 ], [ 47.712409974000082, -23.325376509999955 ], [ 47.64835357700008, -23.475238798999953 ], [ 47.600086212000065, -23.70607948299994 ], [ 47.59166336100003, -23.789171217999979 ], [ 47.479133606000062, -24.04075050299997 ], [ 47.455471039000031, -24.066951752999955 ], [ 47.414912738000055, -24.142127277999975 ], [ 47.380260125000063, -24.097141404999945 ], [ 47.349788290000049, -24.09443771499997 ], [ 47.34653524600003, -24.086434277999956 ], [ 47.33162634200005, -24.092425464999963 ], [ 47.325795093000067, -24.06979606799996 ], [ 47.313237148000042, -24.060556966999968 ], [ 47.303287397000076, -24.072136219999948 ], [ 47.282900088000076, -24.065033607999965 ], [ 47.272507297000061, -24.031835710999928 ], [ 47.24477852800004, -24.037010467999949 ], [ 47.214244005000069, -23.999737453999956 ], [ 47.171245992000081, -24.000275192999936 ], [ 47.123827538000057, -23.974773696999932 ], [ 47.108431993000067, -23.986074077999945 ], [ 47.116430681000054, -23.99286540199995 ], [ 47.115106030000049, -24.014156491999927 ], [ 47.131832920000079, -24.030631527999958 ], [ 47.127123420000032, -24.044214264999937 ], [ 47.110498188000065, -24.047664841999961 ], [ 47.121889474000056, -24.072979958999952 ], [ 47.112882482000032, -24.073109670999941 ], [ 47.10544561200004, -24.085077567999974 ], [ 47.099638819000063, -24.07800739399994 ], [ 47.085937509000075, -24.079270957999938 ], [ 47.083396337000067, -24.090722211999946 ], [ 47.073788103000027, -24.088112434999971 ], [ 47.06768015800003, -24.094727793999937 ], [ 47.049466562000077, -24.086036417999935 ], [ 47.043807593000054, -24.096319090999941 ], [ 47.02358354100005, -24.105587304999972 ], [ 47.011317271000053, -24.129280087999973 ], [ 47.012263504000032, -24.146041126999933 ], [ 47.037474562000057, -24.167409611999972 ], [ 47.042274982000038, -24.181941377999976 ], [ 47.034168731000079, -24.195399232999932 ], [ 47.037201033000031, -24.223407096999949 ], [ 47.024106740000036, -24.223296644999948 ], [ 47.014461747000041, -24.238287536999962 ], [ 47.00705061900004, -24.235572711999964 ], [ 47.001148465000028, -24.260676083999954 ], [ 46.977343253000072, -24.279155684999978 ], [ 46.952627194000058, -24.278483380999944 ], [ 46.93629158300007, -24.290167425999982 ], [ 46.887033301000031, -24.297119089999967 ] ] ] } },
{ "type": "Feature", "properties": { "ISO": "MDG-ATA", "NAME_1": "Atsinanana" }, "geometry": { "type": "Polygon", "coordinates": [ [ [ 47.790566908000073, -20.463781900999948 ], [ 47.766260554000041, -20.460570570999948 ], [ 47.757210828000041, -20.43818579699996 ], [ 47.735782271000062, -20.42991756899994 ], [ 47.741605969000034, -20.411461758999963 ], [ 47.720079797000039, -20.40222541299994 ], [ 47.699741415000062, -20.405335537999974 ], [ 47.691949532000081, -20.394451025999956 ], [ 47.697927913000058, -20.379488441999968 ], [ 47.672670065000034, -20.37473216099994 ], [ 47.671131226000057, -20.367787350999947 ], [ 47.68795868400008, -20.32772371599998 ], [ 47.669339622000052, -20.294194017999928 ], [ 47.669822219000025, -20.278427504999968 ], [ 47.678951376000043, -20.268531702999951 ], [ 47.665063976000056, -20.249149424999928 ], [ 47.689796496000042, -20.210854796999968 ], [ 47.68272703100007, -20.173364971999945 ], [ 47.697785189000058, -20.163606065999943 ], [ 47.711208699000053, -20.138299268999958 ], [ 47.708497851000061, -20.114338287999942 ], [ 47.717022487000065, -20.101424802999929 ], [ 47.711211474000038, -20.097133389999954 ], [ 47.715332722000028, -20.080447379999953 ], [ 47.708743797000068, -20.048192430999961 ], [ 47.747216940000044, -20.057047498999964 ], [ 47.763835320000055, -20.030053910999982 ], [ 47.731413848000045, -19.994357344999969 ], [ 47.727708084000028, -19.97726597999997 ], [ 47.702054845000077, -19.95343048999996 ], [ 47.695816781000076, -19.937935477999929 ], [ 47.729544569000041, -19.938409751999927 ], [ 47.743797086000029, -19.928210925999963 ], [ 47.764441967000039, -19.904987304999963 ], [ 47.769291622000026, -19.884581089999926 ], [ 47.763848178000046, -19.865391923999937 ], [ 47.776029616000073, -19.863763260999974 ], [ 47.79826999900007, -19.83548000299993 ], [ 47.843035515000054, -19.856329581999944 ], [ 47.850988270000073, -19.869787865999967 ], [ 47.884953241000062, -19.879247043999953 ], [ 47.88688060700008, -19.835535389999961 ], [ 47.892533509000032, -19.830527028999938 ], [ 47.859326838000072, -19.816339898999956 ], [ 47.865457382000045, -19.768711442999972 ], [ 47.869924625000067, -19.782541762999927 ], [ 47.884607100000039, -19.784293803999958 ], [ 47.909237642000051, -19.803168610999933 ], [ 47.926010399000063, -19.75917891499995 ], [ 47.938516975000027, -19.754543056999978 ], [ 48.031740921000051, -19.773852577999946 ], [ 48.046496808000029, -19.705490274999931 ], [ 48.086674980000055, -19.757727659999944 ], [ 48.093926960000033, -19.778413182999941 ], [ 48.108766047000074, -19.770748741999967 ], [ 48.160313156000029, -19.810193699999957 ], [ 48.179025663000061, -19.810781824999935 ], [ 48.191818653000041, -19.80200752099995 ], [ 48.216153632000044, -19.80604005899994 ], [ 48.232066133000046, -19.780809172999966 ], [ 48.269301832000053, -19.79266890599996 ], [ 48.276004063000073, -19.802233240999954 ], [ 48.27307115900004, -19.811255511999946 ], [ 48.297235703000069, -19.795881372999929 ], [ 48.318979622000029, -19.742448726999953 ], [ 48.314867229000072, -19.712009256999977 ], [ 48.302970142000049, -19.69264848399996 ], [ 48.317847313000073, -19.64659246399998 ], [ 48.312585419000072, -19.625926110999956 ], [ 48.32238181200006, -19.568135536999932 ], [ 48.312604540000052, -19.538289280999948 ], [ 48.335443300000065, -19.539369292999936 ], [ 48.343067237000071, -19.525908086999948 ], [ 48.345308246000059, -19.537970621999932 ], [ 48.386187292000045, -19.541892221999944 ], [ 48.407218546000081, -19.51750796999994 ], [ 48.373750691000055, -19.415223052999977 ], [ 48.381703610000045, -19.393627729999935 ], [ 48.360698737000064, -19.362146562999953 ], [ 48.375054191000061, -19.335583672999974 ], [ 48.375137060000043, -19.306909417999975 ], [ 48.380431638000061, -19.304142079999963 ], [ 48.390112366000039, -19.324973181999951 ], [ 48.406075947000033, -19.324080347999939 ], [ 48.416970493000065, -19.33925792399998 ], [ 48.440735258000075, -19.336532148999936 ], [ 48.455042303000027, -19.357576453999968 ], [ 48.471994928000072, -19.339563713999951 ], [ 48.488311938000038, -19.348768399999926 ], [ 48.494596319000038, -19.333144195999978 ], [ 48.513742295000043, -19.325492193999935 ], [ 48.516879239000048, -19.282425579999938 ], [ 48.531663036000054, -19.300170492999939 ], [ 48.558386480000081, -19.292857652999942 ], [ 48.596750536000059, -19.231478687999982 ], [ 48.578782705000037, -19.169671462999929 ], [ 48.550540493000028, -19.135528170999976 ], [ 48.559975713000028, -19.130737126999975 ], [ 48.585260189000053, -19.139328424999974 ], [ 48.605344969000043, -19.159878730999935 ], [ 48.625157082000044, -19.152858119999962 ], [ 48.653891084000065, -19.17327299699997 ], [ 48.671247209000057, -19.171399515999951 ], [ 48.6869, -19.155380001999958 ], [ 48.70333000100004, -19.16628000399993 ], [ 48.715312122000057, -19.144960603999948 ], [ 48.710410873000058, -19.127465680999933 ], [ 48.694626565000078, -19.119378866999966 ], [ 48.687637490000043, -19.074026394999976 ], [ 48.643937079000068, -19.049084615999959 ], [ 48.652593090000039, -19.030058476999955 ], [ 48.650520568000047, -19.005016829999931 ], [ 48.661420200000066, -18.997550120999961 ], [ 48.64072150800007, -18.974496194999972 ], [ 48.640109576000043, -18.942787842999962 ], [ 48.62373, -18.930930003999947 ], [ 48.619237359000067, -18.880375490999938 ], [ 48.62714552500006, -18.876027268999962 ], [ 48.615789109000048, -18.85315972199993 ], [ 48.61883780200003, -18.836955031999935 ], [ 48.588571161000061, -18.815687196999932 ], [ 48.546048866000035, -18.801119934999974 ], [ 48.543337655000073, -18.783514981999929 ], [ 48.552377769000032, -18.773895778999929 ], [ 48.552424548000033, -18.756991881999966 ], [ 48.542212119000055, -18.729693852999958 ], [ 48.506915464000031, -18.71512419499993 ], [ 48.525830451000047, -18.70366994699998 ], [ 48.524092190000033, -18.68839505699998 ], [ 48.531230221000044, -18.682408905999978 ], [ 48.524492277000036, -18.679080653999961 ], [ 48.526349721000031, -18.666615089999937 ], [ 48.518053676000079, -18.662393905999977 ], [ 48.509153064000031, -18.670685203999938 ], [ 48.499105563000057, -18.661396350999951 ], [ 48.486073266000062, -18.614774017999935 ], [ 48.525036988000068, -18.564303265999968 ], [ 48.516498244000047, -18.558176026999945 ], [ 48.503722458000027, -18.562857031999954 ], [ 48.51595366500004, -18.533147722999956 ], [ 48.499267465000059, -18.520873880999943 ], [ 48.501512812000044, -18.507572568999933 ], [ 48.493855458000041, -18.502493340999933 ], [ 48.481168655000033, -18.446588064999958 ], [ 48.48444829400006, -18.426174097999933 ], [ 48.47229076800005, -18.415638099999967 ], [ 48.46963928200006, -18.393438705999927 ], [ 48.480259309000076, -18.352173516999983 ], [ 48.490777727000079, -18.362802622999936 ], [ 48.497959913000045, -18.352177092999966 ], [ 48.493287903000066, -18.341270341999973 ], [ 48.500888217000067, -18.323615930999949 ], [ 48.517693168000051, -18.309673782999937 ], [ 48.536475428000074, -18.306042349999927 ], [ 48.533566477000079, -18.297802889999957 ], [ 48.546194607000075, -18.277095264999957 ], [ 48.54125618300003, -18.273385034999933 ], [ 48.557886195000037, -18.264127457999962 ], [ 48.550003261000029, -18.243033387999958 ], [ 48.556479727000067, -18.234930769999949 ], [ 48.567638892000048, -18.251087119999966 ], [ 48.587608519000071, -18.238447726999937 ], [ 48.592262637000033, -18.247698384999978 ], [ 48.618415564000031, -18.258505408999952 ], [ 48.636846525000067, -18.25551620799996 ], [ 48.644354620000058, -18.241909570999951 ], [ 48.661116148000076, -18.234671052999943 ], [ 48.675699628000075, -18.248454319999951 ], [ 48.70448454600006, -18.235269702999972 ], [ 48.721714376000079, -18.244513379999944 ], [ 48.736145918000034, -18.212026950999928 ], [ 48.78976889900008, -18.196329937999963 ], [ 48.790604253000026, -18.183662117999972 ], [ 48.780883574000029, -18.169251993999978 ], [ 48.79185308700005, -18.141897454999935 ], [ 48.774164873000075, -18.113861955999937 ], [ 48.778750032000062, -18.094435528999952 ], [ 48.76510391000005, -18.053116049999971 ], [ 48.740223463000063, -18.053272642999957 ], [ 48.728999693000048, -18.075947683999971 ], [ 48.706039020000048, -18.061485433999962 ], [ 48.68423311500004, -18.067387413999938 ], [ 48.670194675000062, -18.058831165999948 ], [ 48.679451060000076, -18.052476113999944 ], [ 48.677147157000036, -18.033904832999951 ], [ 48.698275557000045, -17.984884312999952 ], [ 48.667836871000077, -17.950154040999962 ], [ 48.659084774000064, -17.94851063699997 ], [ 48.657194546000028, -17.943032560999939 ], [ 48.673219776000053, -17.933316913999931 ], [ 48.658539801000074, -17.907068359999982 ], [ 48.664512616000081, -17.902910564999956 ], [ 48.658887149000066, -17.891536532999964 ], [ 48.689934769000047, -17.887319493999939 ], [ 48.70056462000008, -17.914527899999939 ], [ 48.713771054000063, -17.924273076999953 ], [ 48.725404701000059, -17.912088098999959 ], [ 48.723994855000058, -17.900443976999952 ], [ 48.737203300000033, -17.903836940999952 ], [ 48.742961512000079, -17.887826944999972 ], [ 48.767848281000056, -17.867319753999936 ], [ 48.794644938000033, -17.897983404999934 ], [ 48.805431589000079, -17.872609772999965 ], [ 48.828705774000071, -17.87206673299994 ], [ 48.836233578000076, -17.879293488999963 ], [ 48.816680459000054, -17.804653170999927 ], [ 48.834994125000037, -17.792523664999976 ], [ 48.856635459000074, -17.763493108999967 ], [ 48.870235966000052, -17.766681797999979 ], [ 48.873621908000075, -17.750814827999932 ], [ 48.90623187500006, -17.767077883999946 ], [ 48.902045587000032, -17.775994212999933 ], [ 48.916133837000075, -17.778493073999982 ], [ 48.933232215000032, -17.764504134999981 ], [ 48.959352252000031, -17.759521628999948 ], [ 48.972189620000051, -17.743653799999947 ], [ 48.997510807000026, -17.738121233999948 ], [ 49.004114616000038, -17.746937297999978 ], [ 49.015549425000074, -17.747198111999978 ], [ 49.019211256000062, -17.739547156999947 ], [ 49.032456128000035, -17.740219195999941 ], [ 49.062584465000043, -17.721748635999973 ], [ 49.068395217000045, -17.736653581999974 ], [ 49.082104619000063, -17.743300455999929 ], [ 49.081975442000044, -17.751843688999941 ], [ 49.088058406000073, -17.741371529999981 ], [ 49.102840259000061, -17.743806369999959 ], [ 49.10763070400003, -17.733734527999957 ], [ 49.119854903000032, -17.743581861999928 ], [ 49.116434198000036, -17.763631921999945 ], [ 49.130997276000073, -17.755939452999939 ], [ 49.144914104000065, -17.767310259999931 ], [ 49.156980141000076, -17.746754227999929 ], [ 49.167950777000044, -17.752176673999941 ], [ 49.170998173000044, -17.740257489999976 ], [ 49.207742193000058, -17.732322411999974 ], [ 49.210407659000055, -17.722125862999974 ], [ 49.201845020000064, -17.719058353999969 ], [ 49.203813072000059, -17.688451033999968 ], [ 49.224720881000053, -17.694793106999953 ], [ 49.233158428000081, -17.689555974999962 ], [ 49.245889985000076, -17.708198617999926 ], [ 49.252797634000046, -17.702092986999958 ], [ 49.253132840000035, -17.686083222999969 ], [ 49.269495071000051, -17.687335890999975 ], [ 49.2604, -17.659370004999971 ], [ 49.27253, -17.609920003999946 ], [ 49.260768704000043, -17.583457887999941 ], [ 49.272074512000074, -17.57730036199996 ], [ 49.287741285000038, -17.54816860699998 ], [ 49.306425972000056, -17.554046260999939 ], [ 49.318585841000072, -17.568323118999956 ], [ 49.325870290000069, -17.554770228999928 ], [ 49.346818375000055, -17.579078222999954 ], [ 49.369253400000048, -17.571211294999955 ], [ 49.369173959000079, -17.587824583999975 ], [ 49.393579442000032, -17.586861962999933 ], [ 49.394455894000032, -17.599256625999942 ], [ 49.410107227000026, -17.606902386999934 ], [ 49.405330671000058, -17.611334782999961 ], [ 49.416592626000067, -17.620548028999963 ], [ 49.425842333000048, -17.614155849999975 ], [ 49.429324309000037, -17.598756870999978 ], [ 49.449539671000082, -17.595770529999982 ], [ 49.45450003600007, -17.580295498999931 ], [ 49.474424455000076, -17.581471520999969 ], [ 49.477340698000035, -17.596916197999974 ], [ 49.487300873000038, -17.604646681999952 ], [ 49.493125916000054, -17.65927886999998 ], [ 49.505378723000035, -17.672266006999962 ], [ 49.519245149000028, -17.674114225999972 ], [ 49.520206451000035, -17.692434310999943 ], [ 49.43095287400007, -17.97096694499993 ], [ 49.416625977000081, -18.042280196999968 ], [ 49.407226675000061, -18.065940155999954 ], [ 49.393515032000039, -18.063798639999959 ], [ 49.405323107000072, -18.066951427999982 ], [ 49.403148651000038, -18.106346129999963 ], [ 49.425228119000053, -18.160764693999965 ], [ 49.430465698000035, -18.15014266999998 ], [ 49.429122925000058, -18.161516189999929 ], [ 49.396911622000061, -18.176843642999927 ], [ 49.376842499000077, -18.209785460999967 ], [ 49.363788605000082, -18.282245635999971 ], [ 49.341888429000051, -18.343698500999949 ], [ 49.336421967000035, -18.410083770999961 ], [ 49.301124573000038, -18.466447829999936 ], [ 49.269523621000076, -18.554126738999969 ], [ 49.228645325000059, -18.638870238999971 ], [ 49.102111816000047, -18.980449675999978 ], [ 49.074272156000063, -19.030632017999949 ], [ 49.011276245000033, -19.188770294999927 ], [ 48.986667632000035, -19.278961181999932 ], [ 48.985752105000074, -19.327898025999957 ], [ 48.880329132000043, -19.569393156999979 ], [ 48.862190247000058, -19.630382537999935 ], [ 48.814735413000051, -19.840610503999983 ], [ 48.811523437000062, -19.900119780999944 ], [ 48.822391510000045, -19.912807463999968 ], [ 48.730594637000081, -20.122940063999977 ], [ 48.641269683000075, -20.303718566999976 ], [ 48.597753889000046, -20.415759002999948 ], [ 48.559882629000072, -20.429878843999973 ], [ 48.54575841500008, -20.405175708999934 ], [ 48.526266694000071, -20.391754055999968 ], [ 48.513835810000046, -20.397821737999948 ], [ 48.506885614000055, -20.413451547999955 ], [ 48.485288471000047, -20.404580374999966 ], [ 48.446362277000048, -20.406744833999937 ], [ 48.444214548000048, -20.38561528799994 ], [ 48.420828983000035, -20.381049721999943 ], [ 48.418760801000076, -20.357789423999975 ], [ 48.383605096000053, -20.381344211999931 ], [ 48.380272496000032, -20.363952125999958 ], [ 48.369351951000056, -20.355294167999944 ], [ 48.38678099200007, -20.336960467999972 ], [ 48.389434329000039, -20.302275824999981 ], [ 48.359830204000048, -20.310956913999973 ], [ 48.358786824000049, -20.298665223999933 ], [ 48.341812074000075, -20.283405992999974 ], [ 48.333189496000045, -20.298441498999978 ], [ 48.319836768000073, -20.29715807599996 ], [ 48.29864176500007, -20.315785952999931 ], [ 48.281069193000064, -20.304775372999927 ], [ 48.267530001000068, -20.314700001999938 ], [ 48.24993539500008, -20.305218768999964 ], [ 48.248669292000045, -20.293254794999939 ], [ 48.209797071000025, -20.272960256999966 ], [ 48.207021756000074, -20.258878528999958 ], [ 48.194362075000072, -20.247640160999936 ], [ 48.202846381000029, -20.215896359999931 ], [ 48.189780124000038, -20.211868626999944 ], [ 48.154974242000037, -20.216666482999983 ], [ 48.132665799000051, -20.241470653999954 ], [ 48.130872107000073, -20.254525820999959 ], [ 48.145558605000076, -20.271988565999948 ], [ 48.116892667000059, -20.309415624999929 ], [ 48.116481529000055, -20.323016261999953 ], [ 48.108897937000052, -20.325609465999946 ], [ 48.096004307000044, -20.364795622999964 ], [ 48.077108315000032, -20.391588043999946 ], [ 48.079964421000057, -20.401456407999945 ], [ 48.07153173100005, -20.415096134999942 ], [ 48.078083964000029, -20.429554558999939 ], [ 48.066660332000026, -20.453409963999945 ], [ 48.048253779000049, -20.450421672999937 ], [ 48.03628249500008, -20.422370803999968 ], [ 48.014741554000068, -20.421829717999969 ], [ 48.005805647000045, -20.408821503999945 ], [ 47.969151512000053, -20.406014420999952 ], [ 47.930640656000037, -20.439235161999932 ], [ 47.922781513000075, -20.434244153999941 ], [ 47.909801217000052, -20.440094907999935 ], [ 47.88701010300008, -20.425688332999982 ], [ 47.872313987000041, -20.426323796999952 ], [ 47.852505921000045, -20.436234318999936 ], [ 47.841880751000076, -20.452948015999937 ], [ 47.810353699000075, -20.448977397999954 ], [ 47.813077040000053, -20.460074329999941 ], [ 47.792943876000038, -20.45739713599994 ], [ 47.790566908000073, -20.463781900999948 ] ] ] } },
{ "type": "Feature", "properties": { "ISO": "MDG-BET", "NAME_1": "Betsiboka" }, "geometry": { "type": "Polygon", "coordinates": [ [ [ 45.602695790000041, -17.350710729999946 ], [ 45.652859575000036, -17.303232743999956 ], [ 45.659149999000078, -17.279730004999976 ], [ 45.639074920000041, -17.242837695999981 ], [ 45.612768652000057, -17.217385946999968 ], [ 45.62002435800008, -17.206557734999933 ], [ 45.616454590000046, -17.17814778199994 ], [ 45.637192023000068, -17.164031809999926 ], [ 45.665399228000069, -17.127934636999953 ], [ 45.67958982500005, -17.086812729999963 ], [ 45.679855871000029, -17.008763776999956 ], [ 45.672789935000026, -16.97654246299993 ], [ 45.67858534700008, -16.950611423999931 ], [ 45.773800980000033, -16.954853193999952 ], [ 45.890914320000036, -17.00054416699993 ], [ 45.927864022000051, -16.991197107999938 ], [ 45.949640245000069, -16.99819987199993 ], [ 45.988301129000035, -16.984298182999964 ], [ 46.018115235000039, -16.992321158999971 ], [ 46.021601916000066, -16.964330387999951 ], [ 46.038096182000061, -16.956737184999952 ], [ 46.046021974000041, -16.938839070999961 ], [ 46.068463376000068, -16.947829666999951 ], [ 46.06580427800003, -16.92203079899997 ], [ 46.106177966000075, -16.917992898999955 ], [ 46.099890423000033, -16.926098732999947 ], [ 46.109529482000028, -16.937945577999926 ], [ 46.102980543000058, -16.94295942399998 ], [ 46.115330604000064, -16.945324693999964 ], [ 46.118572423000046, -16.958364433999975 ], [ 46.108013206000066, -16.967392453999935 ], [ 46.118875640000056, -16.968106539999951 ], [ 46.124244754000074, -16.989875680999944 ], [ 46.133578054000054, -16.998482873999933 ], [ 46.119847758000049, -17.016846781999959 ], [ 46.128357553000058, -17.022196783999959 ], [ 46.125985806000074, -17.034718857999962 ], [ 46.133868304000032, -17.049825900999963 ], [ 46.160931545000039, -17.066364458999942 ], [ 46.168727863000072, -17.090159106999977 ], [ 46.166444984000066, -17.122452836999969 ], [ 46.17645549100007, -17.149714009999968 ], [ 46.181156314000077, -17.151781185999937 ], [ 46.213197294000054, -17.102701313999944 ], [ 46.235109520000037, -17.105103982999935 ], [ 46.274082975000056, -17.089695885999959 ], [ 46.274954266000066, -17.135104959999978 ], [ 46.305258374000061, -17.20351007599993 ], [ 46.300968533000059, -17.251844585999947 ], [ 46.290806060000079, -17.276646782999933 ], [ 46.339269959000035, -17.265130547999945 ], [ 46.364857027000028, -17.268867919999934 ], [ 46.418613433000075, -17.230423929999972 ], [ 46.433455146000028, -17.196900830999937 ], [ 46.45088977000006, -17.185589208999943 ], [ 46.449175565000075, -17.173177738999982 ], [ 46.456830343000036, -17.173158034999972 ], [ 46.46217310000003, -17.15087196099995 ], [ 46.451636467000071, -17.139269603999935 ], [ 46.477644588000032, -17.121437305999962 ], [ 46.46758778800006, -17.111957469999936 ], [ 46.460110624000038, -17.069284779999975 ], [ 46.468348806000051, -17.016407491999928 ], [ 46.484227504000046, -17.005438593999941 ], [ 46.491105831000027, -16.987005934999956 ], [ 46.511498095000036, -16.992986866999956 ], [ 46.514558098000066, -16.980921225999964 ], [ 46.536175283000034, -16.97933467799993 ], [ 46.557565932000045, -17.000770088999957 ], [ 46.595948003000046, -16.963309804999938 ], [ 46.599635262000049, -16.933723848999932 ], [ 46.591350050000074, -16.917178565999961 ], [ 46.624705653000035, -16.900492393999968 ], [ 46.632068107000066, -16.870563050999976 ], [ 46.617535098000076, -16.836519343999953 ], [ 46.657922265000082, -16.796175020999954 ], [ 46.653540164000049, -16.763356174999956 ], [ 46.661827404000064, -16.754005117999952 ], [ 46.655844658000035, -16.731586492999952 ], [ 46.676486763000071, -16.712169020999966 ], [ 46.67675833800007, -16.631616656999938 ], [ 46.695094426000026, -16.603385030999959 ], [ 46.72240860800008, -16.621400944999948 ], [ 46.757860722000032, -16.624046950999968 ], [ 46.78547410300007, -16.613231639999981 ], [ 46.81973705300004, -16.625488509999968 ], [ 46.859713001000046, -16.653416866999976 ], [ 46.895388822000029, -16.652143466999973 ], [ 46.909335058000067, -16.629146464999963 ], [ 46.924156448000076, -16.633116919999964 ], [ 46.944383047000031, -16.595909273999951 ], [ 46.949508528000081, -16.606876518999968 ], [ 46.963690315000065, -16.603479007999965 ], [ 47.00228, -16.563820003999979 ], [ 47.052413887000057, -16.561560217999954 ], [ 47.092949999000041, -16.578670004999935 ], [ 47.095899999000039, -16.566250003999983 ], [ 47.112468328000034, -16.584508984999957 ], [ 47.135154911000029, -16.591580859999965 ], [ 47.140363068000056, -16.608264951999956 ], [ 47.156319489000055, -16.602685876999942 ], [ 47.181573269000069, -16.623641341999928 ], [ 47.193902245000061, -16.62156710499994 ], [ 47.200229066000077, -16.60981800199994 ], [ 47.211782885000048, -16.612670782999942 ], [ 47.21800240400006, -16.622059724999929 ], [ 47.225832469000068, -16.619877514999928 ], [ 47.238680475000081, -16.647201962999929 ], [ 47.290289853000047, -16.657850233999966 ], [ 47.299780570000053, -16.689556704999973 ], [ 47.295810420000066, -16.699564874999965 ], [ 47.309705960000031, -16.707757668999932 ], [ 47.311297505000027, -16.692016684999942 ], [ 47.324302167000042, -16.690511095999966 ], [ 47.34261508000003, -16.653737830999944 ], [ 47.33541654000004, -16.638917893999974 ], [ 47.341996646000041, -16.626873409999973 ], [ 47.330544195000073, -16.621372557999962 ], [ 47.325037224000027, -16.599082335999981 ], [ 47.310021562000031, -16.595615979999934 ], [ 47.302647654000054, -16.612776774999929 ], [ 47.300265834000072, -16.59824271399998 ], [ 47.284870282000043, -16.595006764999937 ], [ 47.26846314800008, -16.58036545799996 ], [ 47.229234021000082, -16.561415242999942 ], [ 47.217663266000045, -16.570286013999976 ], [ 47.214701888000036, -16.542274335999934 ], [ 47.198489226000049, -16.534124912999971 ], [ 47.19776775400004, -16.522859310999934 ], [ 47.183640363000052, -16.527930867999942 ], [ 47.17200252300006, -16.520462377999934 ], [ 47.16466736700005, -16.501005710999948 ], [ 47.171159913000054, -16.480625379999935 ], [ 47.183850361000054, -16.482216603999973 ], [ 47.205374156000062, -16.459388632999946 ], [ 47.220029987000032, -16.466134544999932 ], [ 47.236084334000054, -16.462577086999943 ], [ 47.239992391000044, -16.424436010999955 ], [ 47.275703193000027, -16.39741877299997 ], [ 47.300309628000036, -16.394621772999926 ], [ 47.289716214000066, -16.377648411999928 ], [ 47.302900211000065, -16.345181320999927 ], [ 47.322686158000067, -16.335807432999957 ], [ 47.336258574000055, -16.339466007999931 ], [ 47.41116334700007, -16.421078097999953 ], [ 47.43433499300005, -16.417627206999953 ], [ 47.498651678000044, -16.43626612099996 ], [ 47.525261759000045, -16.43656593299994 ], [ 47.531509070000027, -16.409655805999932 ], [ 47.55558080000003, -16.418602294999971 ], [ 47.56858984400003, -16.414027317999967 ], [ 47.579152218000047, -16.421732087999942 ], [ 47.626879698000039, -16.415091110999981 ], [ 47.637117649000061, -16.419117448999941 ], [ 47.640381866000041, -16.429377449999947 ], [ 47.676577825000038, -16.434448388999954 ], [ 47.662696964000077, -16.462563418999935 ], [ 47.669958405000045, -16.505047388999969 ], [ 47.702073512000027, -16.507697825999969 ], [ 47.745214217000068, -16.543405202999963 ], [ 47.756496265000067, -16.54467822099997 ], [ 47.752920031000031, -16.551841758999956 ], [ 47.766481228000032, -16.550438969999959 ], [ 47.779029021000042, -16.534190305999971 ], [ 47.816267463000031, -16.553775317999964 ], [ 47.826568097000063, -16.567254049999974 ], [ 47.861397989000068, -16.561087100999941 ], [ 47.892594009000049, -16.587748211999951 ], [ 47.904519138000069, -16.583555923999938 ], [ 47.919767160000049, -16.590163497999981 ], [ 47.921997901000054, -16.603815291999979 ], [ 47.949645693000036, -16.642215724999971 ], [ 47.937377811000033, -16.667892245999951 ], [ 47.94509746600005, -16.703897912999935 ], [ 47.925577996000072, -16.727100047999954 ], [ 47.94808226300006, -16.760600416999978 ], [ 47.987057001000039, -16.788890781999953 ], [ 48.011731790000056, -16.833980375999943 ], [ 48.003802120000046, -16.854169166999952 ], [ 48.029818976000058, -16.867064987999981 ], [ 48.035523347000037, -16.889280099999951 ], [ 48.065635721000035, -16.902363289999982 ], [ 48.062905389000036, -16.931252713999982 ], [ 48.048069954000027, -16.949004294999952 ], [ 48.052687076000041, -16.965197055999965 ], [ 48.07100190500006, -16.971907987999941 ], [ 48.052194049000036, -16.98946734499998 ], [ 48.074101471000063, -17.012426060999928 ], [ 48.083963441000037, -17.041435449999938 ], [ 48.098169938000069, -17.057155405999936 ], [ 48.117366537000066, -17.04850234099996 ], [ 48.136743481000053, -17.07012173499993 ], [ 48.18006207600007, -17.057954891999941 ], [ 48.176021794000064, -17.15280069399995 ], [ 48.189804103000029, -17.160354954999946 ], [ 48.197287791000065, -17.183250702999942 ], [ 48.17222840900007, -17.231337282999959 ], [ 48.149711126000057, -17.231447347999961 ], [ 48.145707813000058, -17.256017522999969 ], [ 48.138963819000026, -17.260519189999968 ], [ 48.148374147000027, -17.281574872999954 ], [ 48.151155772000038, -17.320816752999974 ], [ 48.130340347000072, -17.338293778999969 ], [ 48.108005, -17.331726827999944 ], [ 48.103360475000045, -17.338959885999941 ], [ 48.096957462000034, -17.363391487999934 ], [ 48.107956303000037, -17.383444769999983 ], [ 48.098636838000061, -17.413499687999945 ], [ 48.074281832000054, -17.422729587999982 ], [ 48.069053358000076, -17.405394586999932 ], [ 48.04477773800005, -17.40792982399995 ], [ 48.03187233400007, -17.394326902999978 ], [ 48.021643490000031, -17.393389877999937 ], [ 47.992111076000072, -17.448887081999942 ], [ 47.981539682000061, -17.450649615999964 ], [ 47.969168927000055, -17.43999608699994 ], [ 47.957772635000026, -17.457534403999944 ], [ 47.936722064000037, -17.471335139999951 ], [ 47.927486955000063, -17.460629209999979 ], [ 47.921895114000051, -17.464108 ], [ 47.918104214000039, -17.482440449999956 ], [ 47.933162419000041, -17.529681917999937 ], [ 47.94360621900006, -17.532934916999977 ], [ 47.957744343000059, -17.560397686999977 ], [ 47.982829429000049, -17.55687226799995 ], [ 47.97264535100004, -17.574234278999938 ], [ 47.974435544000073, -17.585507191999966 ], [ 48.009580001000074, -17.618400003999966 ], [ 48.007292616000029, -17.632155446999946 ], [ 48.022784415000046, -17.644270157999927 ], [ 48.051972149000051, -17.650085257999933 ], [ 48.039962483000068, -17.679370991999974 ], [ 48.008791325000061, -17.68019809599997 ], [ 47.989413782000042, -17.693061381999939 ], [ 47.986556068000027, -17.714933419999966 ], [ 47.996859571000073, -17.716587705999927 ], [ 47.999927779000075, -17.724621248999938 ], [ 47.977505018000045, -17.729642403999947 ], [ 47.975741822000032, -17.752719043999946 ], [ 47.949787761000039, -17.784864096999968 ], [ 47.959880759000043, -17.812336038999945 ], [ 47.936292262000052, -17.863884303999953 ], [ 47.939086046000057, -17.879736193999975 ], [ 47.917817834000061, -17.874096713999961 ], [ 47.893190661000062, -17.838017988999979 ], [ 47.886549999000067, -17.848780003999934 ], [ 47.894429999000067, -17.863530004999973 ], [ 47.88155, -17.874380003999931 ], [ 47.863699999000062, -17.873180003999948 ], [ 47.862679999000079, -17.855700003999971 ], [ 47.890394899000057, -17.837255908999964 ], [ 47.895221301000049, -17.798758423999971 ], [ 47.876275669000051, -17.789540417999945 ], [ 47.863132545000042, -17.770181264999962 ], [ 47.836418088000073, -17.750755996999942 ], [ 47.807440660000054, -17.762258994999968 ], [ 47.789550097000074, -17.751322781999932 ], [ 47.772280251000041, -17.773098066999978 ], [ 47.756985585000052, -17.779297845999963 ], [ 47.741453368000066, -17.777486056999976 ], [ 47.737705943000037, -17.768870839999977 ], [ 47.715741546000061, -17.759260016999974 ], [ 47.689451713000039, -17.76648457899995 ], [ 47.67752850800008, -17.760683076999953 ], [ 47.68059413900005, -17.785395328999982 ], [ 47.673934652000071, -17.809338394999941 ], [ 47.632159199000057, -17.85582235499993 ], [ 47.654399999000077, -17.880620003999979 ], [ 47.652173038000058, -17.908151921999945 ], [ 47.582849228000043, -17.919151805999945 ], [ 47.579553814000064, -17.896365646999982 ], [ 47.569708732000038, -17.896872396999981 ], [ 47.550407999000072, -17.92108546399993 ], [ 47.525811531000045, -17.927207019999969 ], [ 47.507134086000065, -17.941230190999931 ], [ 47.496155018000081, -17.909411417999934 ], [ 47.48112933200008, -17.903931290999935 ], [ 47.458209126000042, -17.907944404999967 ], [ 47.426057166000078, -17.897874933999958 ], [ 47.426306154000031, -17.882949676999942 ], [ 47.40347175800008, -17.879033486999958 ], [ 47.366707041000041, -17.855750067999963 ], [ 47.343763621000051, -17.81660541399998 ], [ 47.348802210000031, -17.777225717999954 ], [ 47.343579620000071, -17.774584107999942 ], [ 47.335895735000065, -17.783644262999928 ], [ 47.317852410000057, -17.774092638999946 ], [ 47.317625967000026, -17.763854587999958 ], [ 47.27305536800003, -17.749580235999929 ], [ 47.245615441000041, -17.74981663899996 ], [ 47.240021428000034, -17.759328253999968 ], [ 47.212414309000053, -17.766328680999948 ], [ 47.185602852000045, -17.755386215999977 ], [ 47.168543953000039, -17.767003845999966 ], [ 47.16196485100005, -17.790242704999969 ], [ 47.142926658000079, -17.799675111999932 ], [ 47.116106802000047, -17.78301579999993 ], [ 47.099787436000042, -17.785830912999927 ], [ 47.057463873000074, -17.82708030799995 ], [ 47.052974576000054, -17.878267904999973 ], [ 47.040581172000032, -17.879180166999959 ], [ 47.028861644000074, -17.867954360999931 ], [ 47.023108560000026, -17.847531563999951 ], [ 46.993667837000032, -17.817291527999942 ], [ 46.981003717000078, -17.837924944999941 ], [ 46.947925171000065, -17.832028931999957 ], [ 46.927179206000062, -17.841531455999927 ], [ 46.914282497000045, -17.829814124999928 ], [ 46.908576073000063, -17.834469645999945 ], [ 46.903986419000034, -17.826755890999948 ], [ 46.858006233000026, -17.814079579999941 ], [ 46.807036052000058, -17.843560281999942 ], [ 46.796772492000059, -17.827053108999962 ], [ 46.802172748000032, -17.757584483999949 ], [ 46.796074783000051, -17.733681844999978 ], [ 46.779975793000062, -17.712998604999939 ], [ 46.751438569000072, -17.715768724999975 ], [ 46.73286184300008, -17.708174305999933 ], [ 46.709326502000067, -17.723375371999964 ], [ 46.661055462000036, -17.739808377999964 ], [ 46.653829547000043, -17.735698773999957 ], [ 46.63325209900006, -17.75517588699995 ], [ 46.610508410000079, -17.743255538999961 ], [ 46.591727820000074, -17.752316120999978 ], [ 46.544827295000061, -17.750191589999929 ], [ 46.539892526000074, -17.728078330999949 ], [ 46.525887471000033, -17.737294682999959 ], [ 46.522079971000039, -17.759148920999962 ], [ 46.504541202000041, -17.767764437999972 ], [ 46.494397958000036, -17.759310328999959 ], [ 46.484266123000054, -17.763022706999948 ], [ 46.458606332000045, -17.73879399499998 ], [ 46.437241984000082, -17.767660501999956 ], [ 46.42924903800008, -17.768718427999943 ], [ 46.423772855000038, -17.760519526999929 ], [ 46.410327967000057, -17.77177149399995 ], [ 46.398393705000046, -17.766123814999958 ], [ 46.390391172000079, -17.780516310999928 ], [ 46.369524756000033, -17.793092659999957 ], [ 46.367153371000029, -17.803701519999947 ], [ 46.351706448000073, -17.803468478999946 ], [ 46.352107828000044, -17.832813650999981 ], [ 46.323389461000033, -17.833039928999938 ], [ 46.315976677000037, -17.822329150999963 ], [ 46.299041714000055, -17.821948654999971 ], [ 46.281589433000079, -17.839741151999931 ], [ 46.268918024000072, -17.840544744999931 ], [ 46.258044910000081, -17.861346432999937 ], [ 46.249178577000066, -17.854029002999937 ], [ 46.235869845000082, -17.862158458999943 ], [ 46.234338196000067, -17.875755473999959 ], [ 46.208560393000027, -17.844128221999938 ], [ 46.203571854000074, -17.862353092999967 ], [ 46.188316418000056, -17.863521211999966 ], [ 46.180167246000053, -17.87993754699994 ], [ 46.175088925000068, -17.87815537299997 ], [ 46.172187368000039, -17.914465517999929 ], [ 46.151802280000027, -17.943230729999982 ], [ 46.142171733000055, -17.931281367999929 ], [ 46.104668023000045, -17.923954454999944 ], [ 46.088900040000055, -17.931161861999954 ], [ 46.015998714000034, -17.925601762999975 ], [ 45.988139745000069, -17.90050212999995 ], [ 45.944590118000065, -17.884960357999944 ], [ 45.947631673000046, -17.870658368999955 ], [ 45.942039289000036, -17.863055661999965 ], [ 45.949379724000039, -17.83854635299997 ], [ 45.971294102000059, -17.813935952999941 ], [ 45.969593452000026, -17.769767605999959 ], [ 45.96225989800007, -17.756854449999935 ], [ 45.959232668000027, -17.71693346099994 ], [ 45.935383054000056, -17.705187528999943 ], [ 45.936526058000027, -17.672859908999953 ], [ 45.945035619000066, -17.659229419999974 ], [ 45.932157483000026, -17.605574565999973 ], [ 45.937035061000074, -17.573301404999938 ], [ 45.92764651300007, -17.569087798999931 ], [ 45.925667032000035, -17.558176782999965 ], [ 45.937219102000029, -17.550105702999929 ], [ 45.939456633000077, -17.55638311499996 ], [ 45.95115239900008, -17.554020200999958 ], [ 45.955192944000032, -17.546520742999974 ], [ 45.920991814000047, -17.492191636999962 ], [ 45.89849042000003, -17.431629853999937 ], [ 45.887823389000062, -17.42719945999994 ], [ 45.866110983000056, -17.444549541999947 ], [ 45.856212468000081, -17.437544104999972 ], [ 45.823393079000027, -17.446190143999956 ], [ 45.817015796000078, -17.458245806999969 ], [ 45.798240885000041, -17.46628650699995 ], [ 45.767245736000064, -17.457962579999958 ], [ 45.75455299500004, -17.46175177899994 ], [ 45.752803644000039, -17.470787177999966 ], [ 45.716780222000068, -17.460032242999944 ], [ 45.65302581900005, -17.454599956999971 ], [ 45.630992888000037, -17.461990623999952 ], [ 45.605932195000037, -17.451056058999939 ], [ 45.588719850000075, -17.43261801899996 ], [ 45.598890173000029, -17.399164484999972 ], [ 45.568653411000071, -17.368286101999956 ], [ 45.602695790000041, -17.350710729999946 ] ] ] } },
{ "type": "Feature", "properties": { "ISO": "MDG-IHO", "NAME_1": "Ihorombe" }, "geometry": { "type": "Polygon", "coordinates": [ [ [ 45.190828552000028, -22.387100706999945 ], [ 45.201041434000047, -22.381253256999969 ], [ 45.211213235000059, -22.357100703999947 ], [ 45.221651719000079, -22.360035323999966 ], [ 45.238614574000053, -22.34984916999997 ], [ 45.240957926000078, -22.329485070999965 ], [ 45.223431159000029, -22.304927387999953 ], [ 45.232455707000042, -22.303982445999964 ], [ 45.233445840000059, -22.283033591999981 ], [ 45.226837612000054, -22.282083156999931 ], [ 45.232581651000032, -22.259172421999949 ], [ 45.247408957000061, -22.258908219999967 ], [ 45.242695315000049, -22.239758881999933 ], [ 45.255469187000074, -22.227521533999948 ], [ 45.276553247000038, -22.235185488999946 ], [ 45.287983605000079, -22.19891847599996 ], [ 45.273402833000034, -22.177106868999942 ], [ 45.303758188000074, -22.152015174999974 ], [ 45.304999999000074, -22.140030000999957 ], [ 45.288432952000051, -22.12989958999998 ], [ 45.279802388000064, -22.108199022999941 ], [ 45.280055297000047, -22.071896780999964 ], [ 45.265244510000059, -22.065476980999961 ], [ 45.279555124000069, -22.041030803999945 ], [ 45.283379793000051, -22.000839246999931 ], [ 45.268027491000055, -21.982740178999961 ], [ 45.263443169000027, -21.951505429999941 ], [ 45.243911556000057, -21.974235137999983 ], [ 45.215828650000049, -21.969126535999976 ], [ 45.201238447000037, -21.902444522999929 ], [ 45.226449004000074, -21.883813392999969 ], [ 45.241265957000053, -21.89901754999994 ], [ 45.279328071000066, -21.888134779999973 ], [ 45.293120197000064, -21.896579690999943 ], [ 45.331427808000058, -21.896567864999952 ], [ 45.328351613000052, -21.882180432999974 ], [ 45.35222802800007, -21.859886462999953 ], [ 45.354010549000066, -21.829610125999977 ], [ 45.343007783000076, -21.810825397999963 ], [ 45.346473779000064, -21.79316997799998 ], [ 45.406009537000045, -21.714501567999946 ], [ 45.412851161000049, -21.684666447999973 ], [ 45.422820481000031, -21.684913147999964 ], [ 45.430943979000062, -21.697386884999958 ], [ 45.45943744300007, -21.691891708999947 ], [ 45.481025078000073, -21.669901750999941 ], [ 45.497162330000037, -21.680446228999983 ], [ 45.539431899000078, -21.68151444199998 ], [ 45.508448531000056, -21.629129116999934 ], [ 45.539726113000029, -21.615064105999977 ], [ 45.552536478000036, -21.622309255999937 ], [ 45.576159927000049, -21.617715331999932 ], [ 45.585781420000046, -21.632780096999966 ], [ 45.611460008000051, -21.623596710999948 ], [ 45.648958500000049, -21.677432137999972 ], [ 45.68763376000004, -21.675305537999975 ], [ 45.704072279000059, -21.691826849999927 ], [ 45.710517802000027, -21.680926517999978 ], [ 45.716761675000043, -21.682477915999982 ], [ 45.722691465000025, -21.696844005999935 ], [ 45.742424548000031, -21.70563771999997 ], [ 45.760540498000069, -21.736974535999934 ], [ 45.785026574000028, -21.745961539999939 ], [ 45.789791708000052, -21.760408345999963 ], [ 45.816521862000059, -21.74878399399995 ], [ 45.830177856000034, -21.756680469999935 ], [ 45.856103233000056, -21.751330019999955 ], [ 45.866620757000078, -21.73535885299998 ], [ 45.893753013000037, -21.732374199999981 ], [ 45.906933366000032, -21.708142963999933 ], [ 45.930096055000035, -21.715145283999959 ], [ 45.938131086000055, -21.707450045999963 ], [ 45.93500681300003, -21.690380364999953 ], [ 45.95931213800003, -21.692122469999958 ], [ 45.966407700000047, -21.71682180099998 ], [ 45.963318745000038, -21.735760708999976 ], [ 46.014032812000039, -21.725989751999975 ], [ 46.026041355000075, -21.741324290999955 ], [ 46.056578184000045, -21.729608864999932 ], [ 46.070969713000068, -21.736879192999936 ], [ 46.085522443000059, -21.731093374999944 ], [ 46.094057496000062, -21.746858294999981 ], [ 46.127588952000053, -21.76176351099997 ], [ 46.220985391000056, -21.762020827999947 ], [ 46.238685227000076, -21.779611744999954 ], [ 46.23926803300003, -21.79565318899995 ], [ 46.252724812000054, -21.802978278999944 ], [ 46.261405491000062, -21.798365951999983 ], [ 46.264621762000047, -21.785209392999946 ], [ 46.279083730000025, -21.795579474999954 ], [ 46.31498132400003, -21.790481708999948 ], [ 46.328206056000056, -21.802200738999943 ], [ 46.318079264000062, -21.828840380999964 ], [ 46.325365643000055, -21.849960971999963 ], [ 46.349582415000043, -21.84741177799998 ], [ 46.345396898000047, -21.836829862999934 ], [ 46.358840584000063, -21.832321161999971 ], [ 46.369530808000036, -21.854512450999948 ], [ 46.378721743000028, -21.852322423999965 ], [ 46.371710454000038, -21.877745899999979 ], [ 46.391880265000054, -21.892784961999951 ], [ 46.391729461000068, -21.927931496999975 ], [ 46.420062606000045, -21.938963198999943 ], [ 46.426847333000069, -21.954700773999946 ], [ 46.433804517000056, -21.952190978999965 ], [ 46.436843943000042, -21.937153172999956 ], [ 46.44424145000005, -21.93734600099998 ], [ 46.434225027000025, -21.969536757999947 ], [ 46.445311170000025, -21.997278057999949 ], [ 46.428593205000027, -22.020325702999969 ], [ 46.427334805000044, -22.042578213999946 ], [ 46.437377527000081, -22.060708300999977 ], [ 46.456449787000054, -22.06782164599997 ], [ 46.465708494000069, -22.093971075999946 ], [ 46.478335657000059, -22.075843238999937 ], [ 46.501698691000058, -22.073020346999954 ], [ 46.516280342000073, -22.08604820499994 ], [ 46.515991175000067, -22.11054366999997 ], [ 46.532562539000025, -22.112222809999935 ], [ 46.535751796000056, -22.124336435999965 ], [ 46.544903653000063, -22.104785817999982 ], [ 46.581311962000029, -22.07605512899994 ], [ 46.594292609000036, -22.128192878999982 ], [ 46.70462, -22.141220001999955 ], [ 46.714092793000077, -22.172264980999955 ], [ 46.731211823000081, -22.184738014999937 ], [ 46.755054552000047, -22.172377938999944 ], [ 46.786021832000074, -22.186642856999981 ], [ 46.787805912000067, -22.220756390999952 ], [ 46.814493765000066, -22.167189830999973 ], [ 46.826376871000036, -22.162951835999934 ], [ 46.844487934000028, -22.165298470999971 ], [ 46.853802048000034, -22.178775578999932 ], [ 46.880634065000038, -22.193653805999929 ], [ 46.89427175600008, -22.191415227999983 ], [ 46.912068557000055, -22.206773335999969 ], [ 46.929824628000063, -22.20101802399995 ], [ 46.936030122000034, -22.178473235999945 ], [ 46.968931547000068, -22.151202479999938 ], [ 47.008513221000044, -22.16673547399995 ], [ 47.039642320000041, -22.163072282999963 ], [ 47.060680965000074, -22.176813866999964 ], [ 47.06279289400004, -22.182969161999949 ], [ 47.044302466000033, -22.205292159999942 ], [ 47.069921607000026, -22.220634208999968 ], [ 47.114988995000033, -22.267287394999983 ], [ 47.107005751000031, -22.295129208999981 ], [ 47.111881402000051, -22.307188638999946 ], [ 47.138071857000057, -22.307996834999983 ], [ 47.159897897000064, -22.325213084999973 ], [ 47.160694509000052, -22.350469038999961 ], [ 47.172401004000051, -22.359363286999951 ], [ 47.194906164000031, -22.356026242999974 ], [ 47.184176715000035, -22.370828069999959 ], [ 47.181345844000077, -22.40896399199994 ], [ 47.175739823000072, -22.420205863999968 ], [ 47.161720477000074, -22.422694873999944 ], [ 47.156352836000053, -22.435926669999958 ], [ 47.169257194000068, -22.435082014999978 ], [ 47.171393800000033, -22.44569912399993 ], [ 47.177483512000038, -22.440996309999946 ], [ 47.183490100000029, -22.452820410999948 ], [ 47.186777480000046, -22.472095061999937 ], [ 47.170994495000059, -22.482320782999977 ], [ 47.182083699000032, -22.498163121999937 ], [ 47.194740483000032, -22.500335273999951 ], [ 47.19911735200003, -22.509599299999934 ], [ 47.18435824900007, -22.528161541999964 ], [ 47.188013822000073, -22.538114363999966 ], [ 47.19678545000005, -22.535143759999983 ], [ 47.203774942000052, -22.542318890999979 ], [ 47.182197698000039, -22.553544958999964 ], [ 47.185048747000053, -22.568858820999935 ], [ 47.171460874000047, -22.581806786999948 ], [ 47.174247832000049, -22.591872481999928 ], [ 47.225136604000056, -22.599313205999977 ], [ 47.22235356300007, -22.614636430999951 ], [ 47.202026689000036, -22.616385006999963 ], [ 47.196538101000044, -22.642496737999977 ], [ 47.20042425400004, -22.650999010999953 ], [ 47.213472468000077, -22.650499701999934 ], [ 47.214235193000036, -22.669996672999957 ], [ 47.185876937000046, -22.695640257999969 ], [ 47.183821081000076, -22.718283977999931 ], [ 47.205583177000051, -22.729267911999955 ], [ 47.195222470000033, -22.738588614999969 ], [ 47.196179466000046, -22.774335260999976 ], [ 47.221734194000078, -22.784380963999979 ], [ 47.214071077000028, -22.806606637999948 ], [ 47.199409408000065, -22.806529186999967 ], [ 47.198073025000042, -22.821952386999953 ], [ 47.184923228000059, -22.817807976999973 ], [ 47.176932945000033, -22.826250161999951 ], [ 47.189702990000058, -22.848854748999941 ], [ 47.201552163000031, -22.850076016999935 ], [ 47.205291312000043, -22.857946520999974 ], [ 47.196982419000051, -22.878320121999934 ], [ 47.205609788000061, -22.887603024999976 ], [ 47.211030523000034, -22.924212771999976 ], [ 47.194938612000044, -22.943282821999958 ], [ 47.175478957000053, -22.938228487999936 ], [ 47.151490215000081, -22.949207494999939 ], [ 47.15290232600006, -22.971073696999952 ], [ 47.14426787900004, -22.98723715899996 ], [ 47.150341012000069, -23.002493357999981 ], [ 47.115262577000067, -23.014268863999973 ], [ 47.098629859000027, -23.001628937999953 ], [ 47.077229440000053, -23.005363725999928 ], [ 47.09109686100004, -22.974978632999978 ], [ 47.08115792600006, -22.95714789699997 ], [ 47.070811881000054, -22.954500331999952 ], [ 47.051687401000038, -22.96560668799998 ], [ 47.034556071000054, -22.963733044999969 ], [ 47.028945901000043, -22.975628254999947 ], [ 47.033464885000058, -22.986153332999947 ], [ 47.008145763000073, -22.994263288999946 ], [ 47.002824563000047, -22.974226037999983 ], [ 46.95466259300008, -22.918093021999937 ], [ 46.944807350000076, -22.920193322999978 ], [ 46.943449883000028, -22.931425497999953 ], [ 46.913384733000044, -22.925615053999934 ], [ 46.908922794000034, -22.940495081999927 ], [ 46.843002680000041, -22.922843006999983 ], [ 46.770197130000042, -22.923458731999972 ], [ 46.772888530000046, -22.956374130999961 ], [ 46.782834083000068, -22.966721733999975 ], [ 46.78173, -22.987130001999958 ], [ 46.797361007000063, -22.999776533999977 ], [ 46.795033870000054, -23.009651417999976 ], [ 46.810388918000058, -23.029271698999935 ], [ 46.826235385000075, -23.036020708999956 ], [ 46.847661843000026, -23.060231015999932 ], [ 46.868315820000078, -23.101532159999977 ], [ 46.867621244000077, -23.117590177999944 ], [ 46.85038880500008, -23.130459198999972 ], [ 46.846489901000041, -23.164741846999959 ], [ 46.828619385000081, -23.158358647999933 ], [ 46.822957472000041, -23.189974707999966 ], [ 46.831308351000075, -23.206445799999983 ], [ 46.840776101000074, -23.209450539999978 ], [ 46.849308031000078, -23.241520660999981 ], [ 46.867330796000033, -23.239952237999944 ], [ 46.869490519000067, -23.254883630999927 ], [ 46.863227855000048, -23.26309294999993 ], [ 46.869293107000033, -23.28246310399993 ], [ 46.884651935000079, -23.284320636999951 ], [ 46.871705275000068, -23.305217231999961 ], [ 46.871593652000058, -23.333454554999946 ], [ 46.878435631000059, -23.33634350799997 ], [ 46.877728725000054, -23.364236694999931 ], [ 46.885409626000069, -23.361725142999944 ], [ 46.889226435000069, -23.369601984999974 ], [ 46.889082347000056, -23.389498686999957 ], [ 46.900522142000057, -23.388016732999972 ], [ 46.908670260000065, -23.39669231299996 ], [ 46.891676176000033, -23.426440210999942 ], [ 46.903012636000028, -23.436077685999976 ], [ 46.89692640700008, -23.442241363999983 ], [ 46.902844087000062, -23.454549343999929 ], [ 46.89347284400003, -23.461474808999981 ], [ 46.906794261000073, -23.480115478999949 ], [ 46.898466147000079, -23.48646589699996 ], [ 46.857969372000071, -23.488572923999982 ], [ 46.852152717000081, -23.495056630999954 ], [ 46.857530938000025, -23.514396985999952 ], [ 46.831928966000078, -23.529878935999932 ], [ 46.852733607000062, -23.557960868999942 ], [ 46.838733757000057, -23.575754442999937 ], [ 46.853501277000078, -23.591479850999974 ], [ 46.844370704000028, -23.605304935999982 ], [ 46.817206347000081, -23.620466562999979 ], [ 46.797037264000039, -23.620909479999966 ], [ 46.786521738000033, -23.636071809999976 ], [ 46.733715587000063, -23.646778719999929 ], [ 46.716951331000075, -23.662660489999951 ], [ 46.703191762000074, -23.651979967999978 ], [ 46.662969795000038, -23.65051853999995 ], [ 46.647812444000067, -23.642929662999961 ], [ 46.632702876000053, -23.624615770999981 ], [ 46.606490185000041, -23.62069245899994 ], [ 46.591947901000026, -23.597943480999959 ], [ 46.538535656000079, -23.590902046999929 ], [ 46.500133177000066, -23.616357605999951 ], [ 46.492714188000036, -23.503066270999966 ], [ 46.414355691000026, -23.491790134999974 ], [ 46.420853633000036, -23.476813036999943 ], [ 46.400344799000038, -23.449943306999955 ], [ 46.400864949000038, -23.436198583999953 ], [ 46.421575588000053, -23.41324620599994 ], [ 46.443845341000042, -23.406357292999928 ], [ 46.45116020200004, -23.372463085999982 ], [ 46.471426128000076, -23.371577955999953 ], [ 46.47742130000006, -23.363309231999949 ], [ 46.459985282000048, -23.346369784999979 ], [ 46.459702597000046, -23.329195195999944 ], [ 46.450180350000039, -23.326134509999974 ], [ 46.455477606000045, -23.307080306999978 ], [ 46.444452596000076, -23.302379167999959 ], [ 46.44897645900005, -23.287459224999964 ], [ 46.468627834000074, -23.283675491999929 ], [ 46.463629861000072, -23.276959876999967 ], [ 46.473585353000033, -23.232847099999958 ], [ 46.464718493000078, -23.221881516999929 ], [ 46.473486920000028, -23.202752549999957 ], [ 46.437713534000068, -23.164156623999929 ], [ 46.39578772200008, -23.168945374999964 ], [ 46.38341280800006, -23.152930588999936 ], [ 46.367533177000041, -23.14983843999994 ], [ 46.368665339000074, -23.138189213999965 ], [ 46.34600490400004, -23.135948433999943 ], [ 46.35126110300007, -23.128684213999975 ], [ 46.343311534000065, -23.109677208999983 ], [ 46.351309685000047, -23.098971568999957 ], [ 46.333771194000064, -23.100871232999964 ], [ 46.342216415000053, -23.085965493999936 ], [ 46.309146431000045, -23.050568814999963 ], [ 46.289239247000069, -23.013571978999948 ], [ 46.28012414300008, -23.010021076999976 ], [ 46.283201910000059, -22.99806910999996 ], [ 46.269589517000043, -22.98683598599996 ], [ 46.265708072000052, -22.956712025999934 ], [ 46.232353418000059, -22.900090868999939 ], [ 46.218825507000076, -22.84483595599994 ], [ 46.206165385000077, -22.840398704999927 ], [ 46.194775618000051, -22.846736171999964 ], [ 46.170558250000056, -22.83826920499996 ], [ 46.159766454000078, -22.825527484999952 ], [ 46.138801196000031, -22.821642664999956 ], [ 46.13058387500007, -22.830042361999972 ], [ 46.120215223000059, -22.823003104999941 ], [ 46.109901447000027, -22.804554369999948 ], [ 46.085754645000065, -22.792307158999961 ], [ 46.07862183900005, -22.745152001999941 ], [ 46.062747775000048, -22.746105783999951 ], [ 46.065779723000048, -22.740927 ], [ 46.055843168000081, -22.728074679999963 ], [ 46.03190178400007, -22.723076768999931 ], [ 46.005615227000078, -22.694274529999973 ], [ 45.980666869000061, -22.696318983999959 ], [ 45.980229845000054, -22.680388868999955 ], [ 45.97230383200008, -22.690571574999979 ], [ 45.950064419000057, -22.688030136999942 ], [ 45.95561973100007, -22.68038594799998 ], [ 45.948748231000081, -22.67425510399994 ], [ 45.942351305000045, -22.685226865999937 ], [ 45.923763601000076, -22.674773763999951 ], [ 45.912102563000076, -22.686838688999956 ], [ 45.907119856000065, -22.680166111999938 ], [ 45.901323183000045, -22.689898874999983 ], [ 45.872526223000079, -22.674736094999957 ], [ 45.855976774000055, -22.678445151999938 ], [ 45.84995650500008, -22.687756842999931 ], [ 45.820543197000063, -22.687299678999977 ], [ 45.822465695000062, -22.697386740999946 ], [ 45.800803763000033, -22.69160193099998 ], [ 45.794867233000048, -22.701513281999951 ], [ 45.788991055000054, -22.69838804699998 ], [ 45.758659539000064, -22.717388682999967 ], [ 45.751596703000075, -22.731975329999955 ], [ 45.731146764000073, -22.732610665999971 ], [ 45.722909118000075, -22.719946473999983 ], [ 45.715772359000027, -22.730423047999977 ], [ 45.702045582000039, -22.726612540999952 ], [ 45.702666008000051, -22.736829333999935 ], [ 45.69008298500006, -22.735846625999955 ], [ 45.686979059000066, -22.746847575999936 ], [ 45.661779528000068, -22.739278479999939 ], [ 45.658928360000061, -22.752598420999959 ], [ 45.647620844000073, -22.740189314999952 ], [ 45.646213701000079, -22.755766143999949 ], [ 45.637200771000039, -22.748050912999929 ], [ 45.618631048000054, -22.761420842999939 ], [ 45.580884264000076, -22.763752826999962 ], [ 45.574234009000065, -22.78292490399997 ], [ 45.559574707000081, -22.783779165999931 ], [ 45.556930785000077, -22.794711387999939 ], [ 45.543901844000061, -22.793164113999978 ], [ 45.534251266000069, -22.802676531999964 ], [ 45.521508808000078, -22.799430395999934 ], [ 45.515478314000063, -22.817433576999974 ], [ 45.502483254000026, -22.817512743999941 ], [ 45.494313610000063, -22.827307380999969 ], [ 45.475154284000041, -22.825990881999928 ], [ 45.467451426000025, -22.847148610999966 ], [ 45.440823901000044, -22.843029734999959 ], [ 45.434924844000079, -22.835962107999933 ], [ 45.434976733000042, -22.855930920999981 ], [ 45.416318714000056, -22.869736233999959 ], [ 45.404704901000059, -22.859488394999971 ], [ 45.396554341000069, -22.87416735499994 ], [ 45.400014557000077, -22.886149570999976 ], [ 45.390806733000034, -22.883790153999939 ], [ 45.397603802000049, -22.893057466999949 ], [ 45.386148467000055, -22.902778836999971 ], [ 45.39403216200003, -22.920284113999969 ], [ 45.378953340000066, -22.917962185999954 ], [ 45.370134293000035, -22.924370447999934 ], [ 45.372018506000074, -22.955217561999973 ], [ 45.359694341000079, -23.024745048999932 ], [ 45.36064543100008, -23.07642823599997 ], [ 45.36759492200008, -23.096514626999976 ], [ 45.358570588000077, -23.118672190999973 ], [ 45.349945046000073, -23.108617718999938 ], [ 45.336831368000048, -23.11029558499996 ], [ 45.344177519000027, -23.118308442999933 ], [ 45.319078306000051, -23.107880612999963 ], [ 45.302134292000062, -23.113858507999964 ], [ 45.263596592000056, -23.098888579999937 ], [ 45.26362139400004, -23.08988715299995 ], [ 45.238225656000054, -23.099028119999957 ], [ 45.224962369000025, -23.077868085999967 ], [ 45.190725462000046, -23.063432551999938 ], [ 45.153965353000046, -23.061325235999959 ], [ 45.129925150000076, -23.049987114999965 ], [ 45.104451157000028, -23.059197627999936 ], [ 45.075226, -23.052814541999965 ], [ 45.06430918600006, -23.031198242999949 ], [ 45.037946513000065, -23.008139350999954 ], [ 45.014026571000045, -22.993156849999934 ], [ 45.00288047500004, -22.993578859999957 ], [ 44.977730447000056, -22.949402248999945 ], [ 44.984901070000035, -22.943376336999961 ], [ 44.988930603000028, -22.911319186999947 ], [ 45.044053129000076, -22.904246421999972 ], [ 45.069662992000076, -22.895541292999951 ], [ 45.076388193000071, -22.885150126999974 ], [ 45.059917303000077, -22.837716679999971 ], [ 45.059601748000034, -22.816072051999981 ], [ 45.028467292000073, -22.800688002999948 ], [ 45.030657162000068, -22.785673561999943 ], [ 45.018933183000058, -22.769037793999928 ], [ 45.045972438000035, -22.74071053199998 ], [ 45.035433802000057, -22.726657496999962 ], [ 45.041755640000076, -22.714091224999947 ], [ 45.028486655000052, -22.678068423999946 ], [ 45.068387475000065, -22.63073547099998 ], [ 45.071294504000036, -22.57310083699997 ], [ 45.07738468000008, -22.55690825299996 ], [ 45.089900610000029, -22.551270563999935 ], [ 45.097752989000071, -22.51334456099994 ], [ 45.110229233000041, -22.507335290999947 ], [ 45.11608417900004, -22.489884116999974 ], [ 45.156298181000068, -22.479483438999978 ], [ 45.173425339000062, -22.437096556999961 ], [ 45.197001248000049, -22.417459658999974 ], [ 45.190828552000028, -22.387100706999945 ] ] ] } },
{ "type": "Feature", "properties": { "ISO": "MDG-ITA", "NAME_1": "Itasy" }, "geometry": { "type": "Polygon", "coordinates": [ [ [ 46.335459521000075, -19.198473387999968 ], [ 46.340114474000075, -19.189493955999978 ], [ 46.354844264000064, -19.195308290999947 ], [ 46.356238785000073, -19.177052965999962 ], [ 46.369311347000064, -19.156510429999969 ], [ 46.397850411000036, -19.147125449999976 ], [ 46.39648599800006, -19.132171559999961 ], [ 46.414262240000028, -19.124216522999973 ], [ 46.424171963000049, -19.101658752999981 ], [ 46.443394061000049, -19.101147272999981 ], [ 46.443685063000032, -19.089430519999951 ], [ 46.452667655000027, -19.083307502999958 ], [ 46.502849999000034, -19.08548000299993 ], [ 46.534316035000074, -19.110047733999977 ], [ 46.550154646000067, -19.107837253999946 ], [ 46.575327712000046, -19.063291403999926 ], [ 46.55077, -19.06053000199995 ], [ 46.546411913000043, -19.031523924999931 ], [ 46.559430057000043, -19.023135784999965 ], [ 46.548219116000041, -19.000205874999949 ], [ 46.509646928000052, -18.997646723999935 ], [ 46.499588321000033, -18.99261204499993 ], [ 46.50456375300007, -18.987597143999949 ], [ 46.485959941000033, -18.980625720999967 ], [ 46.488897930000064, -18.95197242699993 ], [ 46.509805473000029, -18.972241362999966 ], [ 46.523579461000054, -18.966882892999934 ], [ 46.509897413000033, -18.947324037999977 ], [ 46.521782318000078, -18.933644634999951 ], [ 46.529200210000056, -18.934608245999982 ], [ 46.541991692000067, -18.896975680999958 ], [ 46.557896867000068, -18.887707500999966 ], [ 46.54844862300007, -18.856493693999937 ], [ 46.56020589700006, -18.848443509999981 ], [ 46.563099565000073, -18.839546310999935 ], [ 46.556238411000038, -18.833205038999949 ], [ 46.569145316000061, -18.826782779999974 ], [ 46.561331288000076, -18.819082582999954 ], [ 46.564810338000029, -18.796199652999974 ], [ 46.552751665000073, -18.780723447999947 ], [ 46.540574194000044, -18.784177769999928 ], [ 46.531131090000031, -18.776239321999981 ], [ 46.531472997000037, -18.759693551999931 ], [ 46.523893179000027, -18.754130422999935 ], [ 46.524013724000042, -18.743450953999968 ], [ 46.533506498000065, -18.742932779999933 ], [ 46.527754641000058, -18.727506299999959 ], [ 46.533903667000061, -18.709427131999973 ], [ 46.529939139000078, -18.672470138999927 ], [ 46.504342611000027, -18.655733066999971 ], [ 46.500542822000057, -18.645872333999932 ], [ 46.54123934100005, -18.657933526999955 ], [ 46.546359496000036, -18.673528995999959 ], [ 46.56796098600006, -18.679671221999968 ], [ 46.626468909000039, -18.680534162999948 ], [ 46.673822089000055, -18.665814731999944 ], [ 46.717614218000051, -18.664707018999934 ], [ 46.781957839000029, -18.717198125999971 ], [ 46.828209496000056, -18.701959520999935 ], [ 46.84429312900005, -18.705724457999963 ], [ 46.858984605000046, -18.691900515999976 ], [ 46.877908808000029, -18.698357658999953 ], [ 46.918067301000065, -18.740145767999934 ], [ 46.928200400000037, -18.727594710999938 ], [ 46.987531731000047, -18.745659939999939 ], [ 47.00354870700005, -18.729732654999964 ], [ 47.018469373000073, -18.726875489999941 ], [ 47.027970873000072, -18.733496015999947 ], [ 47.075080367000055, -18.734078552999961 ], [ 47.086441894000075, -18.730668883999954 ], [ 47.091993445000071, -18.713257121999959 ], [ 47.115231086000051, -18.728094670999951 ], [ 47.136786278000045, -18.725519954999982 ], [ 47.139515348000032, -18.757273806999933 ], [ 47.171642861000066, -18.754119140999933 ], [ 47.171221419000062, -18.761874046999935 ], [ 47.188889029000052, -18.758609125999953 ], [ 47.201066986000058, -18.769530893999956 ], [ 47.249705295000069, -18.767880171999934 ], [ 47.282458145000078, -18.793133686999965 ], [ 47.319617444000073, -18.792296229999977 ], [ 47.31881654600005, -18.817292645999942 ], [ 47.344445620000045, -18.835114415999954 ], [ 47.34874166700007, -18.854144003999977 ], [ 47.327886088000071, -18.855212463999976 ], [ 47.329964198000027, -18.892941820999965 ], [ 47.348881983000069, -18.91052028799993 ], [ 47.360178088000055, -18.906057228999941 ], [ 47.404633924000052, -18.921402204999936 ], [ 47.40049868400007, -18.928575799999976 ], [ 47.416174138000031, -18.945076718999928 ], [ 47.418600315000049, -18.964458849999971 ], [ 47.412816219000035, -18.969630920999975 ], [ 47.4189, -18.985066668999934 ], [ 47.437114139000073, -18.990659465999954 ], [ 47.433141659000057, -19.012878691999958 ], [ 47.442519164000032, -19.028929817999938 ], [ 47.443200554000043, -19.061554815999955 ], [ 47.462827803000039, -19.07337810599995 ], [ 47.4496, -19.093216670999936 ], [ 47.449539715000071, -19.10865545799993 ], [ 47.456421560000081, -19.126043473999971 ], [ 47.471674621000034, -19.134757395999941 ], [ 47.456556687000045, -19.14331920799998 ], [ 47.464145362000068, -19.204680122999946 ], [ 47.443028497000057, -19.207421784999951 ], [ 47.443220998000072, -19.253069359999927 ], [ 47.430903727000043, -19.256172783999943 ], [ 47.418296272000077, -19.243210731999966 ], [ 47.405577984000047, -19.248410160999981 ], [ 47.410926218000043, -19.259918510999967 ], [ 47.42477, -19.260020003999955 ], [ 47.428199999000071, -19.269000002999974 ], [ 47.370429608000052, -19.288901648999968 ], [ 47.334118205000038, -19.282634645999963 ], [ 47.334699999000065, -19.268180004999977 ], [ 47.326659049000057, -19.277918178999983 ], [ 47.330380001000037, -19.290770002999977 ], [ 47.297629240000049, -19.294589323999958 ], [ 47.264338438000038, -19.277549052999973 ], [ 47.244018643000061, -19.313962017999927 ], [ 47.243422701000043, -19.348657947999982 ], [ 47.233917333000079, -19.371662800999957 ], [ 47.22423759000003, -19.377638908999927 ], [ 47.194954248000045, -19.372308328999964 ], [ 47.15429447300005, -19.349178649999942 ], [ 47.100449745000049, -19.347457155999962 ], [ 47.069097855000052, -19.322297650999928 ], [ 47.074521256000025, -19.302081898999973 ], [ 47.060560055000053, -19.294893479999928 ], [ 47.068279414000074, -19.239269567999941 ], [ 47.051549262000037, -19.230251090999957 ], [ 47.030716165000058, -19.203778523999972 ], [ 46.994703505000075, -19.194284448999952 ], [ 46.976766596000061, -19.203121452999937 ], [ 46.951652668000065, -19.190483603999951 ], [ 46.915695305000042, -19.211307089999934 ], [ 46.917465037000056, -19.233852946999946 ], [ 46.906019400000048, -19.228357442999936 ], [ 46.901327111000057, -19.235376660999975 ], [ 46.89765925100005, -19.227233572999978 ], [ 46.884234394000032, -19.225893499999927 ], [ 46.871746274000031, -19.234793252999964 ], [ 46.857939722000026, -19.217446220999932 ], [ 46.835654787000067, -19.213591419999943 ], [ 46.835395121000033, -19.223695486999929 ], [ 46.828944745000058, -19.218028324999977 ], [ 46.823836957000026, -19.227814457999955 ], [ 46.82866593500006, -19.236812408999981 ], [ 46.820554503000039, -19.23578294899994 ], [ 46.813475498000059, -19.24926877799993 ], [ 46.800519165000026, -19.246666508999965 ], [ 46.776907030000075, -19.26438021599995 ], [ 46.765811922000069, -19.26318992399996 ], [ 46.775553929000068, -19.271978133999937 ], [ 46.766395051000075, -19.279550140999959 ], [ 46.762704358000065, -19.297117791999938 ], [ 46.721483027000033, -19.30934683199996 ], [ 46.719049622000057, -19.32049064499995 ], [ 46.70996492200004, -19.313377345999982 ], [ 46.693887133000032, -19.320938493999961 ], [ 46.687088359000029, -19.309585309999932 ], [ 46.683342167000035, -19.318798017999939 ], [ 46.669592604000059, -19.320553101999963 ], [ 46.675158244000045, -19.33209382299998 ], [ 46.66507372500007, -19.330641990999936 ], [ 46.648341451000078, -19.348832235999964 ], [ 46.638952590000031, -19.34535193399995 ], [ 46.638897757000052, -19.352762133999931 ], [ 46.624563987000045, -19.35426145699995 ], [ 46.623287467000068, -19.366851754999971 ], [ 46.611333136000042, -19.362523653999972 ], [ 46.609647027000051, -19.387288020999961 ], [ 46.598627105000048, -19.40194276099993 ], [ 46.577361206000035, -19.410077347999959 ], [ 46.561303688000066, -19.413212676999933 ], [ 46.528508595000062, -19.39484631299996 ], [ 46.517299118000039, -19.399618756999928 ], [ 46.508565074000046, -19.385264228999972 ], [ 46.491027288000055, -19.383263383999974 ], [ 46.470820496000044, -19.389472578999971 ], [ 46.463179108000077, -19.403130594999936 ], [ 46.431574309000041, -19.370178287999977 ], [ 46.422088899000073, -19.378761888999975 ], [ 46.405736802000035, -19.373003181999934 ], [ 46.375032494000038, -19.402974238999946 ], [ 46.360220990000073, -19.396302496999965 ], [ 46.337582501000043, -19.419445390999954 ], [ 46.324483846000078, -19.421657908999975 ], [ 46.28408614500006, -19.410360487999981 ], [ 46.252268467000079, -19.424060331999954 ], [ 46.215511421000031, -19.420702086999938 ], [ 46.20385583400008, -19.428967193999938 ], [ 46.188117488000046, -19.418890933999933 ], [ 46.183012686000041, -19.40646316599998 ], [ 46.16310839700003, -19.402026087999957 ], [ 46.173328749000063, -19.379486747999977 ], [ 46.185201557000028, -19.374034179999967 ], [ 46.186353036000071, -19.357367519999968 ], [ 46.211741266000047, -19.371669052999948 ], [ 46.223760827000035, -19.36683495799997 ], [ 46.229420847000029, -19.351236881999966 ], [ 46.260802354000077, -19.342513830999962 ], [ 46.259036364000053, -19.321177803999944 ], [ 46.270793021000031, -19.304944139999975 ], [ 46.319395262000057, -19.285240192999936 ], [ 46.320910880000042, -19.275306322999938 ], [ 46.290160752000077, -19.264600480999945 ], [ 46.28828167000006, -19.253650689999972 ], [ 46.297797136000042, -19.244820295999943 ], [ 46.305781542000034, -19.251933144999953 ], [ 46.318667524000034, -19.246687693999945 ], [ 46.324526583000079, -19.235607540999979 ], [ 46.31302299500004, -19.231302408999966 ], [ 46.342866445000027, -19.220985783999936 ], [ 46.335459521000075, -19.198473387999968 ] ] ] } },
{ "type": "Feature", "properties": { "ISO": "MDG-MEL", "NAME_1": "Melaky" }, "geometry": { "type": "Polygon", "coordinates": [ [ [ 44.848456342000077, -19.314841774999934 ], [ 44.82492613900007, -19.304685606999954 ], [ 44.821601585000053, -19.285914709999929 ], [ 44.807875443000057, -19.28308235999998 ], [ 44.780751387000066, -19.24782602099998 ], [ 44.777816570000027, -19.22663694299996 ], [ 44.760344037000038, -19.215816926999935 ], [ 44.750682922000067, -19.222843653999973 ], [ 44.727270795000038, -19.206946247999952 ], [ 44.733893093000063, -19.188741110999956 ], [ 44.678461258000027, -19.197362030999955 ], [ 44.617886997000028, -19.170091679999928 ], [ 44.554645520000065, -19.171989458999974 ], [ 44.511630001000071, -19.156120002999955 ], [ 44.501363007000066, -19.172200698999973 ], [ 44.414649224000073, -19.165113733999931 ], [ 44.405468567000071, -19.171778221999944 ], [ 44.408647908000034, -19.177923746999966 ], [ 44.383287119000045, -19.176771150999969 ], [ 44.366583766000076, -19.166110725999943 ], [ 44.351366049000035, -19.169749371999956 ], [ 44.347057224000025, -19.162559994999981 ], [ 44.324579390000054, -19.172245821999979 ], [ 44.314737195000077, -19.169574478999948 ], [ 44.310181704000058, -19.159163980999949 ], [ 44.273442827000054, -19.166112005999935 ], [ 44.26963569000003, -19.151264168999944 ], [ 44.279058355000075, -19.133656156999962 ], [ 44.272966935000056, -19.125375633999965 ], [ 44.291336373000036, -19.107196551999948 ], [ 44.287529235000079, -19.106815836999942 ], [ 44.270770766000055, -19.123823711999933 ], [ 44.270553565000057, -19.13715872399996 ], [ 44.263831589000063, -19.136980264999977 ], [ 44.245914089000053, -19.093650120999939 ], [ 44.252486642000065, -19.102173167999979 ], [ 44.269756287000064, -19.105357068999979 ], [ 44.282248458000026, -19.099218060999931 ], [ 44.27332547900005, -19.099931897999966 ], [ 44.269542136000041, -19.104214928999966 ], [ 44.259833937000053, -19.099218060999931 ], [ 44.267686156000025, -19.094863647999944 ], [ 44.272254722000071, -19.099003910999954 ], [ 44.276966056000049, -19.097362079999982 ], [ 44.274753156000031, -19.086226201999978 ], [ 44.271592741000063, -19.086385380999957 ], [ 44.27011320500003, -19.088368669999966 ], [ 44.274324852000063, -19.098218685999939 ], [ 44.268185844000072, -19.092650747999983 ], [ 44.262085857000045, -19.097838924999962 ], [ 44.255051220000041, -19.091936909999959 ], [ 44.248055603000068, -19.073091579999982 ], [ 44.256336128000044, -19.059814185999983 ], [ 44.266401249000069, -19.062384004999956 ], [ 44.260761925000054, -19.058386509999934 ], [ 44.256478895000043, -19.058529276999934 ], [ 44.243915342000037, -19.068308861999981 ], [ 44.234157569000047, -18.966166532999978 ], [ 44.23469988800008, -18.952026586999978 ], [ 44.242723627000032, -18.973899780999943 ], [ 44.24105800500007, -18.962359393999975 ], [ 44.25194403900008, -18.97746897199994 ], [ 44.268064887000037, -18.977349997999966 ], [ 44.260985991000041, -18.984904786999948 ], [ 44.265506966000032, -18.983893516999956 ], [ 44.269373591000033, -18.976755133999973 ], [ 44.254680419000067, -18.976517187999946 ], [ 44.25111122800007, -18.96783215499994 ], [ 44.244270278000045, -18.963013745999945 ], [ 44.263381069000047, -18.963028341999973 ], [ 44.277344785000025, -18.976100781999946 ], [ 44.26620336700006, -18.962577707999969 ], [ 44.243259007000063, -18.949629278999964 ], [ 44.252659059000052, -18.908932405999963 ], [ 44.240145761000065, -18.87139250599995 ], [ 44.262760157000059, -18.856165478999969 ], [ 44.250122070000032, -18.79715347299998 ], [ 44.213096620000044, -18.694444655999973 ], [ 44.230812627000034, -18.719100152999943 ], [ 44.261935979000043, -18.727237911999964 ], [ 44.252368161000049, -18.718181356999935 ], [ 44.231996224000056, -18.711309332999974 ], [ 44.218594892000056, -18.685117351999963 ], [ 44.202187713000058, -18.685549752999975 ], [ 44.157215119000057, -18.599342344999968 ], [ 44.163982391000047, -18.584737777999976 ], [ 44.14093017700003, -18.542001724999977 ], [ 44.118007662000025, -18.515853881999931 ], [ 44.110851289000038, -18.495058059999963 ], [ 44.057910919000051, -18.437152863999927 ], [ 44.06526162800003, -18.419399602999931 ], [ 44.054910973000062, -18.423254330999953 ], [ 44.035173343000054, -18.38855584099997 ], [ 44.037386243000071, -18.384344194999983 ], [ 44.042311726000037, -18.396479444999954 ], [ 44.053162068000063, -18.403332292999949 ], [ 44.057088180000051, -18.402689838999947 ], [ 44.056017421000035, -18.397264667999934 ], [ 44.063798262000034, -18.394552080999972 ], [ 44.060800140000026, -18.394409314999962 ], [ 44.055254047000062, -18.396940102999963 ], [ 44.054732512000044, -18.402475686999935 ], [ 44.044453240000053, -18.395408686999929 ], [ 44.041169585000034, -18.369853275999958 ], [ 44.048093816000062, -18.370352964999938 ], [ 44.047808281000073, -18.382630982999956 ], [ 44.053590371000041, -18.374564608999947 ], [ 44.048236584000051, -18.377348577999953 ], [ 44.048474531000068, -18.369609381999965 ], [ 44.037922430000037, -18.364320891999967 ], [ 44.039432579000049, -18.356284400999982 ], [ 44.054803896000067, -18.351650399999983 ], [ 44.042644851000034, -18.352001369999982 ], [ 44.050285339000027, -18.292591093999931 ], [ 44.037452698000038, -18.218370436999976 ], [ 44.04464340100003, -18.240020749999928 ], [ 44.050510406000058, -18.245260238999947 ], [ 44.054347992000032, -18.304874419999976 ], [ 44.057376862000069, -18.278469084999927 ], [ 44.052768707000041, -18.248823164999976 ], [ 44.060600283000042, -18.245904920999976 ], [ 44.041740417000028, -18.22720527599995 ], [ 44.047191621000081, -18.211858749999976 ], [ 44.033260345000031, -18.161594390999937 ], [ 44.037807464000025, -18.157241820999957 ], [ 44.039329529000042, -18.166116713999941 ], [ 44.042213441000058, -18.157728194999947 ], [ 44.05213165300006, -18.160179137999933 ], [ 44.042659760000049, -18.154720305999945 ], [ 44.032810211000026, -18.156290053999953 ], [ 44.01655960100004, -18.106525419999969 ], [ 44.031887056000073, -18.129360199999951 ], [ 44.021956713000066, -18.102842622999958 ], [ 44.010467530000028, -18.020263672999931 ], [ 44.009048463000056, -17.900455474999944 ], [ 44.011951447000058, -17.905920027999969 ], [ 44.015979768000079, -17.899698256999955 ], [ 44.033390046000079, -17.900648115999957 ], [ 44.012371064000035, -17.895215987999961 ], [ 44.017333984000061, -17.867231369999956 ], [ 44.029716492000034, -17.861152646999926 ], [ 44.036711573000048, -17.80694172699998 ], [ 44.028939660000049, -17.771465450999926 ], [ 44.039004779000038, -17.766539964999936 ], [ 44.034935899000061, -17.755118552999932 ], [ 44.033508225000048, -17.762828007999929 ], [ 44.027297831000055, -17.756831763999969 ], [ 44.022586498000067, -17.760757875999957 ], [ 44.013449368000067, -17.741555625999979 ], [ 44.008595267000032, -17.73948549399995 ], [ 44.01294967900003, -17.74940784599994 ], [ 43.994452740000042, -17.735384691999968 ], [ 43.98962817000006, -17.719909321999978 ], [ 44.00162047200007, -17.705033872999934 ], [ 44.015778264000062, -17.700631869999938 ], [ 44.03856010700008, -17.703171206999968 ], [ 44.066475655000033, -17.71825475299994 ], [ 44.048272778000069, -17.702669283999967 ], [ 44.017027483000049, -17.695159109999963 ], [ 43.998110766000025, -17.701821600999949 ], [ 43.978926758000057, -17.721595714999978 ], [ 43.959177232000059, -17.720596340999975 ], [ 43.956750182000064, -17.708223142999941 ], [ 43.980497204000073, -17.703035917999955 ], [ 43.959117745000071, -17.699335856999937 ], [ 43.956690696000067, -17.684844938999959 ], [ 43.977035087000047, -17.682917576999955 ], [ 43.998521620000076, -17.692982696999934 ], [ 43.955263019000029, -17.668569426999966 ], [ 43.953075501000058, -17.652937557999962 ], [ 43.962569551000058, -17.650296355999956 ], [ 43.968351640000037, -17.636876195999946 ], [ 43.951790592000066, -17.641230608999933 ], [ 43.945255300000042, -17.62298061499996 ], [ 43.956002239000043, -17.620600682999964 ], [ 43.957033875000036, -17.610324349999928 ], [ 43.965353520000065, -17.606181148999951 ], [ 43.956216389000076, -17.609393419999947 ], [ 43.952861349000045, -17.619958226999927 ], [ 43.944633600000031, -17.60760242899994 ], [ 43.951939309000068, -17.60018490799996 ], [ 43.954072430000053, -17.604803387999937 ], [ 43.959337689000051, -17.60385512299996 ], [ 43.957429914000045, -17.596044644999949 ], [ 43.956740634000028, -17.603343194999979 ], [ 43.954961225000034, -17.603325794999932 ], [ 43.954074874000071, -17.600256290999937 ], [ 43.951362289000031, -17.599328300999957 ], [ 43.940012261000049, -17.607180521999965 ], [ 43.931241785000054, -17.559026769999946 ], [ 43.938871110000036, -17.552747730999954 ], [ 43.928622494000081, -17.508964938999952 ], [ 43.940927163000026, -17.510832338999933 ], [ 43.936331947000042, -17.489405769999962 ], [ 43.964579454000045, -17.432291182999961 ], [ 43.972924252000041, -17.397141690999945 ], [ 43.980252991000043, -17.406754714999977 ], [ 43.973905241000068, -17.418364930999928 ], [ 43.981598603000066, -17.40791115199994 ], [ 43.979681920000075, -17.399235617999977 ], [ 43.994339400000058, -17.39742722799997 ], [ 43.991388869000048, -17.389337059999946 ], [ 43.992055117000064, -17.396665799999937 ], [ 43.985202270000059, -17.394762230999959 ], [ 43.98398781800006, -17.385777073999975 ], [ 44.001953675000038, -17.341747838999936 ], [ 44.016040084000053, -17.354596929999957 ], [ 44.016325619000042, -17.36630387799994 ], [ 44.01775329600008, -17.356500497999946 ], [ 44.029079530000047, -17.355263177999973 ], [ 44.028508460000069, -17.339463557999977 ], [ 44.038978088000079, -17.334894991999931 ], [ 44.032696311000052, -17.334514278999961 ], [ 44.027175962000058, -17.338226237999947 ], [ 44.026337839000064, -17.354873461999944 ], [ 44.015659370000037, -17.344127301999947 ], [ 44.026224178000064, -17.317096622999941 ], [ 44.066890641000043, -17.25442318599994 ], [ 44.072662532000038, -17.261280416999966 ], [ 44.071289304000061, -17.255187606999982 ], [ 44.099074549000079, -17.235820184999966 ], [ 44.097884818000068, -17.232310479999967 ], [ 44.089199785000062, -17.240043726999943 ], [ 44.087891082000056, -17.234630453999955 ], [ 44.10138659100005, -17.188460977999966 ], [ 44.112617647000036, -17.181132237999975 ], [ 44.111189971000044, -17.203784705999965 ], [ 44.114901931000077, -17.197693286999936 ], [ 44.117662105000079, -17.182274380999957 ], [ 44.114235683000061, -17.169330111999955 ], [ 44.126228164000054, -17.158003876999942 ], [ 44.124800488000062, -17.156100309999943 ], [ 44.121207827000035, -17.156591195999965 ], [ 44.103385339000056, -17.173613142999955 ], [ 44.100625165000054, -17.160097803999975 ], [ 44.124705309000035, -17.144869252999968 ], [ 44.115758536000044, -17.145630681999933 ], [ 44.143836176000036, -17.100873018999948 ], [ 44.154390395000064, -17.112142224999957 ], [ 44.175887515000056, -17.11971835099996 ], [ 44.173460465000062, -17.130140388999962 ], [ 44.177029658000038, -17.118718976999958 ], [ 44.181812373000071, -17.120503571999961 ], [ 44.176491403000057, -17.116960198999948 ], [ 44.161039679000055, -17.111866128999964 ], [ 44.17217555600007, -17.111723362999953 ], [ 44.160754143000077, -17.10487051399997 ], [ 44.158184326000026, -17.091307585999971 ], [ 44.178052825000066, -17.076269392999961 ], [ 44.197611994000056, -17.042909349999945 ], [ 44.203465469000037, -17.043266267999968 ], [ 44.190188076000027, -17.066109092999966 ], [ 44.218955761000075, -17.028989501999945 ], [ 44.255575665000038, -16.951514252999971 ], [ 44.26759194400006, -16.954012684999952 ], [ 44.278894383000079, -16.978521134999937 ], [ 44.280203085000039, -16.971025831999953 ], [ 44.269495511000059, -16.948420952999982 ], [ 44.27496827300007, -16.936047754999947 ], [ 44.283534331000055, -16.937713377999955 ], [ 44.282344601000034, -16.934263158999954 ], [ 44.278846793000071, -16.932716509999977 ], [ 44.267710916000055, -16.941044623999971 ], [ 44.264974538000047, -16.935809809999967 ], [ 44.283322334000047, -16.905933898999933 ], [ 44.293480479000038, -16.901712132999933 ], [ 44.29319494300006, -16.895715891999942 ], [ 44.286800263000032, -16.898558739999942 ], [ 44.292338337000047, -16.883699613999966 ], [ 44.301023370000053, -16.884056531999931 ], [ 44.323271330000068, -16.831827363999935 ], [ 44.318750355000077, -16.849911266999982 ], [ 44.335763500000041, -16.855384026999957 ], [ 44.342188045000057, -16.849673319999965 ], [ 44.323985169000025, -16.846342075999928 ], [ 44.346590048000053, -16.795897502999935 ], [ 44.370503632000066, -16.810650159999966 ], [ 44.355513028000075, -16.797682097999939 ], [ 44.356689454000048, -16.788749694999979 ], [ 44.375919343000078, -16.77289581399998 ], [ 44.402225494000049, -16.728368758999977 ], [ 44.422378540000068, -16.719861983999976 ], [ 44.435432462000051, -16.679005623999956 ], [ 44.437090849000072, -16.695589514999938 ], [ 44.439503052000077, -16.664532408999946 ], [ 44.430758817000026, -16.611011668999936 ], [ 44.456991519000042, -16.611463957999945 ], [ 44.423042298000041, -16.592834472999982 ], [ 44.423240662000069, -16.584177016999945 ], [ 44.432067871000072, -16.567228316999945 ], [ 44.465637207000043, -16.550451278999958 ], [ 44.471321107000051, -16.510578154999962 ], [ 44.458530426000038, -16.46074294899995 ], [ 44.446826935000047, -16.449642180999945 ], [ 44.414669037000067, -16.372837066999978 ], [ 44.406887054000038, -16.314130782999939 ], [ 44.432586671000081, -16.281791686999952 ], [ 44.44115448000008, -16.230327604999957 ], [ 44.447250366000048, -16.242395400999953 ], [ 44.443691254000044, -16.206977842999947 ], [ 44.443931581000072, -16.227613447999943 ], [ 44.439708710000048, -16.223329542999977 ], [ 44.441638947000058, -16.198289870999929 ], [ 44.44996261600005, -16.187973022999927 ], [ 44.478206638000074, -16.179073332999963 ], [ 44.521968842000035, -16.213272094999979 ], [ 44.515319824000073, -16.22420692399993 ], [ 44.518295288000047, -16.234529494999947 ], [ 44.528354645000036, -16.212308883999981 ], [ 44.518295288000047, -16.194463729999939 ], [ 44.501235961000077, -16.18772697299994 ], [ 44.504619598000033, -16.184492109999951 ], [ 44.616737367000042, -16.192260741999974 ], [ 44.634082794000051, -16.201366424999947 ], [ 44.68459320200003, -16.198801040999967 ], [ 44.694423676000042, -16.205810547999931 ], [ 44.785334104000071, -16.204671875999964 ], [ 44.794185698000035, -16.212595479999948 ], [ 44.739220150000051, -16.207527227999947 ], [ 44.754567673000054, -16.218734488999928 ], [ 44.74160766600005, -16.242250442999932 ], [ 44.767705724000052, -16.229356242999927 ], [ 44.795113689000061, -16.244718201999945 ], [ 44.813894689000051, -16.244429312999955 ], [ 44.821960970000077, -16.265992645999972 ], [ 44.820312182000066, -16.25892358699997 ], [ 44.830481083000052, -16.249586366999949 ], [ 44.846774655000047, -16.259443043999966 ], [ 44.842441167000061, -16.26963115999996 ], [ 44.846010360000037, -16.266418886999929 ], [ 44.848638224000069, -16.260202789999937 ], [ 44.856146864000038, -16.267061340999931 ], [ 44.864427387000035, -16.263991835999946 ], [ 44.861786186000074, -16.261207867999929 ], [ 44.854973744000063, -16.265777779999951 ], [ 44.851793127000064, -16.257776883999952 ], [ 44.837976550000064, -16.249309355999969 ], [ 44.845367907000025, -16.237151516999973 ], [ 44.860358511000072, -16.242219768999973 ], [ 44.860572661000049, -16.237865355999929 ], [ 44.853424072000053, -16.236015319999979 ], [ 44.857360391000043, -16.230869738999957 ], [ 44.850007854000069, -16.230084517999956 ], [ 44.866127126000038, -16.212603340999976 ], [ 44.879905595000025, -16.211401203999969 ], [ 44.90373981700003, -16.248353505999944 ], [ 44.919125190000045, -16.243301827999971 ], [ 44.925019071000065, -16.25982345999995 ], [ 44.914865012000064, -16.260855036999942 ], [ 44.909419999000079, -16.285750003999965 ], [ 44.928569177000043, -16.348434294999947 ], [ 44.91873, -16.408130003999929 ], [ 44.942380510000078, -16.438599968999938 ], [ 44.938893022000059, -16.475324634999936 ], [ 44.950834602000043, -16.503006095999979 ], [ 44.97038770000006, -16.501908102999948 ], [ 44.993947505000051, -16.518591275999938 ], [ 44.999089780000077, -16.513002314999937 ], [ 45.003064276000032, -16.517598955999972 ], [ 45.01054689700004, -16.540884417999962 ], [ 44.995055232000027, -16.566087357999947 ], [ 45.02700496600005, -16.574518452999939 ], [ 45.039127221000058, -16.570251755999948 ], [ 45.05250324900004, -16.585807037999928 ], [ 45.072973558000058, -16.566736087999971 ], [ 45.103713112000037, -16.600676702999976 ], [ 45.128008897000029, -16.611527785999954 ], [ 45.13023851500003, -16.627823239999941 ], [ 45.150591943000052, -16.634228880999956 ], [ 45.184738682000045, -16.626954264999938 ], [ 45.207324405000065, -16.649833924999939 ], [ 45.212049484000033, -16.678054227999951 ], [ 45.219292220000057, -16.677239055999962 ], [ 45.220708200000047, -16.683760786999926 ], [ 45.227888290000067, -16.675315983999951 ], [ 45.238645072000054, -16.681137225999976 ], [ 45.270302514000036, -16.676207457999965 ], [ 45.271713300000044, -16.705882949999932 ], [ 45.264012947000026, -16.709472742999935 ], [ 45.273351077000029, -16.715637451999953 ], [ 45.263153576000036, -16.74315176999994 ], [ 45.282538997000074, -16.771354666999969 ], [ 45.282273915000076, -16.79235899899993 ], [ 45.294262356000047, -16.802988403999962 ], [ 45.300128026000039, -16.797792745999971 ], [ 45.346719999000072, -16.815320004999933 ], [ 45.362961263000045, -16.828205201999936 ], [ 45.37260750300004, -16.851474817999929 ], [ 45.413963609000064, -16.856702576999965 ], [ 45.44436999900006, -16.877720003999968 ], [ 45.457393438000054, -16.936332634999928 ], [ 45.47154359700005, -16.953273838999962 ], [ 45.467511805000072, -16.980081823999967 ], [ 45.507796900000073, -16.986901190999959 ], [ 45.521153587000072, -17.000352589999977 ], [ 45.499892841000076, -17.021262587999956 ], [ 45.50227132200007, -17.030484996999974 ], [ 45.482490952000035, -17.036576688999958 ], [ 45.492068355000072, -17.071973212999978 ], [ 45.481230777000064, -17.089495032999935 ], [ 45.495908738000026, -17.113931230999981 ], [ 45.487429003000045, -17.121705145999954 ], [ 45.484154705000037, -17.144250703999944 ], [ 45.507997628000055, -17.193248944999937 ], [ 45.510805885000025, -17.257370537999975 ], [ 45.526447709000081, -17.265189622999969 ], [ 45.531726014000071, -17.277075431999947 ], [ 45.533759233000069, -17.29177158899995 ], [ 45.521036348000052, -17.319587595999963 ], [ 45.532365774000027, -17.332347616999982 ], [ 45.552297569000075, -17.335150192999947 ], [ 45.55281971900007, -17.345572086999937 ], [ 45.569991513000048, -17.35766770999993 ], [ 45.573280023000052, -17.379533450999929 ], [ 45.592309688000057, -17.387867623999966 ], [ 45.599279997000053, -17.400457990999939 ], [ 45.588719850000075, -17.43261801899996 ], [ 45.594985783000027, -17.441793211999936 ], [ 45.630992888000037, -17.461990623999952 ], [ 45.65302581900005, -17.454599956999971 ], [ 45.716780222000068, -17.460032242999944 ], [ 45.752803644000039, -17.470787177999966 ], [ 45.75455299500004, -17.46175177899994 ], [ 45.764607040000044, -17.458235687999945 ], [ 45.800884410000037, -17.465575153999964 ], [ 45.817015796000078, -17.458245806999969 ], [ 45.823393079000027, -17.446190143999956 ], [ 45.856212468000081, -17.437544104999972 ], [ 45.866110983000056, -17.444549541999947 ], [ 45.891993397000078, -17.427123093999967 ], [ 45.928278026000044, -17.506892619999974 ], [ 45.955192944000032, -17.546520742999974 ], [ 45.95115239900008, -17.554020200999958 ], [ 45.939456633000077, -17.55638311499996 ], [ 45.937219102000029, -17.550105702999929 ], [ 45.925667032000035, -17.558176782999965 ], [ 45.92764651300007, -17.569087798999931 ], [ 45.937035061000074, -17.573301404999938 ], [ 45.932157483000026, -17.605574565999973 ], [ 45.945035619000066, -17.659229419999974 ], [ 45.936526058000027, -17.672859908999953 ], [ 45.935383054000056, -17.705187528999943 ], [ 45.961414553000054, -17.722263187999943 ], [ 45.971294102000059, -17.813935952999941 ], [ 45.949541339000064, -17.838220787999944 ], [ 45.942603382000073, -17.860001370999953 ], [ 45.94428888200008, -17.888684302999934 ], [ 45.952228064000053, -17.899728127999936 ], [ 45.945824343000027, -17.904709013999934 ], [ 45.945995253000035, -17.929498581999951 ], [ 45.929711349000058, -17.952137212999958 ], [ 45.93635600600004, -17.956977153999958 ], [ 45.929801725000061, -17.972914926999977 ], [ 45.919178038000041, -17.973288096999966 ], [ 45.899282756000048, -17.995734003999928 ], [ 45.886076335000041, -17.994167219999952 ], [ 45.890888035000046, -18.014796523999962 ], [ 45.860175064000032, -18.009110445999966 ], [ 45.855333091000034, -17.998081770999931 ], [ 45.841586584000027, -17.99852027999998 ], [ 45.830119797000066, -18.019862301999979 ], [ 45.816861808000056, -18.016966934999971 ], [ 45.813258881000081, -18.022599983999953 ], [ 45.806908515000032, -18.014110813999935 ], [ 45.795149563000052, -18.023701121999977 ], [ 45.800848940000037, -18.038681062999956 ], [ 45.79383107600006, -18.032149506999929 ], [ 45.789503407000041, -18.045448313999941 ], [ 45.770049545000063, -18.04556065099996 ], [ 45.776216027000032, -18.050743977999957 ], [ 45.769371675000059, -18.053202640999928 ], [ 45.766760336000061, -18.073779385999956 ], [ 45.75392396500007, -18.065295202999948 ], [ 45.745859175000078, -18.076335210999957 ], [ 45.732587366000075, -18.079717234999976 ], [ 45.725350204000051, -18.07130352799993 ], [ 45.719173113000068, -18.077787145999935 ], [ 45.723852793000049, -18.082588120999958 ], [ 45.700381854000057, -18.081848971999932 ], [ 45.699458624000044, -18.076290787999937 ], [ 45.684863748000055, -18.086965094999982 ], [ 45.676480197000046, -18.07698092399994 ], [ 45.673551958000076, -18.085738763999927 ], [ 45.661666600000046, -18.086441954999941 ], [ 45.668481101000054, -18.088590490999934 ], [ 45.659712429000081, -18.092449047999935 ], [ 45.664271514000063, -18.098376732999952 ], [ 45.652349491000052, -18.09287386699998 ], [ 45.644562142000041, -18.105568005999942 ], [ 45.629259141000034, -18.103503169999954 ], [ 45.631719489000034, -18.112573766999958 ], [ 45.614359749000073, -18.119316552999976 ], [ 45.617332001000079, -18.129241416999946 ], [ 45.60276891400008, -18.147018216999982 ], [ 45.601763066000046, -18.191557280999973 ], [ 45.590849374000072, -18.214994515999933 ], [ 45.573834117000047, -18.218099388999974 ], [ 45.551999721000072, -18.23762409699998 ], [ 45.550326806000044, -18.249924676999967 ], [ 45.532874797000034, -18.251406691999932 ], [ 45.512833184000044, -18.235155758999952 ], [ 45.487561500000027, -18.243749597999965 ], [ 45.486115736000045, -18.262717454999972 ], [ 45.499216573000069, -18.272013737999941 ], [ 45.488894081000069, -18.306739463999975 ], [ 45.507338704000063, -18.321446857999945 ], [ 45.492812160000028, -18.328471116999935 ], [ 45.474562465000076, -18.351931932999946 ], [ 45.444814910000048, -18.360430076999933 ], [ 45.417797715000063, -18.332407901999943 ], [ 45.368529633000037, -18.323484124999936 ], [ 45.364406040000063, -18.30285827299997 ], [ 45.33565561000006, -18.27878495899995 ], [ 45.317426022000063, -18.283663401999945 ], [ 45.294100359000026, -18.262373135999951 ], [ 45.255224428000076, -18.250528542999973 ], [ 45.236199162000048, -18.222588409999958 ], [ 45.192439595000053, -18.209692361999942 ], [ 45.172193552000067, -18.207361413999934 ], [ 45.167230775000064, -18.223645763999968 ], [ 45.153811578000045, -18.225097945999948 ], [ 45.142725367000025, -18.241449529999954 ], [ 45.13589802000007, -18.236121235999974 ], [ 45.114899032000039, -18.242746183999941 ], [ 45.100587220000079, -18.261483571999975 ], [ 45.076668451000046, -18.23948026599993 ], [ 45.070848677000072, -18.211708590999933 ], [ 45.05320912600007, -18.204964683999947 ], [ 45.043418674000065, -18.218316337999966 ], [ 45.045818026000063, -18.200476431999959 ], [ 45.037407310000049, -18.189413039999977 ], [ 45.015165770000067, -18.185791181999946 ], [ 45.004894402000048, -18.194806902999971 ], [ 45.000835735000067, -18.215035458999978 ], [ 44.982321376000073, -18.211891255999944 ], [ 44.965591084000039, -18.234258100999966 ], [ 44.943920305000063, -18.244058179999968 ], [ 44.914338914000041, -18.285392817999934 ], [ 44.915769810000029, -18.302157564999959 ], [ 44.887973745000068, -18.296358106999946 ], [ 44.88035889300005, -18.31287666999998 ], [ 44.829544612000063, -18.323589930999958 ], [ 44.800948017000053, -18.365424594999979 ], [ 44.815383017000045, -18.400943051999946 ], [ 44.850767529000052, -18.447791786999971 ], [ 44.852385896000044, -18.468414049999978 ], [ 44.879685429000062, -18.517195611999966 ], [ 44.891737823000028, -18.584373311999968 ], [ 44.90108138800008, -18.595590215999948 ], [ 44.903567224000028, -18.641086753999957 ], [ 44.91593367400003, -18.647369392999963 ], [ 44.917006877000063, -18.667845661999934 ], [ 44.939519116000042, -18.692221185999927 ], [ 44.970252663000053, -18.703206982999973 ], [ 44.958639422000033, -18.72931222099993 ], [ 44.943222551000076, -18.741053346999934 ], [ 44.957694581000055, -18.765889218999973 ], [ 44.97219324100007, -18.754249228999981 ], [ 44.982775825000033, -18.764328436999961 ], [ 44.980427638000037, -18.779641737999953 ], [ 45.006410527000071, -18.817685538999967 ], [ 45.013677015000042, -18.853320587999974 ], [ 44.996419072000037, -18.871133315999941 ], [ 44.996975775000067, -18.884935045999953 ], [ 44.975776802000041, -18.891878000999952 ], [ 44.971879776000037, -18.908913834999964 ], [ 44.981927644000052, -18.951849049999964 ], [ 44.999406796000073, -18.956674672999952 ], [ 45.013121986000044, -18.942646995999951 ], [ 45.030113451000034, -18.964681018999954 ], [ 45.043202481000037, -18.990341712999964 ], [ 45.044325728000047, -19.034514564999938 ], [ 45.05833500600005, -19.050301400999956 ], [ 45.054293676000043, -19.06056956499998 ], [ 45.062996273000067, -19.076229528999932 ], [ 45.061027357000057, -19.092347874999973 ], [ 45.048181827000064, -19.110095649999948 ], [ 45.023885317000065, -19.124042112999973 ], [ 45.035857061000058, -19.155512193999982 ], [ 45.032848340000044, -19.177873326999929 ], [ 45.049604158000079, -19.179501952999942 ], [ 45.060889966000047, -19.190444936999938 ], [ 45.076036204000047, -19.185878832999947 ], [ 45.120647398000074, -19.237306453999963 ], [ 45.095777592000047, -19.247635215999935 ], [ 45.090253122000036, -19.25706003199997 ], [ 45.067517723000037, -19.253798199999949 ], [ 45.049742458000026, -19.262186745999941 ], [ 45.03889765200006, -19.251456943999926 ], [ 45.03551135400005, -19.26265858599993 ], [ 45.019891839000081, -19.27184916899995 ], [ 44.999786269000026, -19.264091587999928 ], [ 44.978400665000038, -19.271311236999964 ], [ 44.964250727000035, -19.263695266999946 ], [ 44.922157536000043, -19.271159503999968 ], [ 44.913625575000026, -19.281714439999973 ], [ 44.892334733000041, -19.281203754999979 ], [ 44.880229662000033, -19.31115041299995 ], [ 44.848456342000077, -19.314841774999934 ] ] ] } },
{ "type": "Feature", "properties": { "ISO": "MDG-MEN", "NAME_1": "Menabe" }, "geometry": { "type": "Polygon", "coordinates": [ [ [ 43.993632387000048, -21.907414360999951 ], [ 43.95457942400003, -21.901757384999939 ], [ 43.93880688400003, -21.881917619999967 ], [ 43.894148723000058, -21.876940028999968 ], [ 43.880205102000048, -21.866366099999937 ], [ 43.870223385000031, -21.824769877999927 ], [ 43.808595723000053, -21.741237759999933 ], [ 43.772951270000078, -21.708536355999968 ], [ 43.758018800000059, -21.634058609999954 ], [ 43.74207477300007, -21.592323117999968 ], [ 43.732362273000035, -21.585510012999976 ], [ 43.735730631000081, -21.572804909999945 ], [ 43.718178306000027, -21.557512398999961 ], [ 43.716429167000058, -21.545323553999935 ], [ 43.68698002900004, -21.522691304999967 ], [ 43.663591057000076, -21.485776 ], [ 43.641625420000025, -21.468983958999956 ], [ 43.638975119000065, -21.450761826999951 ], [ 43.599793823000027, -21.43350782999994 ], [ 43.606362158000024, -21.423067644999946 ], [ 43.595661173000053, -21.402187194999954 ], [ 43.596711317000029, -21.362696081999957 ], [ 43.544588787000066, -21.300061256999982 ], [ 43.564620972000057, -21.300136564999946 ], [ 43.555012481000063, -21.294610745999933 ], [ 43.576473236000027, -21.277809142999956 ], [ 43.582202872000039, -21.287003867999942 ], [ 43.584442140000078, -21.277168273999962 ], [ 43.594803398000067, -21.279764149999949 ], [ 43.595738103000031, -21.274622464999936 ], [ 43.618082197000035, -21.287135445999979 ], [ 43.619923381000035, -21.284552960999974 ], [ 43.618629951000059, -21.279672981999965 ], [ 43.629671418000044, -21.27922190399994 ], [ 43.635427513000025, -21.289641621999976 ], [ 43.637615205000031, -21.271505355999977 ], [ 43.688442232000057, -21.268257140999935 ], [ 43.673728943000071, -21.275321958999939 ], [ 43.686355591000051, -21.27544403099995 ], [ 43.679317474000072, -21.287628172999973 ], [ 43.668819427000074, -21.288673400999983 ], [ 43.679519653000057, -21.290040968999961 ], [ 43.702073061000078, -21.26774077999994 ], [ 43.708995820000041, -21.279083251999964 ], [ 43.705999173000066, -21.288561063999964 ], [ 43.71169457600007, -21.284412309999936 ], [ 43.723426819000053, -21.293699265999976 ], [ 43.729961798000033, -21.307821427999954 ], [ 43.726506693000033, -21.282928478999963 ], [ 43.761678559000075, -21.267145912999979 ], [ 43.796367646000078, -21.232357023999953 ], [ 43.83791732800006, -21.14343643199993 ], [ 43.838996887000064, -21.11818885799994 ], [ 43.849967958000036, -21.098579407999978 ], [ 43.872039796000081, -20.996208189999948 ], [ 43.87096023600003, -20.951992034999932 ], [ 43.903598786000032, -20.846464156999957 ], [ 43.904071808000026, -20.85588073699995 ], [ 43.910148621000076, -20.85777091999995 ], [ 43.915064427000061, -20.850349025999947 ], [ 43.905624390000071, -20.856100080999965 ], [ 43.909606936000046, -20.848302839999974 ], [ 43.905185700000061, -20.843915938999942 ], [ 43.962638854000033, -20.762231825999947 ], [ 43.96189498800004, -20.771615980999968 ], [ 43.946773529000041, -20.784980773999962 ], [ 43.945688091000079, -20.796168698999963 ], [ 43.957823341000051, -20.778822429999934 ], [ 43.962820210000075, -20.775324619999935 ], [ 43.96274668500007, -20.783730780999974 ], [ 43.967888462000076, -20.776823681999929 ], [ 43.965000153000062, -20.746097563999967 ], [ 43.983605874000034, -20.74304961699994 ], [ 43.991230976000054, -20.766758559999971 ], [ 43.994586015000039, -20.760119864999979 ], [ 44.007292336000035, -20.772183732999963 ], [ 44.019855889000041, -20.763689055999976 ], [ 44.00472251900004, -20.762903834999975 ], [ 44.03049208200008, -20.754409160999955 ], [ 43.997672640000076, -20.755727043999968 ], [ 43.989345551000042, -20.740108489999955 ], [ 43.996467590000066, -20.723081589999936 ], [ 44.000583651000056, -20.731046676999938 ], [ 44.037204741000039, -20.71033859399995 ], [ 44.045677186000034, -20.712972640999965 ], [ 44.039905548000036, -20.704870222999944 ], [ 44.061878204000038, -20.672958372999972 ], [ 44.069808961000035, -20.636083600999939 ], [ 44.085338593000074, -20.606819151999957 ], [ 44.087734223000041, -20.569084165999982 ], [ 44.101436615000068, -20.543533324999942 ], [ 44.113597870000035, -20.485996244999967 ], [ 44.137634277000075, -20.492479321999951 ], [ 44.137626648000037, -20.486856460999945 ], [ 44.120246887000064, -20.481101988999967 ], [ 44.24008727000006, -20.37867291699996 ], [ 44.25833424800004, -20.330922621999946 ], [ 44.253040314000032, -20.322317122999948 ], [ 44.28449630800003, -20.279266356999983 ], [ 44.295566560000054, -20.250408171999936 ], [ 44.303487749000055, -20.246656274999964 ], [ 44.300917931000072, -20.240374497999937 ], [ 44.315765767000073, -20.229524154999979 ], [ 44.322772804000067, -20.212968816999933 ], [ 44.330710687000078, -20.214396492999981 ], [ 44.326662631000033, -20.208932000999937 ], [ 44.350355516000036, -20.173964692999959 ], [ 44.355380938000053, -20.190868382999952 ], [ 44.356865722000066, -20.178019292999977 ], [ 44.354410118000033, -20.174078905999977 ], [ 44.367830279000032, -20.150950544999944 ], [ 44.370171667000079, -20.156775464999953 ], [ 44.377024516000063, -20.157689177999941 ], [ 44.370171667000079, -20.153634576999934 ], [ 44.377919193000025, -20.134854679999933 ], [ 44.383035035000034, -20.132356247999951 ], [ 44.383272980000072, -20.141338710999946 ], [ 44.393742609000071, -20.148060689999966 ], [ 44.395229771000061, -20.145026876999964 ], [ 44.393742609000071, -20.142528441999957 ], [ 44.384938602000034, -20.140743846999953 ], [ 44.392136472000061, -20.133070084999929 ], [ 44.382678114000043, -20.122838401999957 ], [ 44.401195863000055, -20.10273245999997 ], [ 44.414176954000027, -20.112129042999982 ], [ 44.408466247000035, -20.106120904999955 ], [ 44.417270254000073, -20.096305627999982 ], [ 44.412035438000032, -20.097257411999976 ], [ 44.411443248000069, -20.101374012999941 ], [ 44.410072383000056, -20.09594870799998 ], [ 44.42296906200005, -20.075267622999945 ], [ 44.427037941000037, -20.084904439999946 ], [ 44.428679768000052, -20.072555038999951 ], [ 44.440886403000036, -20.067629552999961 ], [ 44.432106192000049, -20.068486158999974 ], [ 44.435651590000077, -20.054804259999969 ], [ 44.44832222000008, -20.05420939399994 ], [ 44.445288406000032, -20.049747902999968 ], [ 44.43892334800006, -20.052781716999959 ], [ 44.445692915000052, -20.046024046999946 ], [ 44.472057342000028, -20.040943897999966 ], [ 44.447429921000037, -20.038445463999949 ], [ 44.463775636000037, -19.970031736999942 ], [ 44.470024109000065, -19.963781356999959 ], [ 44.458003998000038, -20.001981734999958 ], [ 44.464973450000059, -20.014165877999972 ], [ 44.479167938000046, -20.014116285999933 ], [ 44.480968475000054, -20.020206449999932 ], [ 44.482612610000047, -20.012567520999937 ], [ 44.49166488700007, -20.012954711999953 ], [ 44.489204407000045, -20.006505965999963 ], [ 44.470615387000066, -20.005050657999959 ], [ 44.495037079000042, -19.980653762999964 ], [ 44.47667694200004, -19.982591628999955 ], [ 44.487033845000042, -19.965061186999947 ], [ 44.477718353000057, -19.954452513999968 ], [ 44.485366821000071, -19.957160949999945 ], [ 44.486705780000079, -19.95061302199997 ], [ 44.466885980000029, -19.884950400999969 ], [ 44.477355610000075, -19.877716838999959 ], [ 44.458129564000046, -19.862869001999968 ], [ 44.478117036000071, -19.804048725999962 ], [ 44.471740081000064, -19.810044967999943 ], [ 44.466331482000044, -19.827224730999944 ], [ 44.431922181000061, -19.835850221999976 ], [ 44.428038900000047, -19.84441628299993 ], [ 44.421357373000035, -19.83939085999998 ], [ 44.42227108600008, -19.849898560999975 ], [ 44.407651679000026, -19.829796873999953 ], [ 44.428482057000053, -19.805988311999954 ], [ 44.449565887000063, -19.794158934999928 ], [ 44.414699554000038, -19.807353972999977 ], [ 44.397504476000051, -19.796032387999958 ], [ 44.389682257000061, -19.781050578999952 ], [ 44.39909155600003, -19.73039109399997 ], [ 44.400051117000032, -19.759304046999944 ], [ 44.416992187000062, -19.776367187999938 ], [ 44.408884107000063, -19.763381913999979 ], [ 44.414183641000079, -19.763941324999962 ], [ 44.412935157000049, -19.74562892299997 ], [ 44.423273182000059, -19.746285723999961 ], [ 44.415706496000041, -19.737767252999959 ], [ 44.421274436000033, -19.719540581999979 ], [ 44.415563728000052, -19.71977852699996 ], [ 44.411137931000042, -19.667858687999967 ], [ 44.427024841000048, -19.686389922999979 ], [ 44.427299500000061, -19.709859847999951 ], [ 44.43517048800004, -19.718636385999957 ], [ 44.427454023000053, -19.706874523999943 ], [ 44.435122897000042, -19.710641396999961 ], [ 44.430846594000059, -19.697005266999952 ], [ 44.436360216000026, -19.678613852999945 ], [ 44.429451602000029, -19.680168422999941 ], [ 44.416134800000066, -19.651345228999958 ], [ 44.401715266000053, -19.64929889299998 ], [ 44.398717144000045, -19.639352746999975 ], [ 44.449009682000053, -19.64364698299994 ], [ 44.464259018000064, -19.654451460999951 ], [ 44.462819823000075, -19.648251929999958 ], [ 44.456157334000068, -19.643159884999932 ], [ 44.437074056000029, -19.637258821999978 ], [ 44.444495112000027, -19.631222609999952 ], [ 44.415230603000055, -19.635164894999946 ], [ 44.403925933000039, -19.619325566999976 ], [ 44.436167630000057, -19.601241662999939 ], [ 44.437019349000025, -19.591485976999934 ], [ 44.441454063000037, -19.594252601999926 ], [ 44.449790044000054, -19.575662455999975 ], [ 44.442770634000055, -19.586132084999974 ], [ 44.452217095000037, -19.535865971999954 ], [ 44.463412521000066, -19.553665937999938 ], [ 44.466529059000038, -19.586422208999977 ], [ 44.477867748000051, -19.596734179999942 ], [ 44.470199586000035, -19.582931518999942 ], [ 44.472370149000028, -19.534555434999959 ], [ 44.457857473000047, -19.500192507999941 ], [ 44.467255105000049, -19.458325147999972 ], [ 44.473649907000038, -19.457432848999929 ], [ 44.468623294000054, -19.448807303999956 ], [ 44.468563808000056, -19.453417509999952 ], [ 44.470526863000032, -19.457819511999958 ], [ 44.46502435900004, -19.454339551999965 ], [ 44.447608948000038, -19.403375625999956 ], [ 44.410150221000038, -19.347707336999974 ], [ 44.437918531000037, -19.367837576999932 ], [ 44.441916026000058, -19.355381097999953 ], [ 44.437418843000046, -19.353953420999972 ], [ 44.428134187000069, -19.356328124999948 ], [ 44.409067566000033, -19.334506086999966 ], [ 44.411566, -19.341525496999964 ], [ 44.401028954000026, -19.344543446999978 ], [ 44.352063200000032, -19.305985263999958 ], [ 44.364672633000055, -19.300453399999981 ], [ 44.345617865000065, -19.287378055999966 ], [ 44.348044916000049, -19.27891907399993 ], [ 44.353294007000045, -19.290190577999965 ], [ 44.335445374000074, -19.242962144999979 ], [ 44.349656391000053, -19.22626043899993 ], [ 44.343589241000075, -19.225434795999945 ], [ 44.33156209200007, -19.23256865899998 ], [ 44.333675052000046, -19.236280616999977 ], [ 44.328003296000077, -19.233160875999943 ], [ 44.28172335000005, -19.170870927999943 ], [ 44.305137246000072, -19.161638618999973 ], [ 44.324579390000054, -19.172245821999979 ], [ 44.347057224000025, -19.162559994999981 ], [ 44.351366049000035, -19.169749371999956 ], [ 44.366583766000076, -19.166110725999943 ], [ 44.383287119000045, -19.176771150999969 ], [ 44.408647908000034, -19.177923746999966 ], [ 44.405468567000071, -19.171778221999944 ], [ 44.414649224000073, -19.165113733999931 ], [ 44.501363007000066, -19.172200698999973 ], [ 44.511630001000071, -19.156120002999955 ], [ 44.554645520000065, -19.171989458999974 ], [ 44.617886997000028, -19.170091679999928 ], [ 44.678461258000027, -19.197362030999955 ], [ 44.733893093000063, -19.188741110999956 ], [ 44.727270795000038, -19.206946247999952 ], [ 44.750682922000067, -19.222843653999973 ], [ 44.760344037000038, -19.215816926999935 ], [ 44.777816570000027, -19.22663694299996 ], [ 44.780751387000066, -19.24782602099998 ], [ 44.807875443000057, -19.28308235999998 ], [ 44.821601585000053, -19.285914709999929 ], [ 44.82492613900007, -19.304685606999954 ], [ 44.848456342000077, -19.314841774999934 ], [ 44.880229662000033, -19.31115041299995 ], [ 44.892334733000041, -19.281203754999979 ], [ 44.913625575000026, -19.281714439999973 ], [ 44.922157536000043, -19.271159503999968 ], [ 44.964250727000035, -19.263695266999946 ], [ 44.978400665000038, -19.271311236999964 ], [ 44.999786269000026, -19.264091587999928 ], [ 45.019891839000081, -19.27184916899995 ], [ 45.03551135400005, -19.26265858599993 ], [ 45.03889765200006, -19.251456943999926 ], [ 45.049742458000026, -19.262186745999941 ], [ 45.067517723000037, -19.253798199999949 ], [ 45.090253122000036, -19.25706003199997 ], [ 45.095777592000047, -19.247635215999935 ], [ 45.120647398000074, -19.237306453999963 ], [ 45.076036204000047, -19.185878832999947 ], [ 45.060889966000047, -19.190444936999938 ], [ 45.049604158000079, -19.179501952999942 ], [ 45.032848340000044, -19.177873326999929 ], [ 45.035857061000058, -19.155512193999982 ], [ 45.023885317000065, -19.124042112999973 ], [ 45.048181827000064, -19.110095649999948 ], [ 45.061027357000057, -19.092347874999973 ], [ 45.062996273000067, -19.076229528999932 ], [ 45.054293676000043, -19.06056956499998 ], [ 45.05833500600005, -19.050301400999956 ], [ 45.044325728000047, -19.034514564999938 ], [ 45.043202481000037, -18.990341712999964 ], [ 45.030113451000034, -18.964681018999954 ], [ 45.013121986000044, -18.942646995999951 ], [ 44.999406796000073, -18.956674672999952 ], [ 44.981927644000052, -18.951849049999964 ], [ 44.971879776000037, -18.908913834999964 ], [ 44.975776802000041, -18.891878000999952 ], [ 44.996975775000067, -18.884935045999953 ], [ 44.996419072000037, -18.871133315999941 ], [ 45.013677015000042, -18.853320587999974 ], [ 45.006410527000071, -18.817685538999967 ], [ 44.980427638000037, -18.779641737999953 ], [ 44.982775825000033, -18.764328436999961 ], [ 44.97219324100007, -18.754249228999981 ], [ 44.957694581000055, -18.765889218999973 ], [ 44.943222551000076, -18.741053346999934 ], [ 44.958639422000033, -18.72931222099993 ], [ 44.970252663000053, -18.703206982999973 ], [ 44.939519116000042, -18.692221185999927 ], [ 44.917006877000063, -18.667845661999934 ], [ 44.91593367400003, -18.647369392999963 ], [ 44.903567224000028, -18.641086753999957 ], [ 44.90108138800008, -18.595590215999948 ], [ 44.891737823000028, -18.584373311999968 ], [ 44.879685429000062, -18.517195611999966 ], [ 44.852385896000044, -18.468414049999978 ], [ 44.850767529000052, -18.447791786999971 ], [ 44.815383017000045, -18.400943051999946 ], [ 44.800948017000053, -18.365424594999979 ], [ 44.829544612000063, -18.323589930999958 ], [ 44.88035889300005, -18.31287666999998 ], [ 44.887973745000068, -18.296358106999946 ], [ 44.915769810000029, -18.302157564999959 ], [ 44.914338914000041, -18.285392817999934 ], [ 44.943920305000063, -18.244058179999968 ], [ 44.965591084000039, -18.234258100999966 ], [ 44.982321376000073, -18.211891255999944 ], [ 45.000835735000067, -18.215035458999978 ], [ 45.013780777000079, -18.185840662999965 ], [ 45.037407310000049, -18.189413039999977 ], [ 45.045818026000063, -18.200476431999959 ], [ 45.043418674000065, -18.218316337999966 ], [ 45.05320912600007, -18.204964683999947 ], [ 45.070848677000072, -18.211708590999933 ], [ 45.076668451000046, -18.23948026599993 ], [ 45.10229032500007, -18.261947436999947 ], [ 45.114899032000039, -18.242746183999941 ], [ 45.13589802000007, -18.236121235999974 ], [ 45.142725367000025, -18.241449529999954 ], [ 45.153811578000045, -18.225097945999948 ], [ 45.167230775000064, -18.223645763999968 ], [ 45.173404256000026, -18.206988225999964 ], [ 45.235288738000065, -18.222275946999957 ], [ 45.256415137000033, -18.251420486999962 ], [ 45.294100359000026, -18.262373135999951 ], [ 45.317426022000063, -18.283663401999945 ], [ 45.33565561000006, -18.27878495899995 ], [ 45.364406040000063, -18.30285827299997 ], [ 45.368529633000037, -18.323484124999936 ], [ 45.417797715000063, -18.332407901999943 ], [ 45.444814910000048, -18.360430076999933 ], [ 45.474562465000076, -18.351931932999946 ], [ 45.50036669900004, -18.327547301999971 ], [ 45.53188986400005, -18.362789861999943 ], [ 45.555976732000033, -18.377804635999951 ], [ 45.583874870000045, -18.362800771999957 ], [ 45.588841238000043, -18.405353103999971 ], [ 45.563246049000043, -18.429311482999935 ], [ 45.582520705000036, -18.438160019999941 ], [ 45.583079411000028, -18.453978097999936 ], [ 45.590639022000062, -18.452002942999968 ], [ 45.591728643000067, -18.469246913999939 ], [ 45.585227262000046, -18.469980749999934 ], [ 45.592285016000062, -18.476765169999965 ], [ 45.584435172000042, -18.478372425999964 ], [ 45.598531949000062, -18.502402080999957 ], [ 45.589220021000074, -18.50219874499993 ], [ 45.598586565000062, -18.519392866999965 ], [ 45.589752473000033, -18.537691510999935 ], [ 45.595342638000034, -18.541647694999938 ], [ 45.589296008000076, -18.541301297999951 ], [ 45.591082049000079, -18.552245466999977 ], [ 45.584697286000051, -18.549921994999977 ], [ 45.579062917000044, -18.562220270999944 ], [ 45.594001328000047, -18.563673183999981 ], [ 45.598263341000063, -18.557328352999946 ], [ 45.606392302000074, -18.57331346899997 ], [ 45.596630333000064, -18.571399022999969 ], [ 45.597549171000026, -18.581101599999954 ], [ 45.589212996000072, -18.583996323999941 ], [ 45.590880097000081, -18.598550115999956 ], [ 45.576807391000045, -18.601787630999979 ], [ 45.568473311000048, -18.625672247999944 ], [ 45.55586730400006, -18.619114287999935 ], [ 45.54251576200005, -18.630832981999959 ], [ 45.543528476000063, -18.64970916599998 ], [ 45.531234691000066, -18.650345788999971 ], [ 45.531041006000066, -18.665175025999929 ], [ 45.51197191600005, -18.664655994999976 ], [ 45.51476642700004, -18.676636636999945 ], [ 45.498178004000067, -18.682417654999938 ], [ 45.507796948000077, -18.686471403999974 ], [ 45.503430673000025, -18.696078320999959 ], [ 45.486187881000035, -18.704547611999942 ], [ 45.47758125200005, -18.700333003999958 ], [ 45.465682896000033, -18.724507887999948 ], [ 45.482791492000047, -18.760711273999959 ], [ 45.476831086000061, -18.767326728999933 ], [ 45.488408887000048, -18.807317292999983 ], [ 45.512810988000069, -18.832356491999974 ], [ 45.505345910000074, -18.881875477999927 ], [ 45.48365758500006, -18.890001063999932 ], [ 45.476852425000061, -18.917043673999956 ], [ 45.485892325000066, -18.933544481999945 ], [ 45.500473189000047, -18.929195697999944 ], [ 45.525261154000077, -18.96227330399995 ], [ 45.547946700000068, -18.974491688999933 ], [ 45.544130685000027, -19.019750374999944 ], [ 45.562701792000041, -19.034186845999955 ], [ 45.58751017600008, -19.034498142999951 ], [ 45.584900343000072, -19.049129826999945 ], [ 45.593106292000073, -19.065167211999949 ], [ 45.590538843000047, -19.07846266699994 ], [ 45.562805, -19.079427276999979 ], [ 45.554335454000068, -19.11025030299993 ], [ 45.561818481000046, -19.129513015999976 ], [ 45.574939361000077, -19.134862657999975 ], [ 45.599063208000075, -19.164776372999938 ], [ 45.552840500000059, -19.200608814999953 ], [ 45.547320984000066, -19.271194728999944 ], [ 45.561329999000066, -19.279980002999935 ], [ 45.61064710100004, -19.275677329999951 ], [ 45.657297605000053, -19.305791408999937 ], [ 45.661854190000042, -19.29384743199995 ], [ 45.669961802000046, -19.292172678999975 ], [ 45.68246692300005, -19.312733654999931 ], [ 45.71393170500005, -19.321406604999936 ], [ 45.738238601000035, -19.320646919999945 ], [ 45.75798, -19.309920001999956 ], [ 45.773377831000062, -19.312232863999952 ], [ 45.78247385800006, -19.288338565999936 ], [ 45.783529840000028, -19.249033330999964 ], [ 45.792660718000036, -19.214883896999936 ], [ 45.801690854000071, -19.205645359999949 ], [ 45.80054724300004, -19.237528008999959 ], [ 45.810055929000043, -19.253319458999954 ], [ 45.813537255000028, -19.296180627999945 ], [ 45.822750405000079, -19.302153881999971 ], [ 45.819401460000051, -19.31924496399995 ], [ 45.831259757000055, -19.331060846999947 ], [ 45.831909649000067, -19.339196745999971 ], [ 45.822075617000053, -19.343369944999949 ], [ 45.826039650000041, -19.35055840299998 ], [ 45.817996041000072, -19.354372446999946 ], [ 45.828721844000029, -19.358125490999953 ], [ 45.817361288000029, -19.374315654999975 ], [ 45.822753542000044, -19.436431651999953 ], [ 45.806509104000042, -19.43490679699994 ], [ 45.783718779000026, -19.456635596999945 ], [ 45.781267200000059, -19.470096202999969 ], [ 45.796849063000082, -19.495240149999972 ], [ 45.780887388000053, -19.536045471999955 ], [ 45.795971244000043, -19.564589872999932 ], [ 45.820254895000062, -19.565858591999927 ], [ 45.830741619000037, -19.58390791599993 ], [ 45.817806522000069, -19.609617647999983 ], [ 45.83651696700008, -19.641865271999961 ], [ 45.832011971000043, -19.661821212999939 ], [ 45.839989531000072, -19.677732927999955 ], [ 45.830134937000025, -19.681358028999966 ], [ 45.828572937000047, -19.691927481999983 ], [ 45.803093434000061, -19.718757294999932 ], [ 45.81209436100005, -19.753877237999973 ], [ 45.831359074000034, -19.784851818999982 ], [ 45.803911147000065, -19.809730183999932 ], [ 45.799064658000077, -19.854828429999941 ], [ 45.776415133000057, -19.86496512399998 ], [ 45.75858351200003, -19.897862711999949 ], [ 45.765012851000051, -19.915248198999961 ], [ 45.749127261000069, -19.932300423999948 ], [ 45.74569131700008, -19.946833903999959 ], [ 45.752610676000074, -19.95237162799998 ], [ 45.754483027000049, -19.978006060999974 ], [ 45.766404814000055, -19.983082038999953 ], [ 45.772150063000026, -19.998499501999959 ], [ 45.793250310000076, -20.007773131999954 ], [ 45.782280641000057, -20.016205172999946 ], [ 45.793855578000034, -20.042891992999955 ], [ 45.779017395000039, -20.04137931899993 ], [ 45.769011323000029, -20.052354133999927 ], [ 45.755845453000063, -20.040307917999939 ], [ 45.750888929000041, -20.043899565999936 ], [ 45.769108399000061, -20.088486609999961 ], [ 45.758033162000061, -20.110034037999981 ], [ 45.773571459000038, -20.13295246499996 ], [ 45.776444580000032, -20.166080905999934 ], [ 45.790687236000053, -20.180599425999958 ], [ 45.79829546600007, -20.202234603999955 ], [ 45.79761915000006, -20.225370280999982 ], [ 45.808645457000068, -20.247993654999959 ], [ 45.804494591000037, -20.268602421999958 ], [ 45.813566432000073, -20.277156923999939 ], [ 45.810058712000057, -20.305479110999954 ], [ 45.835062869000069, -20.336507788999938 ], [ 45.816722646000073, -20.387184243999968 ], [ 45.831917779000037, -20.420787923999967 ], [ 45.830974702000049, -20.458260959999961 ], [ 45.816165622000028, -20.477923399999952 ], [ 45.822906193000051, -20.499650587999952 ], [ 45.811789410000074, -20.519958198999973 ], [ 45.789958890000037, -20.525017648999949 ], [ 45.784465332000025, -20.535000852999929 ], [ 45.819493033000072, -20.561728879999976 ], [ 45.825904555000079, -20.587176019999958 ], [ 45.821146162000048, -20.603146361999961 ], [ 45.830615283000043, -20.627497159999962 ], [ 45.822812321000072, -20.642423593999979 ], [ 45.833613697000033, -20.659311267999954 ], [ 45.832360437000034, -20.680144641999959 ], [ 45.842452554000033, -20.692409152999971 ], [ 45.841767059000063, -20.713769080999953 ], [ 45.790399405000073, -20.722818709999956 ], [ 45.780951386000027, -20.74338808899995 ], [ 45.791813743000034, -20.757562806999942 ], [ 45.776647856000068, -20.768330546999948 ], [ 45.774633823000045, -20.825585732999969 ], [ 45.765345708000041, -20.841281533999961 ], [ 45.780931385000031, -20.875306676999969 ], [ 45.766981166000051, -20.89480853699996 ], [ 45.781235300000048, -20.918973328999982 ], [ 45.775699015000043, -20.925764497999978 ], [ 45.768914146000043, -20.912997086999951 ], [ 45.759683991000031, -20.911047889999963 ], [ 45.684818914000061, -20.910100373999967 ], [ 45.666613526000049, -20.92562815399998 ], [ 45.658485319000079, -20.950904789999981 ], [ 45.664023922000069, -20.964340461999939 ], [ 45.647799030000044, -20.984142865999956 ], [ 45.630612357000075, -20.991451224999935 ], [ 45.620332763000079, -20.988566332999937 ], [ 45.613235696000061, -20.97142097099993 ], [ 45.570336844000053, -20.991568910999945 ], [ 45.551951587000076, -20.979104744999972 ], [ 45.533227512000053, -20.986423280999929 ], [ 45.506929918000026, -20.977602969999964 ], [ 45.497919780000075, -20.990518003999966 ], [ 45.504363744000045, -21.019589164999957 ], [ 45.494182081000076, -21.023426659999927 ], [ 45.48624017700007, -21.04264354299994 ], [ 45.453093595000041, -21.049894854999934 ], [ 45.441536627000062, -21.060667852999927 ], [ 45.43765284300008, -21.066413539999928 ], [ 45.445888903000025, -21.082684622999977 ], [ 45.432401760000062, -21.08331665299994 ], [ 45.395922908000045, -21.109928543999956 ], [ 45.368516833000058, -21.140208600999927 ], [ 45.373345405000066, -21.147988930999929 ], [ 45.348427900000047, -21.155444193999926 ], [ 45.353293847000032, -21.166405041999951 ], [ 45.347110696000072, -21.176500158999943 ], [ 45.332655087000035, -21.178187889999947 ], [ 45.336945719000028, -21.165497598999934 ], [ 45.329991623000069, -21.156545063999943 ], [ 45.318920315000071, -21.158015696999939 ], [ 45.315338431000043, -21.140979912999967 ], [ 45.299659406000046, -21.147237966999967 ], [ 45.227180564000037, -21.146669285999963 ], [ 45.178940889000046, -21.199264133999975 ], [ 45.15944145800006, -21.200933333999956 ], [ 45.151431990000049, -21.213470767999979 ], [ 45.141140044000053, -21.212918014999957 ], [ 45.11810418500005, -21.230336466999972 ], [ 45.116705075000027, -21.244128950999936 ], [ 45.098335671000029, -21.267014078999978 ], [ 45.096711177000032, -21.288343734999955 ], [ 45.039122653000049, -21.287258286999929 ], [ 45.019537311000079, -21.296982610999976 ], [ 44.985181779000072, -21.287883491999935 ], [ 44.975814165000031, -21.294984226999929 ], [ 44.93798668900007, -21.286938438999982 ], [ 44.914955249000059, -21.234989066999958 ], [ 44.886774729000081, -21.215997176999963 ], [ 44.835350683000058, -21.210190229999967 ], [ 44.796227072000079, -21.196206383999936 ], [ 44.77227735300005, -21.197405318999927 ], [ 44.74750048900006, -21.240102927999942 ], [ 44.712524802000075, -21.249781592999966 ], [ 44.716079938000064, -21.27544301599994 ], [ 44.69081367900003, -21.290056737999976 ], [ 44.681167443000049, -21.331131118999963 ], [ 44.701657001000058, -21.409227983999983 ], [ 44.695908067000062, -21.413026330999969 ], [ 44.700612591000038, -21.414751123999963 ], [ 44.696923344000027, -21.440160190999961 ], [ 44.676833159000068, -21.47589561999996 ], [ 44.684533611000063, -21.480140634999941 ], [ 44.676700313000026, -21.499749835999978 ], [ 44.680148613000028, -21.523955781999973 ], [ 44.694738077000068, -21.542576670999949 ], [ 44.680954953000025, -21.55509313999994 ], [ 44.698954792000052, -21.572652052999956 ], [ 44.695422282000038, -21.585233469999935 ], [ 44.724788499000056, -21.609824268999944 ], [ 44.7514, -21.654670000999943 ], [ 44.753970507000076, -21.670778300999928 ], [ 44.744450713000049, -21.706397250999942 ], [ 44.750120001000028, -21.734430001999954 ], [ 44.69393397500005, -21.745928454999955 ], [ 44.612018294000052, -21.748735224999962 ], [ 44.598455470000033, -21.75501363799998 ], [ 44.564062186000058, -21.797037235999937 ], [ 44.526050037000061, -21.79636757399993 ], [ 44.432448752000028, -21.837413752999964 ], [ 44.382004976000076, -21.843516610999927 ], [ 44.349384687000054, -21.835982543999933 ], [ 44.319548310000073, -21.859893098999976 ], [ 44.307902762000026, -21.85303175699994 ], [ 44.30896993600004, -21.836411411999961 ], [ 44.280921543000034, -21.816571980999981 ], [ 44.273825441000042, -21.819068652999931 ], [ 44.267268948000037, -21.852113298999939 ], [ 44.252288019000048, -21.861178518999964 ], [ 44.240092219000076, -21.853861730999938 ], [ 44.221669639000027, -21.81279182399993 ], [ 44.180180876000065, -21.801445544999979 ], [ 44.160112729000048, -21.80372252799998 ], [ 44.141897250000056, -21.814475257999959 ], [ 44.124039637000067, -21.837720822999927 ], [ 44.093195058000049, -21.835418020999953 ], [ 44.083036987000071, -21.840875538999967 ], [ 44.047377761000064, -21.895887900999981 ], [ 43.993632387000048, -21.907414360999951 ] ] ] } },
{ "type": "Feature", "properties": { "ISO": "MDG-SAV", "NAME_1": "Sava" }, "geometry": { "type": "Polygon", "coordinates": [ [ [ 50.159324647000062, -15.997501371999931 ], [ 50.153598785000042, -15.971707343999981 ], [ 50.145645143000081, -15.968895910999947 ], [ 50.144546509000065, -15.943645475999972 ], [ 50.079669952000074, -15.925604818999943 ], [ 50.065055847000053, -15.905031203999954 ], [ 50.053585052000074, -15.905011176999949 ], [ 50.03683471800008, -15.883915900999966 ], [ 50.024681091000048, -15.884379385999978 ], [ 50.016544342000032, -15.872380257999964 ], [ 50.022232057000053, -15.852762220999978 ], [ 50.01213193500007, -15.831959898999969 ], [ 50.036133831000029, -15.827472564999937 ], [ 50.050134219000029, -15.833277790999944 ], [ 50.054755466000074, -15.821452393999948 ], [ 50.068166771000051, -15.815261158999931 ], [ 50.06828712500004, -15.803406059999929 ], [ 50.056039528000042, -15.780496465999931 ], [ 50.055722841000033, -15.762859849999927 ], [ 50.047292620000064, -15.76306649199995 ], [ 50.046650996000039, -15.752853151999943 ], [ 50.038079173000028, -15.74989090899993 ], [ 50.042408001000069, -15.735405732999936 ], [ 50.031267142000047, -15.725081814999953 ], [ 50.031612943000027, -15.713966801999959 ], [ 50.010283376000075, -15.69812239099997 ], [ 50.004222238000068, -15.706781939999928 ], [ 49.99228022300008, -15.704642709999973 ], [ 49.979428701000074, -15.689682066999978 ], [ 49.986974571000076, -15.680167399999959 ], [ 49.983192821000046, -15.665618543999926 ], [ 50.006212922000032, -15.636756719999937 ], [ 49.99690546800008, -15.62215942399996 ], [ 50.002229525000075, -15.615743210999938 ], [ 50.013142800000026, -15.620356048999952 ], [ 50.007738549000067, -15.61386095599994 ], [ 50.01547669100006, -15.602574302999926 ], [ 50.005853888000047, -15.59123311999997 ], [ 50.020137164000062, -15.543955611999934 ], [ 50.01126236500005, -15.531974546999948 ], [ 50.018577841000081, -15.524534248999942 ], [ 50.013822735000076, -15.518970533999948 ], [ 50.021358976000045, -15.496114553999973 ], [ 50.018280678000053, -15.482434501999933 ], [ 50.024940184000059, -15.471770744999958 ], [ 50.041358695000042, -15.474651988999938 ], [ 50.05125262200005, -15.46453134099994 ], [ 50.053146556000058, -15.392191841999932 ], [ 50.031496959000037, -15.376004826999974 ], [ 50.025549194000064, -15.35763075999995 ], [ 49.98492054500008, -15.34794014299996 ], [ 49.988628622000078, -15.336454507999974 ], [ 50.027210366000077, -15.30626028599994 ], [ 50.03166888800007, -15.293720288999964 ], [ 49.987519336000048, -15.244427880999979 ], [ 49.960149036000075, -15.249874120999948 ], [ 49.957822490000069, -15.261823011999979 ], [ 49.936452727000074, -15.280103404999977 ], [ 49.922573344000057, -15.270308110999963 ], [ 49.894838438000079, -15.27013612899998 ], [ 49.882366302000037, -15.242945231999954 ], [ 49.865434384000082, -15.23315806599993 ], [ 49.866447826000069, -15.212893855999937 ], [ 49.836204390000034, -15.203331452999976 ], [ 49.828324230000078, -15.183137819999956 ], [ 49.806332991000033, -15.161002224999947 ], [ 49.822234103000028, -15.118658880999931 ], [ 49.815028059000042, -15.096280859999979 ], [ 49.800855016000071, -15.090806669999949 ], [ 49.802330590000054, -15.080619030999969 ], [ 49.794330779000063, -15.071499185999926 ], [ 49.798999929000047, -15.056563472999926 ], [ 49.790983523000079, -15.050108861999945 ], [ 49.77018812700004, -15.053586241999938 ], [ 49.758792696000057, -15.070608068999945 ], [ 49.737722129000076, -15.081240016999971 ], [ 49.726145851000069, -15.079627578999975 ], [ 49.714560698000071, -15.091426041999966 ], [ 49.682444744000065, -15.084699640999929 ], [ 49.687718530000041, -15.057008075999931 ], [ 49.659647427000039, -15.039779662999933 ], [ 49.659549731000027, -15.012518989999933 ], [ 49.649035813000069, -14.988877163999973 ], [ 49.607798381000066, -14.964307016999953 ], [ 49.59835763500007, -14.965479123999955 ], [ 49.586610644000075, -14.931052379999926 ], [ 49.567302186000063, -14.904545651999968 ], [ 49.560852824000051, -14.906522880999944 ], [ 49.560485823000079, -14.895367389999933 ], [ 49.544957553000074, -14.892713345999937 ], [ 49.512099429000045, -14.847358775999965 ], [ 49.496154816000058, -14.844190627999978 ], [ 49.485963559000027, -14.80831270799996 ], [ 49.46820285900003, -14.807624453999949 ], [ 49.455362587000081, -14.788311527999952 ], [ 49.444642866000038, -14.754030237999928 ], [ 49.426810093000029, -14.736228069999981 ], [ 49.426749722000068, -14.72341729599998 ], [ 49.439441210000041, -14.706841392999934 ], [ 49.422825601000056, -14.69218594299997 ], [ 49.422953410000048, -14.673309556999982 ], [ 49.398873501000025, -14.63181566999998 ], [ 49.380942982000079, -14.615961669999933 ], [ 49.309312426000076, -14.60862291199993 ], [ 49.312914029000069, -14.586360044999935 ], [ 49.354356908000057, -14.544698363999942 ], [ 49.370217776000061, -14.542970879999928 ], [ 49.390822978000074, -14.522949456999982 ], [ 49.40878781300006, -14.526080105999938 ], [ 49.411880147000034, -14.516829923999978 ], [ 49.383500053000034, -14.496061487999953 ], [ 49.373598351000055, -14.496174002999965 ], [ 49.361932848000038, -14.479578929999946 ], [ 49.327300691000062, -14.475467065999965 ], [ 49.327813445000061, -14.464585851999971 ], [ 49.315032747000032, -14.458268146999956 ], [ 49.291238055000065, -14.459489518999931 ], [ 49.248414208000042, -14.412636003999978 ], [ 49.252936069000043, -14.400742354999977 ], [ 49.245819051000069, -14.370636941999976 ], [ 49.200902344000042, -14.359172342999955 ], [ 49.160311, -14.317495961999953 ], [ 49.152059715000064, -14.320781484999941 ], [ 49.139997067000081, -14.28884100099998 ], [ 49.126245494000045, -14.283208071999979 ], [ 49.106662939000046, -14.260118661999968 ], [ 49.108437709000043, -14.198414527999944 ], [ 49.123957494000081, -14.205861318999951 ], [ 49.150764901000059, -14.189764090999972 ], [ 49.148446820000061, -14.154426409999928 ], [ 49.161371479000081, -14.134246485999938 ], [ 49.16064975300003, -14.123317701999952 ], [ 49.18912031900004, -14.112617959999966 ], [ 49.199881774000062, -14.083217567999952 ], [ 49.199182705000055, -14.061917093999966 ], [ 49.21803506100008, -14.03783606099995 ], [ 49.213331921000076, -14.021671282999932 ], [ 49.226758074000031, -14.004963116999932 ], [ 49.243571563000046, -14.005075076999958 ], [ 49.254613105000033, -13.994500547999962 ], [ 49.26513286800008, -13.99805062799993 ], [ 49.273885816000075, -13.986481717999936 ], [ 49.319144553000058, -13.990809138999964 ], [ 49.345544658000051, -13.949124079999933 ], [ 49.331669849000036, -13.93648067099997 ], [ 49.341663058000051, -13.90651050699995 ], [ 49.338482597000052, -13.891520544999935 ], [ 49.350357753000026, -13.883396330999972 ], [ 49.357350176000068, -13.864254604999928 ], [ 49.36628298200003, -13.862007448999975 ], [ 49.385201550000033, -13.826057213999945 ], [ 49.38197226300008, -13.80388195699993 ], [ 49.397333751000076, -13.777189773999964 ], [ 49.400912479000056, -13.712126400999978 ], [ 49.411486941000078, -13.680844621999938 ], [ 49.378964687000064, -13.668209568999941 ], [ 49.369796258000065, -13.642772690999948 ], [ 49.356800652000061, -13.629701515999955 ], [ 49.360333339000078, -13.619474318999949 ], [ 49.382761874000039, -13.606600942999933 ], [ 49.374899811000034, -13.597206411999935 ], [ 49.375119446000042, -13.570415715999957 ], [ 49.36419997400003, -13.558826242999942 ], [ 49.36779897100007, -13.551873757999942 ], [ 49.346612886000059, -13.538032933999943 ], [ 49.358293920000051, -13.505222231999937 ], [ 49.347601143000077, -13.502490761999979 ], [ 49.333935292000035, -13.472829241999932 ], [ 49.342599491000044, -13.456888144999937 ], [ 49.325516719000063, -13.403658854999946 ], [ 49.329252656000051, -13.392631128999938 ], [ 49.337293923000061, -13.396763582999938 ], [ 49.349456652000072, -13.387954701999945 ], [ 49.356391733000066, -13.370482487999936 ], [ 49.372419946000036, -13.370667416999936 ], [ 49.397315728000081, -13.344388846999948 ], [ 49.417431872000066, -13.348268788999974 ], [ 49.425457087000041, -13.336449253999945 ], [ 49.405803720000051, -13.289757452999936 ], [ 49.438196537000067, -13.255410278999932 ], [ 49.437867122000057, -13.231407587999968 ], [ 49.448981045000039, -13.22872489699995 ], [ 49.44712147000007, -13.204342458999974 ], [ 49.45297701800007, -13.195930953999948 ], [ 49.447139243000038, -13.196706442999982 ], [ 49.44358335700008, -13.179663976999962 ], [ 49.420504702000073, -13.169750411999928 ], [ 49.424488135000047, -13.160075628999948 ], [ 49.411262973000078, -13.14606749099994 ], [ 49.42002020700005, -13.129055474999973 ], [ 49.411284165000041, -13.123660235999978 ], [ 49.415322254000046, -13.109928898999954 ], [ 49.430639739000071, -13.109674225999981 ], [ 49.44385167400003, -13.08370390999994 ], [ 49.464695701000039, -13.083100969999975 ], [ 49.471262212000056, -13.06743884499997 ], [ 49.474589368000068, -13.045006415999978 ], [ 49.467748347000054, -13.017194468999946 ], [ 49.49461417100008, -12.964643518999935 ], [ 49.473980001000029, -12.950150004999955 ], [ 49.49017832800007, -12.922619735999945 ], [ 49.524499563000063, -12.889255755999955 ], [ 49.514654439000026, -12.867876072999934 ], [ 49.52570660400005, -12.846518110999966 ], [ 49.553138022000041, -12.853123445999927 ], [ 49.573075136000057, -12.811553166999943 ], [ 49.614078794000079, -12.797300277999966 ], [ 49.643070221000073, -12.836211204999927 ], [ 49.651042938000046, -12.822793961999935 ], [ 49.657630920000031, -12.826704977999952 ], [ 49.663887025000065, -12.811196326999948 ], [ 49.679660798000043, -12.824179648999973 ], [ 49.670360566000056, -12.795387267999956 ], [ 49.689846038000042, -12.782973288999926 ], [ 49.705623628000069, -12.797262191999948 ], [ 49.689846039000031, -12.771075247999931 ], [ 49.701526642000033, -12.769282339999961 ], [ 49.708946228000059, -12.776780127999928 ], [ 49.715919495000037, -12.770124434999957 ], [ 49.693443298000034, -12.764039039999943 ], [ 49.683425904000046, -12.774525640999968 ], [ 49.695106505000069, -12.741896630999975 ], [ 49.700473785000042, -12.74564647699998 ], [ 49.711048126000037, -12.738691330999927 ], [ 49.707725525000058, -12.748744010999928 ], [ 49.720016479000037, -12.754801749999956 ], [ 49.721897125000055, -12.743010521999963 ], [ 49.727764130000025, -12.756541250999931 ], [ 49.718410492000032, -12.767135619999976 ], [ 49.720458984000061, -12.774362563999944 ], [ 49.740219116000048, -12.783951758999933 ], [ 49.737564087000067, -12.779278753999961 ], [ 49.752120972000057, -12.768820761999962 ], [ 49.741161348000048, -12.797696113999962 ], [ 49.760036470000045, -12.803183554999976 ], [ 49.761421204000044, -12.794653891999928 ], [ 49.787052155000026, -12.809349058999942 ], [ 49.777694702000076, -12.828443526999934 ], [ 49.784450531000061, -12.839062689999935 ], [ 49.781295777000025, -12.852858541999979 ], [ 49.800170897000044, -12.885663031999968 ], [ 49.800281525000059, -12.899022101999947 ], [ 49.829383850000056, -12.896605491999935 ], [ 49.843120575000057, -12.913105963999953 ], [ 49.828186036000034, -12.890314100999944 ], [ 49.841285706000065, -12.884975432999966 ], [ 49.857498169000053, -12.898303985999974 ], [ 49.855670929000041, -12.916354178999939 ], [ 49.84592056300005, -12.91430091899997 ], [ 49.836414337000065, -12.924828527999978 ], [ 49.842655182000044, -12.950602529999969 ], [ 49.860561371000074, -12.960550306999949 ], [ 49.870311737000065, -12.940991401999952 ], [ 49.888237, -13.001605989999973 ], [ 49.908226014000036, -13.030845641999974 ], [ 49.931034087000057, -13.045088767999971 ], [ 49.919738770000038, -13.198934554999937 ], [ 49.932548523000037, -13.204691886999967 ], [ 49.954307555000071, -13.278564451999955 ], [ 49.970275879000042, -13.286348342999929 ], [ 49.958381652000071, -13.321545600999968 ], [ 49.972957611000027, -13.336871147999943 ], [ 49.976787568000077, -13.361804006999932 ], [ 49.99647903500005, -13.369460104999973 ], [ 50.005954742000029, -13.353864668999961 ], [ 50.017040253000062, -13.356039046999967 ], [ 50.022823334000066, -13.389179230999957 ], [ 50.008079529000042, -13.430397985999946 ], [ 50.023010255000031, -13.467012404999934 ], [ 50.025398254000038, -13.521876333999955 ], [ 50.055183410000041, -13.556509971999958 ], [ 50.059619904000044, -13.605193136999958 ], [ 50.068847656000059, -13.615141868999956 ], [ 50.078811646000077, -13.614011765999976 ], [ 50.085216522000053, -13.629670142999942 ], [ 50.086479187000066, -13.689296721999938 ], [ 50.106040956000072, -13.715920447999963 ], [ 50.11385726900005, -13.747855185999981 ], [ 50.126476289000038, -13.751833915999953 ], [ 50.139621735000048, -13.796055793999926 ], [ 50.138072968000074, -14.007805823999945 ], [ 50.151660919000051, -14.045688627999937 ], [ 50.166500093000082, -14.05317211199997 ], [ 50.143505096000069, -14.228246687999956 ], [ 50.150539398000035, -14.251667974999975 ], [ 50.17569732700008, -14.269710539999949 ], [ 50.184875488000046, -14.268474579999975 ], [ 50.201919556000064, -14.301665304999972 ], [ 50.194530487000065, -14.368655204999982 ], [ 50.180469513000048, -14.411746023999967 ], [ 50.176593781000065, -14.469948768999927 ], [ 50.188499451000041, -14.517505645999961 ], [ 50.183685303000061, -14.584860800999934 ], [ 50.194835663000049, -14.625349997999933 ], [ 50.207546234000063, -14.635691643999962 ], [ 50.217849731000058, -14.66830158099998 ], [ 50.225898743000073, -14.712819098999944 ], [ 50.22465896500006, -14.763959884999963 ], [ 50.252716064000026, -14.804357528999958 ], [ 50.263980866000054, -14.864394187999949 ], [ 50.293701172000056, -14.913850783999976 ], [ 50.294097900000054, -14.935760497999979 ], [ 50.301830292000034, -14.94662761799998 ], [ 50.316169739000031, -14.95068454699998 ], [ 50.334945679000043, -15.032126425999934 ], [ 50.36600112900004, -15.078327178999928 ], [ 50.404396057000042, -15.115387917999954 ], [ 50.405544281000061, -15.124803542999928 ], [ 50.422649383000078, -15.134726522999927 ], [ 50.436538696000071, -15.163823127999933 ], [ 50.436687469000049, -15.188502311999969 ], [ 50.471294403000059, -15.209666251999977 ], [ 50.464103699000077, -15.240027427999962 ], [ 50.486888886000031, -15.26566410099997 ], [ 50.472255707000045, -15.282195090999949 ], [ 50.483024598000043, -15.33213329299997 ], [ 50.47323226900005, -15.339457511999967 ], [ 50.474739075000059, -15.360082625999951 ], [ 50.460910797000054, -15.381299018999982 ], [ 50.469291687000066, -15.400711057999956 ], [ 50.449444975000063, -15.436559797999962 ], [ 50.462619781000058, -15.455886839999948 ], [ 50.458320618000073, -15.464860915999964 ], [ 50.445491791000052, -15.467836379999937 ], [ 50.445053101000042, -15.480009077999966 ], [ 50.438996951000036, -15.476800154999978 ], [ 50.420982363000064, -15.568272589999935 ], [ 50.39857482900004, -15.604146003999972 ], [ 50.332584381000061, -15.767904280999971 ], [ 50.319412231000058, -15.780760763999979 ], [ 50.320850372000052, -15.809815405999927 ], [ 50.334152222000057, -15.816820144999951 ], [ 50.331420898000033, -15.807171822999976 ], [ 50.337017058000072, -15.806775092999942 ], [ 50.340633392000029, -15.814998626999966 ], [ 50.29824829000006, -15.840214727999978 ], [ 50.294643402000077, -15.853778839999961 ], [ 50.303184509000062, -15.856326101999969 ], [ 50.283939362000069, -15.890011785999945 ], [ 50.269466400000056, -15.885979650999957 ], [ 50.245647430000076, -15.910180090999972 ], [ 50.252174377000074, -15.926785467999935 ], [ 50.221286774000077, -15.950138090999928 ], [ 50.233539581000059, -15.974462508999977 ], [ 50.22350311200006, -15.986734388999935 ], [ 50.176567078000062, -15.985692023999945 ], [ 50.159324647000062, -15.997501371999931 ] ] ] } }
]
}
