{
"type": "FeatureCollection",
"name": "nepal",
"crs": { "type": "name", "properties": { "name": "urn:ogc:def:crs:OGC:1.3:CRS84" } },
"features": [
{ "type": "Feature", "properties": { "ISO": "NP-P1", "NAME_1": "Koshi" }, "geometry": { "type": "Polygon", "coordinates": [ [ [ 86.904094981448097, 26.488352423396439 ], [ 86.929858552056345, 26.48967849671752 ], [ 86.932706609560725, 26.516876982354944 ], [ 87.015285148582478, 26.53217174782624 ], [ 87.042325750480742, 26.568394235101692 ], [ 87.044642171859095, 26.58734243116001 ], [ 87.071782123798471, 26.58584646756497 ], [ 87.072670317328644, 26.542033621972333 ], [ 87.091510824453906, 26.450416378307899 ], [ 87.162481064229112, 26.404125507744858 ], [ 87.189046910180835, 26.405595837417113 ], [ 87.185924066129601, 26.414333209699986 ], [ 87.211336241567864, 26.413210245985525 ], [ 87.218915786409809, 26.403271742140159 ], [ 87.228778912625174, 26.413779122770276 ], [ 87.256257978552057, 26.411216384093642 ], [ 87.266143255384677, 26.405719158650204 ], [ 87.26588002885687, 26.373959292478329 ], [ 87.30132404960564, 26.36635406730791 ], [ 87.312334267432917, 26.371559180450586 ], [ 87.340974075974486, 26.347837177231423 ], [ 87.358307677600394, 26.361140820823305 ], [ 87.35638253294519, 26.388281990896822 ], [ 87.368677893881383, 26.40815228882472 ], [ 87.466164360509467, 26.44040387425186 ], [ 87.547530768085693, 26.418614382490876 ], [ 87.552824862444339, 26.405814837339637 ], [ 87.587758641053355, 26.392684279738166 ], [ 87.587073081024002, 26.382236736620474 ], [ 87.604602038105952, 26.380879787806002 ], [ 87.612114365967429, 26.390253356515867 ], [ 87.65183079658415, 26.393593767935087 ], [ 87.65025760519012, 26.405960291921698 ], [ 87.678319833458431, 26.415901112108966 ], [ 87.67766986515619, 26.435466402286188 ], [ 87.711132976161906, 26.427442003565407 ], [ 87.733639503387252, 26.407865477171683 ], [ 87.739092899022737, 26.417671472247385 ], [ 87.753798398092883, 26.40825486309194 ], [ 87.76709136476579, 26.411426824067142 ], [ 87.776211895625238, 26.422006005614445 ], [ 87.770498572308895, 26.427592482441781 ], [ 87.77776907613422, 26.435943012337574 ], [ 87.773838638168868, 26.450539300951746 ], [ 87.788923092772549, 26.469330438852225 ], [ 87.829665823690391, 26.450320814884616 ], [ 87.82818729845269, 26.440226975985706 ], [ 87.848650617727813, 26.436573220067473 ], [ 87.861373892726704, 26.449002683557701 ], [ 87.858104176305289, 26.463669352066102 ], [ 87.885560854644794, 26.476580411579491 ], [ 87.888091552370113, 26.486804633019673 ], [ 87.909619731265622, 26.457880839328315 ], [ 87.898689088391265, 26.448865425106248 ], [ 87.924810420992443, 26.445634423271141 ], [ 87.915963864027759, 26.431935826963457 ], [ 87.926017036231656, 26.427793553043227 ], [ 87.926779582999785, 26.418385819836015 ], [ 87.965769093655595, 26.397266659941682 ], [ 87.991619432533327, 26.392658148862846 ], [ 87.992455394553573, 26.369764894255944 ], [ 88.006862916956564, 26.361243140167311 ], [ 88.029988546355312, 26.365065849869353 ], [ 88.027157784953289, 26.381964586966813 ], [ 88.034270145126825, 26.392157645882282 ], [ 88.060059998678639, 26.409776835656746 ], [ 88.071370142976477, 26.408160429507156 ], [ 88.095816170883751, 26.439666706227257 ], [ 88.091895775760534, 26.463161164263376 ], [ 88.107224848282527, 26.47516677712677 ], [ 88.100292322222089, 26.47990692905142 ], [ 88.105747341060706, 26.489574064566071 ], [ 88.098707382556796, 26.50585415261865 ], [ 88.090334808315887, 26.507051084182798 ], [ 88.103103772654677, 26.518981781807398 ], [ 88.098345774161814, 26.53789093159736 ], [ 88.111516786824254, 26.545280030158995 ], [ 88.105411595319055, 26.561020616567607 ], [ 88.113402562886165, 26.558377115964074 ], [ 88.113175960854889, 26.572578193436886 ], [ 88.130069013681563, 26.573562040375357 ], [ 88.129895534196663, 26.601393311399114 ], [ 88.139136532007157, 26.60689962709694 ], [ 88.142015295919094, 26.625879407872645 ], [ 88.160481423958942, 26.636659621471036 ], [ 88.167148012118574, 26.699646462232753 ], [ 88.182041828321104, 26.719565880899104 ], [ 88.187961439157931, 26.771742517313964 ], [ 88.17424617246391, 26.83355451381335 ], [ 88.167547939059617, 26.837777274074579 ], [ 88.173524095746501, 26.865538404508403 ], [ 88.136383504197141, 26.898747203169126 ], [ 88.146040496095026, 26.921053437195788 ], [ 88.120464874309363, 26.950477213663852 ], [ 88.122562193050243, 26.968395439485196 ], [ 88.135545572597778, 26.984926673869566 ], [ 88.092262839127216, 27.004552975611894 ], [ 88.077628273480727, 27.035386700326768 ], [ 88.059697734626198, 27.029144415135598 ], [ 88.037634166650363, 27.03665741556603 ], [ 88.016265264261051, 27.073849895463319 ], [ 88.021106381174874, 27.0877562065929 ], [ 88.003409099291119, 27.104478418009165 ], [ 87.991621477169787, 27.105482675146195 ], [ 87.98743101327949, 27.119379070041152 ], [ 88.019362937342592, 27.171062384671039 ], [ 88.012472053811564, 27.177603434618831 ], [ 88.012174327073055, 27.216078620746725 ], [ 88.030858931139022, 27.250078737856946 ], [ 88.031718229010337, 27.286284203305968 ], [ 88.04480648315112, 27.293772352519998 ], [ 88.041524224109892, 27.304409858515566 ], [ 88.06661079757373, 27.335976118619335 ], [ 88.041682062535415, 27.372086797808105 ], [ 88.050554766730485, 27.412984994946118 ], [ 88.080229645639491, 27.429884564211541 ], [ 88.067959913368554, 27.438387650776281 ], [ 88.067050696903735, 27.45795516395901 ], [ 88.043963022410793, 27.478557045014814 ], [ 88.04374332797957, 27.496043566834317 ], [ 88.061550509706933, 27.512173043027857 ], [ 88.05742453408466, 27.517968892833728 ], [ 88.067190567387442, 27.526379460693324 ], [ 88.059006986354888, 27.535161847492255 ], [ 88.08105104544353, 27.564898768385188 ], [ 88.075200759786142, 27.572123022512681 ], [ 88.081970261167214, 27.585058635601182 ], [ 88.11366665999978, 27.610680412367159 ], [ 88.120064498049828, 27.645631329917929 ], [ 88.144622391135286, 27.665689837953494 ], [ 88.154781034896303, 27.690735197534195 ], [ 88.147456007496501, 27.703037162332407 ], [ 88.15626649488928, 27.73660743049744 ], [ 88.1785520330086, 27.747096990855411 ], [ 88.181267363360817, 27.775950246680946 ], [ 88.197290918727418, 27.790886670144484 ], [ 88.173130662239188, 27.820536405920226 ], [ 88.201260215936287, 27.83752087852023 ], [ 88.196028115554014, 27.854366290852106 ], [ 88.178343172921004, 27.856767616693045 ], [ 88.13490047847732, 27.881773704543519 ], [ 88.095808106163602, 27.867254683536881 ], [ 88.084149819963372, 27.895548771834104 ], [ 88.064442234417228, 27.88638514561729 ], [ 88.03007343148002, 27.905950826004457 ], [ 88.021592634735612, 27.896669611918576 ], [ 88.002417785982047, 27.898157180526557 ], [ 87.984844931128208, 27.886002236393082 ], [ 87.932176411538876, 27.917946038915947 ], [ 87.865900041146944, 27.910834358711153 ], [ 87.854022163801758, 27.92879448165289 ], [ 87.85697944555686, 27.948022395425713 ], [ 87.831805990662829, 27.952923487743988 ], [ 87.824691571555107, 27.92022650371382 ], [ 87.813568244124937, 27.9215154308888 ], [ 87.784600237312446, 27.899422785281022 ], [ 87.775411693050671, 27.878001386424284 ], [ 87.77865086937625, 27.865946890252911 ], [ 87.766170522924057, 27.859575659852677 ], [ 87.753428431158525, 27.83596801396952 ], [ 87.743784956927726, 27.835237462040759 ], [ 87.736323514865973, 27.813063723411624 ], [ 87.725353064959322, 27.805344954061034 ], [ 87.698656388178975, 27.81223066113051 ], [ 87.665466282015345, 27.80692113986796 ], [ 87.665081826834054, 27.836478388153591 ], [ 87.635818195300445, 27.834427777506022 ], [ 87.611470183168734, 27.810622687406262 ], [ 87.601512424493123, 27.821148507182862 ], [ 87.589495947623064, 27.820435474396003 ], [ 87.586354350100308, 27.852890037815399 ], [ 87.562434017703211, 27.86708602313373 ], [ 87.552131907988425, 27.865209937390528 ], [ 87.535958160779757, 27.843197217520874 ], [ 87.49009789043923, 27.846517328477905 ], [ 87.449800282729768, 27.82235779588127 ], [ 87.40361986021442, 27.834115341999389 ], [ 87.43175730067945, 27.842443492880424 ], [ 87.418578182691903, 27.862546028888911 ], [ 87.373845119399078, 27.845351550398441 ], [ 87.357610146144552, 27.827870744618242 ], [ 87.317866269407617, 27.825783954258497 ], [ 87.303607915012975, 27.843486621514543 ], [ 87.260444828644182, 27.850984169706443 ], [ 87.238651819128336, 27.839514668635321 ], [ 87.225673721396404, 27.819756314760461 ], [ 87.171936537404804, 27.821151281114933 ], [ 87.11590556148802, 27.840376246422291 ], [ 87.107176853007473, 27.874975509367413 ], [ 87.088823394976103, 27.88265512047985 ], [ 87.078276710261704, 27.915707984961358 ], [ 87.053383349963269, 27.926633125439057 ], [ 87.039132300308424, 27.950436121498303 ], [ 87.01571939231782, 27.957739548353498 ], [ 86.982371830617893, 27.949576426617885 ], [ 86.934411278648057, 27.962016080737051 ], [ 86.925351254483573, 27.987889733575106 ], [ 86.889923888903439, 27.996974162302227 ], [ 86.867427326422472, 28.025264481870479 ], [ 86.852044417431301, 28.027710237952153 ], [ 86.835819767388074, 28.015350677523326 ], [ 86.802679373913591, 28.023618721706054 ], [ 86.790097258996425, 28.01893666590907 ], [ 86.773338091297973, 28.038071468081373 ], [ 86.752918217707304, 28.03793474258006 ], [ 86.746866665898892, 28.050567128718853 ], [ 86.764931244742755, 28.074629297483217 ], [ 86.750846819360561, 28.081348008012295 ], [ 86.738278777543286, 28.103784275291805 ], [ 86.689098014367957, 28.108667649265513 ], [ 86.663617860139667, 28.097988029249535 ], [ 86.65794886239884, 28.081102815110821 ], [ 86.635552545897013, 28.07070309961081 ], [ 86.608357443644167, 28.076018080233283 ], [ 86.602484135338045, 28.101923843072143 ], [ 86.576424007460545, 28.112880400054948 ], [ 86.563291528592373, 28.108293204267614 ], [ 86.566857428174302, 28.091848553359348 ], [ 86.558608328197067, 28.077875035132884 ], [ 86.565340953670827, 28.06899394972103 ], [ 86.548896527589363, 28.050761168387947 ], [ 86.533666237823567, 28.04719978129831 ], [ 86.512837185132256, 27.984759508256854 ], [ 86.520150266859162, 27.974370940461529 ], [ 86.512166537913586, 27.967254125415955 ], [ 86.521732562382965, 27.940435192837597 ], [ 86.533724573316306, 27.942116502671293 ], [ 86.547803042616948, 27.930458604341446 ], [ 86.5544358990402, 27.90892495913419 ], [ 86.554102967036073, 27.857147143486181 ], [ 86.540352897629958, 27.814877678057073 ], [ 86.567083313027879, 27.804007989666967 ], [ 86.56398735475311, 27.769613817714273 ], [ 86.57276297181393, 27.754599122328656 ], [ 86.56288757136015, 27.749347356292933 ], [ 86.550962734156485, 27.710879078424995 ], [ 86.540256093205656, 27.701616029712348 ], [ 86.538034197020167, 27.670312530808459 ], [ 86.526218121585075, 27.650415535141381 ], [ 86.507177771667699, 27.640602266936622 ], [ 86.492498409113381, 27.613749716266906 ], [ 86.434791431401138, 27.61028902823384 ], [ 86.413454554292258, 27.586807876977758 ], [ 86.376640470390868, 27.568419443590638 ], [ 86.354945820277564, 27.524860886869501 ], [ 86.338277171986618, 27.520082839838381 ], [ 86.292066862688444, 27.470403284327134 ], [ 86.263749193915828, 27.456157257942973 ], [ 86.222001060645695, 27.382095074089609 ], [ 86.21566185643816, 27.333581841656422 ], [ 86.237225862966653, 27.306129581320938 ], [ 86.240605286302937, 27.288785928307796 ], [ 86.21381559110975, 27.268927114277979 ], [ 86.203580825075079, 27.250270723789356 ], [ 86.230122931872472, 27.237429746129393 ], [ 86.266303195760074, 27.261084945849358 ], [ 86.266663805803859, 27.253650111562557 ], [ 86.294928302360148, 27.238441125237063 ], [ 86.340984661362569, 27.229024115788551 ], [ 86.34357531476158, 27.202869664573473 ], [ 86.379023443125675, 27.193294988560979 ], [ 86.3898629959331, 27.17993985517996 ], [ 86.367912948006136, 27.140638462657254 ], [ 86.343032060132188, 27.147349697787298 ], [ 86.326212525516127, 27.110962947605415 ], [ 86.306430905993992, 27.108899108827831 ], [ 86.323083434821029, 27.09912231662511 ], [ 86.341190037726847, 27.106500970129858 ], [ 86.362624069915071, 27.099550946917528 ], [ 86.34608131159284, 27.066078315213552 ], [ 86.363293877232636, 27.0540833539925 ], [ 86.366987868041065, 27.037571874740962 ], [ 86.382623016011607, 27.031490425870892 ], [ 86.374040996494472, 27.02332269081899 ], [ 86.365719645752947, 26.98160511062634 ], [ 86.352980788693642, 26.96461058400299 ], [ 86.315035080593162, 26.963454362054083 ], [ 86.283471435174789, 26.949192779778311 ], [ 86.25800195392064, 26.912868436445134 ], [ 86.246247191815854, 26.915116729840268 ], [ 86.241796971642387, 26.905532563766403 ], [ 86.224201928711693, 26.903843982689672 ], [ 86.221436356373232, 26.888602594132731 ], [ 86.157489100150286, 26.929987626240081 ], [ 86.155924720072377, 26.918973948352221 ], [ 86.246865924756264, 26.863847701941793 ], [ 86.287532394041094, 26.886706239375865 ], [ 86.366043382109567, 26.872564611371157 ], [ 86.38444708901676, 26.909380861664832 ], [ 86.418443531229613, 26.906345639110043 ], [ 86.457129945887459, 26.887391961679707 ], [ 86.479555810937882, 26.888557174289097 ], [ 86.479948938977444, 26.871055161011846 ], [ 86.504766144017339, 26.856082335665299 ], [ 86.512529836540779, 26.840449219260737 ], [ 86.517754970266722, 26.843287744585204 ], [ 86.519635721296311, 26.831562621527137 ], [ 86.552020238977477, 26.835238656250006 ], [ 86.553471852679905, 26.814878285428591 ], [ 86.530128138671657, 26.791210973325413 ], [ 86.538560147591284, 26.7831062044589 ], [ 86.563891807326996, 26.791091053973368 ], [ 86.566594542842068, 26.780969801691437 ], [ 86.577871127218813, 26.784438313317121 ], [ 86.553180833770654, 26.745976839564641 ], [ 86.573924644264608, 26.739582501511023 ], [ 86.572080557695585, 26.722357296842922 ], [ 86.586399048487863, 26.696472061877358 ], [ 86.601893710937475, 26.699885398619369 ], [ 86.610529003153317, 26.68907786726583 ], [ 86.616300813083342, 26.695123123037209 ], [ 86.627402037936392, 26.690046068291867 ], [ 86.63378496786801, 26.698547366941227 ], [ 86.656602710408094, 26.691530056932049 ], [ 86.664910296335265, 26.704488998234101 ], [ 86.684825676641339, 26.688104647598323 ], [ 86.706271426080917, 26.707173463217529 ], [ 86.736950953781815, 26.712333406922792 ], [ 86.753140524925641, 26.686305903508959 ], [ 86.799956071518707, 26.712673137864648 ], [ 86.814278003379641, 26.707786811952101 ], [ 86.823915048629445, 26.714340901883329 ], [ 86.837557560609028, 26.709855340480715 ], [ 86.840459940401871, 26.691799223042974 ], [ 86.84825568912116, 26.691322586122972 ], [ 86.86566816702863, 26.700653065289377 ], [ 86.871293233973589, 26.713157503537747 ], [ 86.884951732544934, 26.712108579628623 ], [ 86.911161423140626, 26.739946464208483 ], [ 86.908694580784655, 26.759294975150649 ], [ 86.922109811737272, 26.766390833655862 ], [ 86.932510071060108, 26.740730012692264 ], [ 86.948829885134103, 26.732202479088397 ], [ 86.967085689271869, 26.735701048992038 ], [ 86.990521386517429, 26.698224986063749 ], [ 87.009998151402314, 26.710886651165222 ], [ 87.013514973414445, 26.671542781484774 ], [ 86.978840207920555, 26.625236361744502 ], [ 86.989407246611847, 26.606006725337043 ], [ 86.982539117514222, 26.586359950400659 ], [ 86.992340399211059, 26.572123738174891 ], [ 86.963636264265602, 26.544638085379233 ], [ 86.933289868547632, 26.533619279306738 ], [ 86.904094981448097, 26.488352423396439 ] ] ] } },
{ "type": "Feature", "properties": { "ISO": "NP-P2", "NAME_1": "Madhesh" }, "geometry": { "type": "Polygon", "coordinates": [ [ [ 86.256460366291336, 26.911754697039683 ], [ 86.255417447490998, 26.932451664241043 ], [ 86.187578145112397, 26.982450864824941 ], [ 86.106402326764638, 27.015242676911804 ], [ 85.991668074595779, 27.024848988869167 ], [ 85.970902191918242, 27.05097064484309 ], [ 85.962013385958372, 27.079850751149767 ], [ 85.944129914031905, 27.09208174641071 ], [ 85.938129345086907, 27.121437480243195 ], [ 85.883022177207323, 27.146410229849028 ], [ 85.862468266917404, 27.127171349741754 ], [ 85.835655059905292, 27.147092453059916 ], [ 85.843550385851557, 27.159936628919745 ], [ 85.830688736681083, 27.167176087327761 ], [ 85.808996694143744, 27.161689405575348 ], [ 85.723654265856169, 27.19524302468081 ], [ 85.694892143596448, 27.184099358066486 ], [ 85.62976964134927, 27.137429698797746 ], [ 85.58070788650295, 27.143951699467692 ], [ 85.571085475853906, 27.137074717504746 ], [ 85.568919755232827, 27.143504923449459 ], [ 85.553554581038597, 27.146805880297855 ], [ 85.546786845113488, 27.140644694118357 ], [ 85.53665513377608, 27.148859613505888 ], [ 85.528095053415683, 27.14040710146142 ], [ 85.501036730681463, 27.143552073261539 ], [ 85.489520333702799, 27.154613527129545 ], [ 85.503958008873539, 27.163460785227844 ], [ 85.500943031519824, 27.175782326570278 ], [ 85.472268891461212, 27.16189972664003 ], [ 85.452924613880867, 27.168429520928548 ], [ 85.448103690215731, 27.18678905806377 ], [ 85.397285339759094, 27.197675709513849 ], [ 85.393486458359391, 27.210423949223113 ], [ 85.359651463250799, 27.210806060665167 ], [ 85.348749482174384, 27.222184870364089 ], [ 85.307395479415987, 27.23184034854431 ], [ 85.261912630047959, 27.226660210981301 ], [ 85.242451062194647, 27.248799611840589 ], [ 85.231797822251821, 27.243400111268542 ], [ 85.179143468303067, 27.248462697448232 ], [ 85.180960044315754, 27.254590802957097 ], [ 85.155995055372401, 27.262140670505019 ], [ 85.144783557333355, 27.282989192808277 ], [ 85.126637630854503, 27.29263041845304 ], [ 85.116795737837819, 27.317917188525819 ], [ 85.103919076895295, 27.320248588028178 ], [ 85.086566740592147, 27.361143967138286 ], [ 85.056175721039622, 27.365675143496595 ], [ 85.024563030353107, 27.358704580152388 ], [ 85.0214960656388, 27.352100686013646 ], [ 85.003978298378811, 27.352870715870381 ], [ 84.99888040749687, 27.365591496418251 ], [ 84.971913484023162, 27.35514844406827 ], [ 84.951790967493025, 27.367012502005117 ], [ 84.944954566178936, 27.360243001010158 ], [ 84.926235957159989, 27.364233287670871 ], [ 84.908457861515217, 27.377264591108464 ], [ 84.90081947577707, 27.374985738591025 ], [ 84.876728085866617, 27.397669640718735 ], [ 84.851894161016048, 27.398574794888955 ], [ 84.840398985734112, 27.414810283965981 ], [ 84.810126399304721, 27.415986705488983 ], [ 84.790944133536811, 27.437758827316305 ], [ 84.755315131787469, 27.435727392416766 ], [ 84.726073323668771, 27.444686633113356 ], [ 84.71893315367403, 27.431265165356642 ], [ 84.647664057100755, 27.429141688688386 ], [ 84.64297934618213, 27.442915315930804 ], [ 84.628280823914395, 27.450877061329468 ], [ 84.575857574947776, 27.453982598318397 ], [ 84.56165334151973, 27.463036315612428 ], [ 84.548356908559072, 27.418031281395734 ], [ 84.532486014972676, 27.414424110875114 ], [ 84.546236003311435, 27.408222568171674 ], [ 84.534729148362587, 27.401800592566513 ], [ 84.539668238748163, 27.385919782961786 ], [ 84.50408197532991, 27.381179226669349 ], [ 84.483946483934005, 27.3664309926958 ], [ 84.490111216647918, 27.357445143956745 ], [ 84.622374946459615, 27.336367938828975 ], [ 84.689568872170227, 27.223548834623255 ], [ 84.68054275265365, 27.200725115033055 ], [ 84.685392681021781, 27.180888651896957 ], [ 84.675275706290549, 27.170969258077061 ], [ 84.686762366770054, 27.158580355837309 ], [ 84.676992110978532, 27.115245018370953 ], [ 84.66991157321516, 27.110459338736579 ], [ 84.67465965178161, 27.096517219754251 ], [ 84.646328160775511, 27.07563221499878 ], [ 84.642783244607514, 27.046520825000986 ], [ 84.756762248792768, 27.002898151342439 ], [ 84.77307681369453, 27.017879752132579 ], [ 84.788796913994787, 27.008992848631198 ], [ 84.786307378305679, 26.998577927399854 ], [ 84.79357597442015, 26.99586103144776 ], [ 84.812057624206062, 27.020832776358816 ], [ 84.82558752724151, 27.020968471745675 ], [ 84.854699440127419, 27.008272116208619 ], [ 84.85010498308371, 26.998432984641539 ], [ 84.857809420055375, 26.99775903961444 ], [ 84.856085174520899, 26.986600631792943 ], [ 84.888569137061879, 26.977566001578381 ], [ 84.891449342284986, 26.969869543912012 ], [ 84.962321951690029, 26.960540848105964 ], [ 84.978276181226278, 26.940343142971511 ], [ 84.967622858413407, 26.916310116917206 ], [ 84.99952011893339, 26.912231850451619 ], [ 85.002212497506903, 26.903460546588342 ], [ 84.992734127697474, 26.902958944162958 ], [ 85.003884814284433, 26.895145437202686 ], [ 85.060242379197248, 26.886996850632489 ], [ 85.048377284125635, 26.885266819853076 ], [ 85.052237729385439, 26.881321230689924 ], [ 85.0416961171357, 26.874639410838753 ], [ 85.029284609047394, 26.875328280787571 ], [ 85.022025519080316, 26.85492973152142 ], [ 85.057419356367902, 26.849222788252991 ], [ 85.057922031608015, 26.856145868845342 ], [ 85.06466081911158, 26.856903031336628 ], [ 85.063958487128914, 26.849721971542134 ], [ 85.078280493129057, 26.858850758158731 ], [ 85.087218621981279, 26.852940797444553 ], [ 85.086703158947643, 26.86743918810107 ], [ 85.111153600315532, 26.872510681622181 ], [ 85.189872687163827, 26.870146121808979 ], [ 85.191181585147064, 26.83128259406331 ], [ 85.17676008382837, 26.809731906220581 ], [ 85.180355632370492, 26.795812447573649 ], [ 85.193375150447409, 26.790628984957628 ], [ 85.197135307780172, 26.769995311907795 ], [ 85.211783745892461, 26.75795323368656 ], [ 85.240234750657024, 26.76195344928836 ], [ 85.334520730629023, 26.741585359598169 ], [ 85.355297329592219, 26.76032902661769 ], [ 85.37524452197205, 26.760721181617541 ], [ 85.40771248087519, 26.791293611670188 ], [ 85.454739505694306, 26.781929249703627 ], [ 85.477601302866745, 26.792524111611428 ], [ 85.479806131852342, 26.802412146927331 ], [ 85.495857260631965, 26.797061250251712 ], [ 85.497755277415138, 26.812112510449669 ], [ 85.519802780463763, 26.814471839920763 ], [ 85.542988768594014, 26.838442211983324 ], [ 85.553403048598838, 26.834375301740511 ], [ 85.557638113179593, 26.844074697336026 ], [ 85.565704367852305, 26.841009472951622 ], [ 85.575327957399281, 26.861109471538668 ], [ 85.583760161869904, 26.858211613440524 ], [ 85.585180631302592, 26.847249795207762 ], [ 85.623466716256516, 26.87364100916794 ], [ 85.63440224841861, 26.872287367963377 ], [ 85.64236033641447, 26.853292803201668 ], [ 85.679402429856268, 26.843752494209674 ], [ 85.720699677188989, 26.820604396585644 ], [ 85.734433562437275, 26.795929737551024 ], [ 85.728725101864583, 26.75005913726476 ], [ 85.734083652319256, 26.737501458146774 ], [ 85.723354876904608, 26.686892443271415 ], [ 85.725445493631923, 26.67047217640221 ], [ 85.736464994727172, 26.664009360827379 ], [ 85.734172186190747, 26.650591259068147 ], [ 85.769293822443018, 26.629997452060984 ], [ 85.801396681090949, 26.62433977953788 ], [ 85.81751319370683, 26.602813998539926 ], [ 85.830622130315803, 26.601697121194924 ], [ 85.831204611391328, 26.611365778531628 ], [ 85.850995585435825, 26.608580156309767 ], [ 85.85776801013597, 26.589988277612907 ], [ 85.849132806740556, 26.56892793129661 ], [ 85.887783667455921, 26.583247044091554 ], [ 85.891699868882398, 26.594484930685375 ], [ 85.927160313468434, 26.609711850730392 ], [ 85.92854130869118, 26.616570394025715 ], [ 85.947994330863239, 26.6135610997068 ], [ 85.960190166523304, 26.651411338669256 ], [ 85.975898478772351, 26.658283238836621 ], [ 86.009819516144844, 26.653974733276705 ], [ 86.027002579980376, 26.666736014648052 ], [ 86.067987538622262, 26.657930961356602 ], [ 86.119387590316364, 26.630091629085967 ], [ 86.138457314547409, 26.628996662331961 ], [ 86.136035897952709, 26.606600155752691 ], [ 86.171555180587788, 26.61718443313169 ], [ 86.192253909979442, 26.614749112768774 ], [ 86.195648567637377, 26.594428392173462 ], [ 86.217285560072952, 26.588492582986856 ], [ 86.23442053024749, 26.590842283782379 ], [ 86.252159808799931, 26.617132327857217 ], [ 86.333290021657362, 26.619009131778249 ], [ 86.344821879053853, 26.616806141675454 ], [ 86.340911482406767, 26.606071831700564 ], [ 86.396906391457179, 26.59360004499289 ], [ 86.394976815461604, 26.585190751089431 ], [ 86.455491296922162, 26.568158752133805 ], [ 86.497301269477902, 26.542370836040273 ], [ 86.541840186698408, 26.538538042402276 ], [ 86.570269299656317, 26.496545445526284 ], [ 86.620606078477664, 26.484439161634072 ], [ 86.633373519537955, 26.464593862232878 ], [ 86.693366576257901, 26.451242787554932 ], [ 86.699811152218899, 26.437425478843604 ], [ 86.720139942801552, 26.434934726594754 ], [ 86.73092343036312, 26.422383628883374 ], [ 86.747033838097138, 26.428575985258295 ], [ 86.74398453731331, 26.435024557420881 ], [ 86.76628601298502, 26.459364681684594 ], [ 86.833429420989006, 26.439085651117889 ], [ 86.846845997267366, 26.44196206529087 ], [ 86.860954404026529, 26.457628686418577 ], [ 86.872948236494722, 26.454114946944486 ], [ 86.893742627212518, 26.461976113886074 ], [ 86.891623331003998, 26.486150028434182 ], [ 86.916245129913818, 26.501462173220634 ], [ 86.926478961356878, 26.526609025608188 ], [ 86.964317666202163, 26.545098618799202 ], [ 86.992340399211059, 26.572123738174891 ], [ 86.982539117514222, 26.586359950400659 ], [ 86.989407246611847, 26.606006725337043 ], [ 86.978840207920555, 26.625236361744502 ], [ 87.013391502975637, 26.670908709853322 ], [ 87.009998151402314, 26.710886651165222 ], [ 86.990521386517429, 26.698224986063749 ], [ 86.967085689271869, 26.735701048992038 ], [ 86.948829885134103, 26.732202479088397 ], [ 86.932510071060108, 26.740730012692264 ], [ 86.922109811737272, 26.766390833655862 ], [ 86.908694580784655, 26.759294975150649 ], [ 86.911161423140626, 26.739946464208483 ], [ 86.884951732544934, 26.712108579628623 ], [ 86.871293233973589, 26.713157503537747 ], [ 86.86566816702863, 26.700653065289377 ], [ 86.84825568912116, 26.691322586122972 ], [ 86.840459940401871, 26.691799223042974 ], [ 86.837557560609028, 26.709855340480715 ], [ 86.823915048629445, 26.714340901883329 ], [ 86.814278003379641, 26.707786811952101 ], [ 86.799956071518707, 26.712673137864648 ], [ 86.753140524925641, 26.686305903508959 ], [ 86.736950953781815, 26.712333406922792 ], [ 86.706271426080917, 26.707173463217529 ], [ 86.684825676641339, 26.688104647598323 ], [ 86.664910296335265, 26.704488998234101 ], [ 86.656602710408094, 26.691530056932049 ], [ 86.63378496786801, 26.698547366941227 ], [ 86.627402037936392, 26.690046068291867 ], [ 86.616300813083342, 26.695123123037209 ], [ 86.610529003153317, 26.68907786726583 ], [ 86.601893710937475, 26.699885398619369 ], [ 86.586399048487863, 26.696472061877358 ], [ 86.572080557695585, 26.722357296842922 ], [ 86.573924644264608, 26.739582501511023 ], [ 86.553180833770654, 26.745976839564641 ], [ 86.577871127218813, 26.784438313317121 ], [ 86.566594542842068, 26.780969801691437 ], [ 86.563891807326996, 26.791091053973368 ], [ 86.538560147591284, 26.7831062044589 ], [ 86.530128138671657, 26.791210973325413 ], [ 86.553471852679905, 26.814878285428591 ], [ 86.552020238977477, 26.835238656250006 ], [ 86.519635721296311, 26.831562621527137 ], [ 86.517754970266722, 26.843287744585204 ], [ 86.512529836540779, 26.840449219260737 ], [ 86.504766144017339, 26.856082335665299 ], [ 86.479948938977444, 26.871055161011846 ], [ 86.479555810937882, 26.888557174289097 ], [ 86.457129945887459, 26.887391961679707 ], [ 86.418443531229613, 26.906345639110043 ], [ 86.38444708901676, 26.909380861664832 ], [ 86.366043382109567, 26.872564611371157 ], [ 86.287532394041094, 26.886706239375865 ], [ 86.246865924756264, 26.863847701941793 ], [ 86.155924720072377, 26.918973948352221 ], [ 86.157813163824486, 26.921857599937706 ], [ 86.156246783454094, 26.925970647539934 ], [ 86.157489100150286, 26.929987626240081 ], [ 86.220998227532306, 26.888507658221826 ], [ 86.224201928711693, 26.903843982689672 ], [ 86.241796971642387, 26.905532563766403 ], [ 86.246247191815854, 26.915116729840268 ], [ 86.256460366291336, 26.911754697039683 ] ] ] } },
{ "type": "Feature", "properties": { "ISO": "NP-P3", "NAME_1": "Bagmati" }, "geometry": { "type": "Polygon", "coordinates": [ [ [ 86.515569826480203, 27.956621698590506 ], [ 86.469384260810585, 27.946201822651545 ], [ 86.469882303227891, 27.930045340136864 ], [ 86.442457262877411, 27.905724224529674 ], [ 86.41075610254785, 27.906585033443204 ], [ 86.381317287942736, 27.937870158102452 ], [ 86.347945313785701, 27.937574042826625 ], [ 86.335334493880097, 27.96509448372985 ], [ 86.318771429451331, 27.947880738590651 ], [ 86.304051386054667, 27.955592854522809 ], [ 86.288780584990647, 27.978395984287157 ], [ 86.2331951899084, 27.974212459937014 ], [ 86.220074447151319, 28.010050393850133 ], [ 86.224825252301144, 28.033070973218937 ], [ 86.204177294573654, 28.084015666863646 ], [ 86.207745096417113, 28.094344050795598 ], [ 86.222519552101858, 28.095770866502761 ], [ 86.21984405504061, 28.111658329774901 ], [ 86.197190458844744, 28.138274732998426 ], [ 86.197308295506019, 28.156350483814713 ], [ 86.186726674627039, 28.174175697198539 ], [ 86.173853692436396, 28.168269193431509 ], [ 86.178105112375505, 28.143571363249603 ], [ 86.142015951339189, 28.126080750012658 ], [ 86.130198330293211, 28.100139190316646 ], [ 86.117852027062085, 28.091399575136251 ], [ 86.092133658660515, 28.097826055731392 ], [ 86.082780981590901, 28.090932763643487 ], [ 86.094854897314448, 28.061867896541216 ], [ 86.087511264944013, 28.049354956714588 ], [ 86.090473601306144, 28.033196960132024 ], [ 86.079389718768269, 28.020367734286349 ], [ 86.103586124933543, 27.984217207938773 ], [ 86.107141647418658, 27.955873187316662 ], [ 86.123665278571551, 27.941606186314633 ], [ 86.12398304012261, 27.92764331992089 ], [ 86.066503228549351, 27.91109682049224 ], [ 86.064821757607035, 27.899753433982042 ], [ 85.988389762580482, 27.9176969595397 ], [ 85.948278468336056, 27.94207459095184 ], [ 85.978302828714618, 27.987896173409649 ], [ 85.977140729480311, 27.996715111372755 ], [ 85.900903064168887, 28.053894235894592 ], [ 85.898050935968755, 28.109077784251504 ], [ 85.870129122370273, 28.12377104815382 ], [ 85.871952683593406, 28.144447654688729 ], [ 85.85130698443038, 28.167195628631127 ], [ 85.84851942245497, 28.18417461268449 ], [ 85.828939558662213, 28.185066512290287 ], [ 85.8156906652451, 28.203369136558834 ], [ 85.800013392268866, 28.196419934078616 ], [ 85.776377382549839, 28.208606308696037 ], [ 85.748859263631275, 28.238169986973851 ], [ 85.733058396455974, 28.291296732793725 ], [ 85.737245235201684, 28.319270901745561 ], [ 85.727534876933035, 28.328857870215622 ], [ 85.732267146666629, 28.339352750708702 ], [ 85.719935596518269, 28.359476097371672 ], [ 85.724324212529027, 28.373369665147663 ], [ 85.711482072827806, 28.386284715342079 ], [ 85.683920313033781, 28.382477591897917 ], [ 85.686194031179156, 28.346956157329625 ], [ 85.665749408249312, 28.348036713296413 ], [ 85.653760783027522, 28.317475774747535 ], [ 85.660724797268117, 28.302972390857512 ], [ 85.608688815886779, 28.256882242806796 ], [ 85.598973248010196, 28.279263305178304 ], [ 85.600600305868184, 28.304363313789072 ], [ 85.561754092912821, 28.309831040649204 ], [ 85.506528280215221, 28.33401380000063 ], [ 85.458003721489931, 28.337029213520577 ], [ 85.415387530833755, 28.327135836015486 ], [ 85.41203831323277, 28.308362730352741 ], [ 85.377641949446073, 28.278584792326985 ], [ 85.348264516023605, 28.288503093630624 ], [ 85.348197245202073, 28.301713209083204 ], [ 85.340373049851763, 28.303969311911462 ], [ 85.303571611364873, 28.289916037282875 ], [ 85.272910792091935, 28.287791598952378 ], [ 85.270473976342089, 28.297401250007312 ], [ 85.25477781103848, 28.294471818352246 ], [ 85.241456402710241, 28.317827982627691 ], [ 85.20245410670006, 28.340669581346901 ], [ 85.181285954356696, 28.324283531184644 ], [ 85.120773450564087, 28.335770745627769 ], [ 85.107955679212552, 28.346604114416692 ], [ 85.080549591333991, 28.345883356192434 ], [ 85.04612385635626, 28.325104741994362 ], [ 85.032718977482276, 28.30284454477658 ], [ 85.037993253464819, 28.291890686613751 ], [ 85.027349735731633, 28.261679378965763 ], [ 85.001065478680573, 28.252767448255188 ], [ 84.998667786024924, 28.241246142239724 ], [ 84.991604715939701, 28.244706212889163 ], [ 84.962081302576706, 28.212747945771788 ], [ 84.973854136962771, 28.190281484740378 ], [ 84.95724481064336, 28.155549051694788 ], [ 84.956912570776609, 28.126761090891648 ], [ 84.92881725079522, 28.126320428250356 ], [ 84.918135513913981, 28.103422142166252 ], [ 84.900430675102001, 28.106691124729945 ], [ 84.892449748008787, 28.099970855225806 ], [ 84.869368397882809, 28.120470316222526 ], [ 84.843738078043344, 28.116321468521868 ], [ 84.809500969068978, 28.037989515807478 ], [ 84.811329433794114, 28.002944841434481 ], [ 84.790152909965599, 27.997992077753292 ], [ 84.784066514724003, 27.983299435348449 ], [ 84.771630536373024, 27.97735515071286 ], [ 84.774721308829356, 27.971393051071331 ], [ 84.745881491688564, 27.960096178893195 ], [ 84.732010582962815, 27.925837682740777 ], [ 84.735765244030247, 27.892878846374359 ], [ 84.749241527438812, 27.88611241962537 ], [ 84.756033550721426, 27.861774976541355 ], [ 84.765094709572651, 27.859311029184976 ], [ 84.781952951905168, 27.813489932209549 ], [ 84.773084599666973, 27.808653165737116 ], [ 84.762642731368643, 27.81823876186726 ], [ 84.730841836482796, 27.795605865727069 ], [ 84.685059806294177, 27.810342879033779 ], [ 84.661161608685035, 27.828889704132962 ], [ 84.660000032084, 27.849985593033363 ], [ 84.635496204112627, 27.860377268672849 ], [ 84.620903366944461, 27.880539092359612 ], [ 84.608564057570334, 27.871625954994858 ], [ 84.590732700320942, 27.879836871562407 ], [ 84.580537474343245, 27.874395516245151 ], [ 84.576326123170432, 27.863606238064754 ], [ 84.558787563230709, 27.857965849333496 ], [ 84.555176042990581, 27.835815984522252 ], [ 84.521961647971338, 27.832331219537974 ], [ 84.517098424891657, 27.816159293838929 ], [ 84.445098043446407, 27.822916940659571 ], [ 84.432333563311843, 27.812743788257809 ], [ 84.431274833983281, 27.786888859447895 ], [ 84.460596571771788, 27.77373093862591 ], [ 84.471982255642345, 27.754097451463476 ], [ 84.450560310215053, 27.759353645612659 ], [ 84.437052925501945, 27.742847741326898 ], [ 84.422042385952295, 27.741335333581585 ], [ 84.429984286070919, 27.7050647946457 ], [ 84.378886154339014, 27.681345338078543 ], [ 84.343715792877916, 27.702316280343709 ], [ 84.257918731929877, 27.651143593134698 ], [ 84.206679270804329, 27.638804179939285 ], [ 84.135268348600263, 27.584590184144222 ], [ 84.114713855920726, 27.553347696314489 ], [ 84.050602431679025, 27.556544633861279 ], [ 84.031175374973586, 27.537265709091493 ], [ 83.970409694985648, 27.550603099121059 ], [ 83.948475740680109, 27.540231146874369 ], [ 83.924451598817683, 27.544642579845689 ], [ 83.918773131868235, 27.533084851677568 ], [ 83.925645560169684, 27.514785419162855 ], [ 83.9419288777747, 27.515788257019768 ], [ 83.953042432205905, 27.527597480639578 ], [ 83.969499223098694, 27.51542694996466 ], [ 83.963533168990821, 27.50388446529724 ], [ 83.938754563591075, 27.491587832682914 ], [ 83.944603204484793, 27.465847804203467 ], [ 83.93122446900972, 27.449634568920981 ], [ 83.945952046551454, 27.441224921393161 ], [ 83.966113643586212, 27.44666229160682 ], [ 83.977580820448125, 27.43938111825582 ], [ 83.996185973949437, 27.446228650882222 ], [ 84.027221840066346, 27.433703304423961 ], [ 84.031725405212271, 27.441696588854953 ], [ 84.052093370274136, 27.442814166434278 ], [ 84.070764161888533, 27.481811115934654 ], [ 84.095477610308436, 27.489652904290423 ], [ 84.09786708471016, 27.517288947349069 ], [ 84.108658630269431, 27.521809325298619 ], [ 84.124191895569737, 27.511126209974826 ], [ 84.145822065993769, 27.518880523411262 ], [ 84.151111659104473, 27.516503441312562 ], [ 84.144434164078007, 27.496975351963073 ], [ 84.148924776580898, 27.486002659671907 ], [ 84.205832724137181, 27.469736480506374 ], [ 84.208561812627266, 27.442661023612278 ], [ 84.219551646423668, 27.440466761687677 ], [ 84.231699236325653, 27.45635876347567 ], [ 84.254264887425251, 27.452133859485851 ], [ 84.278176409872856, 27.415711623452278 ], [ 84.276419334880401, 27.395703647280062 ], [ 84.291865303881607, 27.385004218967055 ], [ 84.300572796854979, 27.390482169770571 ], [ 84.332600928062774, 27.377455887672483 ], [ 84.372852676859154, 27.376693066264483 ], [ 84.39184776083971, 27.368231616185792 ], [ 84.441195816623278, 27.370263996198329 ], [ 84.470845810017508, 27.355043003612113 ], [ 84.475980988433861, 27.362527909667342 ], [ 84.485891064926207, 27.358590289651605 ], [ 84.48780531574576, 27.371424353101464 ], [ 84.50408197532991, 27.381179226669349 ], [ 84.539668238748163, 27.385919782961786 ], [ 84.534729148362587, 27.401800592566513 ], [ 84.546236003311435, 27.408222568171674 ], [ 84.532486014972676, 27.414424110875114 ], [ 84.548356908559072, 27.418031281395734 ], [ 84.56165334151973, 27.463036315612428 ], [ 84.575857574947776, 27.453982598318397 ], [ 84.628280823914395, 27.450877061329468 ], [ 84.64297934618213, 27.442915315930804 ], [ 84.647664057100755, 27.429141688688386 ], [ 84.71893315367403, 27.431265165356642 ], [ 84.726073323668771, 27.444686633113356 ], [ 84.755315131787469, 27.435727392416766 ], [ 84.790944133536811, 27.437758827316305 ], [ 84.810126399304721, 27.415986705488983 ], [ 84.840398985734112, 27.414810283965981 ], [ 84.851894161016048, 27.398574794888955 ], [ 84.876728085866617, 27.397669640718735 ], [ 84.90081947577707, 27.374985738591025 ], [ 84.908457861515217, 27.377264591108464 ], [ 84.926235957159989, 27.364233287670871 ], [ 84.944954566178936, 27.360243001010158 ], [ 84.951790967493025, 27.367012502005117 ], [ 84.971913484023162, 27.35514844406827 ], [ 84.99888040749687, 27.365591496418251 ], [ 85.003978298378811, 27.352870715870381 ], [ 85.0214960656388, 27.352100686013646 ], [ 85.024563030353107, 27.358704580152388 ], [ 85.056175721039622, 27.365675143496595 ], [ 85.086566740592147, 27.361143967138286 ], [ 85.103919076895295, 27.320248588028178 ], [ 85.116795737837819, 27.317917188525819 ], [ 85.126637630854503, 27.29263041845304 ], [ 85.144783557333355, 27.282989192808277 ], [ 85.155995055372401, 27.262140670505019 ], [ 85.180960044315754, 27.254590802957097 ], [ 85.179143468303067, 27.248462697448232 ], [ 85.231797822251821, 27.243400111268542 ], [ 85.242451062194647, 27.248799611840589 ], [ 85.261912630047959, 27.226660210981301 ], [ 85.307395479415987, 27.23184034854431 ], [ 85.348749482174384, 27.222184870364089 ], [ 85.359651463250799, 27.210806060665167 ], [ 85.393486458359391, 27.210423949223113 ], [ 85.397285339759094, 27.197675709513849 ], [ 85.448103690215731, 27.18678905806377 ], [ 85.452924613880867, 27.168429520928548 ], [ 85.472268891461212, 27.16189972664003 ], [ 85.500943031519824, 27.175782326570278 ], [ 85.503958008873539, 27.163460785227844 ], [ 85.489520333702799, 27.154613527129545 ], [ 85.501036730681463, 27.143552073261539 ], [ 85.528095053415683, 27.14040710146142 ], [ 85.53665513377608, 27.148859613505888 ], [ 85.546786845113488, 27.140644694118357 ], [ 85.553554581038597, 27.146805880297855 ], [ 85.568919755232827, 27.143504923449459 ], [ 85.571085475853906, 27.137074717504746 ], [ 85.58070788650295, 27.143951699467692 ], [ 85.62976964134927, 27.137429698797746 ], [ 85.694892143596448, 27.184099358066486 ], [ 85.723654265856169, 27.19524302468081 ], [ 85.808996694143744, 27.161689405575348 ], [ 85.830688736681083, 27.167176087327761 ], [ 85.843550385851557, 27.159936628919745 ], [ 85.835655059905292, 27.147092453059916 ], [ 85.862468266917404, 27.127171349741754 ], [ 85.883022177207323, 27.146410229849028 ], [ 85.938129345086907, 27.121437480243195 ], [ 85.944129914031905, 27.09208174641071 ], [ 85.962013385958372, 27.079850751149767 ], [ 85.970902191918242, 27.05097064484309 ], [ 85.991668074595779, 27.024848988869167 ], [ 86.106402326764638, 27.015242676911804 ], [ 86.187578145112397, 26.982450864824941 ], [ 86.255417447490998, 26.932451664241043 ], [ 86.259684791898792, 26.919143286570666 ], [ 86.283471435174789, 26.949192779778311 ], [ 86.315035080593162, 26.963454362054083 ], [ 86.352980788693642, 26.96461058400299 ], [ 86.365151378954877, 26.979982431356088 ], [ 86.374040996494472, 27.02332269081899 ], [ 86.382623016011607, 27.031490425870892 ], [ 86.366987868041065, 27.037571874740962 ], [ 86.363293877232636, 27.0540833539925 ], [ 86.34608131159284, 27.066078315213552 ], [ 86.362624069915071, 27.099550946917528 ], [ 86.341190037726847, 27.106500970129858 ], [ 86.323083434821029, 27.09912231662511 ], [ 86.306430905993992, 27.108899108827831 ], [ 86.326212525516127, 27.110962947605415 ], [ 86.343032060132188, 27.147349697787298 ], [ 86.367912948006136, 27.140638462657254 ], [ 86.3898629959331, 27.17993985517996 ], [ 86.379023443125675, 27.193294988560979 ], [ 86.34357531476158, 27.202869664573473 ], [ 86.340984661362569, 27.229024115788551 ], [ 86.294928302360148, 27.238441125237063 ], [ 86.266663805803859, 27.253650111562557 ], [ 86.266303195760074, 27.261084945849358 ], [ 86.230122931872472, 27.237429746129393 ], [ 86.203580825075079, 27.250270723789356 ], [ 86.21381559110975, 27.268927114277979 ], [ 86.240605286302937, 27.288785928307796 ], [ 86.237225862966653, 27.306129581320938 ], [ 86.21566185643816, 27.333581841656422 ], [ 86.222001060645695, 27.382095074089609 ], [ 86.263749193915828, 27.456157257942973 ], [ 86.292066862688444, 27.470403284327134 ], [ 86.338277171986618, 27.520082839838381 ], [ 86.354945820277564, 27.524860886869501 ], [ 86.376640470390868, 27.568419443590638 ], [ 86.413454554292258, 27.586807876977758 ], [ 86.434791431401138, 27.61028902823384 ], [ 86.492498409113381, 27.613749716266906 ], [ 86.507177771667699, 27.640602266936622 ], [ 86.526218121585075, 27.650415535141381 ], [ 86.538034197020167, 27.670312530808459 ], [ 86.540256093205656, 27.701616029712348 ], [ 86.550962734156485, 27.710879078424995 ], [ 86.56288757136015, 27.749347356292933 ], [ 86.57276297181393, 27.754599122328656 ], [ 86.56398735475311, 27.769613817714273 ], [ 86.567083313027879, 27.804007989666967 ], [ 86.540352897629958, 27.814877678057073 ], [ 86.554102967036073, 27.857147143486181 ], [ 86.5544358990402, 27.90892495913419 ], [ 86.547803042616948, 27.930458604341446 ], [ 86.533724573316306, 27.942116502671293 ], [ 86.522158328910209, 27.940005738717851 ], [ 86.515569826480203, 27.956621698590506 ] ] ] } },
{ "type": "Feature", "properties": { "ISO": "NP-P4", "NAME_1": "Gandaki" }, "geometry": { "type": "Polygon", "coordinates": [ [ [ 85.107955679212552, 28.346604114416692 ], [ 85.126636106927862, 28.392437759721098 ], [ 85.115830762440822, 28.408856403996079 ], [ 85.114300743564883, 28.443220068496021 ], [ 85.099509551760562, 28.456902019711674 ], [ 85.118501667140734, 28.485591785565969 ], [ 85.152892167146248, 28.490580711868404 ], [ 85.166124399387726, 28.532124526124726 ], [ 85.186875462861025, 28.534310983648279 ], [ 85.184727984987163, 28.561420856563227 ], [ 85.19155785023176, 28.56905758782198 ], [ 85.173664192590593, 28.597486578237408 ], [ 85.188964804621861, 28.605038456456175 ], [ 85.197331976121916, 28.620876466177776 ], [ 85.184812526853904, 28.632303280426473 ], [ 85.188426540237515, 28.641278584854373 ], [ 85.157184733696184, 28.643010783309464 ], [ 85.13240902409126, 28.675963868808804 ], [ 85.11490669299063, 28.686765093763857 ], [ 85.083937099631498, 28.670998769032945 ], [ 85.058593239501889, 28.682468929134178 ], [ 84.988833836034559, 28.612946058130589 ], [ 84.992846826275468, 28.59985125568743 ], [ 84.983404700375388, 28.591445116060743 ], [ 84.948884356343285, 28.580222512843058 ], [ 84.944897643204797, 28.594861175210685 ], [ 84.906974345225748, 28.588212786937859 ], [ 84.900972289630189, 28.593319348390512 ], [ 84.886064877117192, 28.582702386525128 ], [ 84.867058686158842, 28.581679232394549 ], [ 84.857084873085924, 28.570648451064596 ], [ 84.780694391067854, 28.609542350188502 ], [ 84.736797853611989, 28.616934528093953 ], [ 84.694787126159852, 28.636486939131537 ], [ 84.704956610125762, 28.67114512352218 ], [ 84.668348376597734, 28.683451470673631 ], [ 84.666509397736206, 28.694293137720834 ], [ 84.65063385269805, 28.702457572082743 ], [ 84.643550014146953, 28.725289057342938 ], [ 84.626342022578683, 28.73652725163225 ], [ 84.57168124352998, 28.735224178652921 ], [ 84.55671552169855, 28.752214570792258 ], [ 84.524903238765717, 28.742246847500937 ], [ 84.514727407546857, 28.748620475859642 ], [ 84.491882191034591, 28.734782190860731 ], [ 84.480306611669477, 28.747192057270858 ], [ 84.460413566775642, 28.751354233377992 ], [ 84.451911491416496, 28.764825675337061 ], [ 84.436546329694849, 28.769512000802735 ], [ 84.446000529547845, 28.783273578193711 ], [ 84.445297040595491, 28.793400138621529 ], [ 84.432059398964739, 28.801498808815925 ], [ 84.435325498093647, 28.820933829562811 ], [ 84.41888992055533, 28.831622148773334 ], [ 84.400625523009467, 28.830290292725035 ], [ 84.408950926252786, 28.853615597068742 ], [ 84.3752584745463, 28.864453690077134 ], [ 84.357010777092853, 28.859416299086156 ], [ 84.343139798005851, 28.87300770648331 ], [ 84.323620816042947, 28.862728715306883 ], [ 84.287818517928287, 28.876992461300276 ], [ 84.265563705862718, 28.897819008070744 ], [ 84.253825311316575, 28.890298076473286 ], [ 84.225767437028608, 28.894286766347562 ], [ 84.220481210613485, 28.915689965124685 ], [ 84.241807043937825, 28.976177488716946 ], [ 84.247866144574743, 29.03731450086941 ], [ 84.221570825866607, 29.053525054182817 ], [ 84.189684381558607, 29.046996296229565 ], [ 84.186136496353654, 29.080798970868244 ], [ 84.201713149785661, 29.103834051304965 ], [ 84.200965154639931, 29.124029092145246 ], [ 84.174807340548369, 29.13091738559676 ], [ 84.162288071033956, 29.185305935543582 ], [ 84.177529102543588, 29.206840062319902 ], [ 84.199735129926424, 29.21398277710998 ], [ 84.201023781998217, 29.240116781891004 ], [ 84.141186959678976, 29.236248084316447 ], [ 84.116341207833841, 29.244221578203867 ], [ 84.112381697204356, 29.263068192276805 ], [ 84.121665267830892, 29.270384252212825 ], [ 84.120147027953777, 29.279761794045662 ], [ 84.087794825253951, 29.294639131798288 ], [ 84.068785131360002, 29.285343273532302 ], [ 84.043870571895411, 29.300850095722328 ], [ 84.026409557433837, 29.285651565114801 ], [ 84.015752662517102, 29.28903472088999 ], [ 83.987783618637337, 29.300536602464298 ], [ 83.99951922148783, 29.306605037754412 ], [ 83.998959687234958, 29.315021124877841 ], [ 83.962934092646421, 29.331358669407077 ], [ 83.946755580678399, 29.316587282772637 ], [ 83.904783125814063, 29.325787583592621 ], [ 83.856713568498833, 29.309913989462231 ], [ 83.848095357353415, 29.297649178925017 ], [ 83.812764042230057, 29.302099964599922 ], [ 83.8078657820747, 29.28591945023528 ], [ 83.794520005739216, 29.277454151710078 ], [ 83.80229938041829, 29.2564041590607 ], [ 83.79730474551765, 29.250100915047796 ], [ 83.762098704611503, 29.240029676196588 ], [ 83.711281478060769, 29.24462834001055 ], [ 83.68424332444485, 29.213158399230107 ], [ 83.655907460624022, 29.204018184476244 ], [ 83.663583320966197, 29.18411951971736 ], [ 83.657404127251382, 29.176170410556374 ], [ 83.666108990417712, 29.169758544742152 ], [ 83.662882450443121, 29.156757302301308 ], [ 83.675812682546237, 29.14902582529044 ], [ 83.680435469021887, 29.123510255460598 ], [ 83.660251307180928, 29.12449744533464 ], [ 83.651455910183813, 29.119138155147173 ], [ 83.649922898290214, 29.104536821988212 ], [ 83.628883545387737, 29.106908000594963 ], [ 83.615633521251226, 29.098378036853013 ], [ 83.630745654191927, 29.081076400652186 ], [ 83.631531695281851, 29.064962714212395 ], [ 83.619639177046423, 29.0597616732753 ], [ 83.612575779302006, 29.036021083474687 ], [ 83.615040693800978, 28.987754401415049 ], [ 83.609289052975541, 28.980312525992769 ], [ 83.592087020986853, 28.983707030874609 ], [ 83.58007288518435, 28.956214956679858 ], [ 83.566990488345894, 28.943402372947617 ], [ 83.558675539057134, 28.944903191389692 ], [ 83.546226497682156, 28.921892966709304 ], [ 83.499503720686192, 28.877269416808637 ], [ 83.506033738459479, 28.865239794798676 ], [ 83.50183850662998, 28.846200425484394 ], [ 83.481653877024897, 28.844727784746343 ], [ 83.480334303535614, 28.83782952203709 ], [ 83.488047274998635, 28.802117825969692 ], [ 83.483462121417929, 28.782889089078019 ], [ 83.410445196456479, 28.760672355939043 ], [ 83.388518103241864, 28.763105929828587 ], [ 83.362020975224212, 28.734185450548118 ], [ 83.325571188852322, 28.737958500014209 ], [ 83.276944417824126, 28.721984127793551 ], [ 83.229297692306673, 28.742889497062247 ], [ 83.209953131153867, 28.731979281361046 ], [ 83.18647720048952, 28.743606301214808 ], [ 83.145432478966129, 28.747158559602575 ], [ 83.152559759369623, 28.70118540358186 ], [ 83.139068561287374, 28.675449578564361 ], [ 83.118942250436959, 28.673310168979352 ], [ 83.1250114819006, 28.664017301951791 ], [ 83.11587675853643, 28.631503789457277 ], [ 83.096360382219558, 28.635160293560354 ], [ 83.057525394546715, 28.620127114577841 ], [ 83.042821130181522, 28.629983368298028 ], [ 83.019127538113935, 28.621738285080944 ], [ 82.97697052334793, 28.628963135335574 ], [ 82.952637373515657, 28.598108065532841 ], [ 82.962292183958169, 28.581897885984446 ], [ 82.985472264947219, 28.570871047400498 ], [ 82.977363625079036, 28.546235700226095 ], [ 82.920810981076343, 28.567238952603841 ], [ 82.913672782206731, 28.555580675231532 ], [ 82.914066742949075, 28.527605631227445 ], [ 82.894614022876368, 28.51545034718362 ], [ 82.877353534784703, 28.515446414039776 ], [ 82.911761914383291, 28.480631047142193 ], [ 82.878681433139917, 28.473635593706454 ], [ 82.886347537347987, 28.452474025027151 ], [ 82.914312731451844, 28.434236351303547 ], [ 82.916171306165921, 28.402746710870847 ], [ 82.943624691525386, 28.398452996319403 ], [ 82.954747644690769, 28.360171672116909 ], [ 82.980084377821086, 28.359429603346083 ], [ 83.004205498244659, 28.332702339284161 ], [ 83.066910553689468, 28.313350140270803 ], [ 83.069427112050931, 28.301934472518585 ], [ 83.09706147914595, 28.277180951443654 ], [ 83.093571193412046, 28.257021500089113 ], [ 83.109557768198854, 28.251800395345818 ], [ 83.12438560573824, 28.257804433533042 ], [ 83.130820068568838, 28.25015728887859 ], [ 83.155522061579134, 28.27085018694963 ], [ 83.167816960635122, 28.257974294220585 ], [ 83.184845815031011, 28.27073730899156 ], [ 83.27369612069441, 28.187643015400237 ], [ 83.306303934829003, 28.197907738237348 ], [ 83.330234703283537, 28.189075081466729 ], [ 83.355536093069688, 28.197500929871751 ], [ 83.423315858709458, 28.12524671035526 ], [ 83.473708668390998, 28.13234617554464 ], [ 83.474126360837332, 28.119048271782155 ], [ 83.485777407572641, 28.113371086056944 ], [ 83.510351113727225, 28.12702007535675 ], [ 83.531988413659661, 28.116593595562836 ], [ 83.554291731864438, 28.117166498062488 ], [ 83.562644883175764, 28.092823092212992 ], [ 83.580677257921835, 28.077558249443911 ], [ 83.560962391718689, 28.06435253787317 ], [ 83.561560909533796, 28.035769590361884 ], [ 83.578432937223525, 28.034001686979007 ], [ 83.596392597012411, 28.020744534725122 ], [ 83.60492011994846, 28.012067451978282 ], [ 83.603320611114938, 27.99730096036798 ], [ 83.584143730387865, 27.987509131642167 ], [ 83.577606349052701, 27.974426164844459 ], [ 83.549975057014905, 27.976827102198751 ], [ 83.531033937792145, 27.964792795324488 ], [ 83.482888869822759, 27.981701363419575 ], [ 83.461604041679607, 27.953894335834988 ], [ 83.443492879132791, 27.944856457114508 ], [ 83.440294156963603, 27.932755200687726 ], [ 83.460502486654875, 27.934433217180171 ], [ 83.483878455726853, 27.922736749002279 ], [ 83.50593077656994, 27.928584350695836 ], [ 83.508718176409346, 27.940820276488129 ], [ 83.52408705936466, 27.924158518052199 ], [ 83.531013041038179, 27.939203749918267 ], [ 83.537929824018406, 27.928115548523952 ], [ 83.548467353093159, 27.92814376333941 ], [ 83.571026499588385, 27.94306354835517 ], [ 83.574627944847123, 27.930266578901797 ], [ 83.626151954829311, 27.926095529139616 ], [ 83.621015547560731, 27.917684092669834 ], [ 83.633508070280158, 27.914180221345696 ], [ 83.634316613587558, 27.89937964126603 ], [ 83.654977110640942, 27.902512597838435 ], [ 83.67626717823731, 27.927463330168187 ], [ 83.683056539588279, 27.916439684011525 ], [ 83.689436048638584, 27.923937971479678 ], [ 83.698334428001061, 27.91700873320244 ], [ 83.719114969250995, 27.920240621042876 ], [ 83.743015221543402, 27.900112555994721 ], [ 83.74474490485899, 27.907983053331524 ], [ 83.757112844976376, 27.903141114945271 ], [ 83.762271081928063, 27.909993070827412 ], [ 83.807224350450682, 27.873262574136294 ], [ 83.820917939281571, 27.877793428529365 ], [ 83.845509959771348, 27.868525386639533 ], [ 83.845205328356911, 27.881653876033283 ], [ 83.858385960777881, 27.873586369283032 ], [ 83.86112381773161, 27.882367989829106 ], [ 83.877553563426517, 27.888396311008236 ], [ 83.880998030383353, 27.882373034412534 ], [ 83.910134311464873, 27.880290096656296 ], [ 83.910740998880513, 27.872738978156363 ], [ 83.924771650980702, 27.868271031913572 ], [ 83.939208853243414, 27.878112918281644 ], [ 83.948464971866116, 27.869489026850601 ], [ 83.994281866338767, 27.86627438240733 ], [ 84.000367026615578, 27.854745270793607 ], [ 84.021347049076766, 27.851257778171856 ], [ 84.015356402150829, 27.858160311886177 ], [ 84.020085512851693, 27.861956913851703 ], [ 84.028540741840544, 27.856457040168525 ], [ 84.020268515439369, 27.84089295075529 ], [ 84.026754038183668, 27.820635510914105 ], [ 84.000352473143806, 27.788658386663698 ], [ 83.989950043607365, 27.749279922804838 ], [ 83.950509448903958, 27.747549925849356 ], [ 83.924178342451071, 27.726864031176763 ], [ 83.904519230122943, 27.735716623112303 ], [ 83.896470094310573, 27.730092825632756 ], [ 83.84496923258807, 27.735067109012146 ], [ 83.846283348151047, 27.709539128441318 ], [ 83.820448203934077, 27.710674518570855 ], [ 83.782332009396981, 27.725095896659827 ], [ 83.728596211031373, 27.709177921678332 ], [ 83.714300931959571, 27.715689996941009 ], [ 83.682240918052443, 27.720947110018702 ], [ 83.677073898009965, 27.718649556501418 ], [ 83.704619580031036, 27.68288651594208 ], [ 83.695383517141209, 27.661540438547217 ], [ 83.708111803308867, 27.659176151518217 ], [ 83.725189345687497, 27.672504944900599 ], [ 83.762758240694268, 27.661243392939923 ], [ 83.78320859868073, 27.667057479923933 ], [ 83.811855247814762, 27.662415261360618 ], [ 83.809863201248746, 27.635504356079629 ], [ 83.801023299646957, 27.629627881467879 ], [ 83.805221778117783, 27.620917919664937 ], [ 83.79730509236407, 27.620319857011431 ], [ 83.799681119634968, 27.61196158639089 ], [ 83.789937580752252, 27.606412506882695 ], [ 83.809414443848823, 27.595450222720153 ], [ 83.808118990208669, 27.588769870888658 ], [ 83.821549193751565, 27.592724961231607 ], [ 83.83618375150121, 27.585802678319318 ], [ 83.841515662008845, 27.572661445324826 ], [ 83.831631916930206, 27.565722989765959 ], [ 83.836116328798511, 27.545098982220669 ], [ 83.847208133711391, 27.560375452081697 ], [ 83.882433305736498, 27.527934779009556 ], [ 83.875751580096107, 27.510469508862403 ], [ 83.897702880351275, 27.498840320361708 ], [ 83.87472623289878, 27.489376585494231 ], [ 83.885098882340102, 27.481181540455999 ], [ 83.887747609406674, 27.446573827949432 ], [ 83.895558047680552, 27.437823045655612 ], [ 83.93637886909039, 27.451825697507495 ], [ 83.944603204484793, 27.465847804203467 ], [ 83.938754563591075, 27.491587832682914 ], [ 83.969019375382857, 27.510688619583135 ], [ 83.966140858340054, 27.522046239457605 ], [ 83.954292077968802, 27.527611435937313 ], [ 83.9419288777747, 27.515788257019768 ], [ 83.925645560169684, 27.514785419162855 ], [ 83.918773131868235, 27.533084851677568 ], [ 83.924451598817683, 27.544642579845689 ], [ 83.948475740680109, 27.540231146874369 ], [ 83.970409694985648, 27.550603099121059 ], [ 84.031175374973586, 27.537265709091493 ], [ 84.050602431679025, 27.556544633861279 ], [ 84.114713855920726, 27.553347696314489 ], [ 84.135268348600263, 27.584590184144222 ], [ 84.206679270804329, 27.638804179939285 ], [ 84.257918731929877, 27.651143593134698 ], [ 84.343715792877916, 27.702316280343709 ], [ 84.360070948417572, 27.698330827852114 ], [ 84.378116255969019, 27.681322641322012 ], [ 84.429472049133139, 27.704700818622783 ], [ 84.422042385952295, 27.741335333581585 ], [ 84.437052925501945, 27.742847741326898 ], [ 84.450560310215053, 27.759353645612659 ], [ 84.471982255642345, 27.754097451463476 ], [ 84.460596571771788, 27.77373093862591 ], [ 84.431274833983281, 27.786888859447895 ], [ 84.432333563311843, 27.812743788257809 ], [ 84.445098043446407, 27.822916940659571 ], [ 84.517098424891657, 27.816159293838929 ], [ 84.521961647971338, 27.832331219537974 ], [ 84.555176042990581, 27.835815984522252 ], [ 84.558787563230709, 27.857965849333496 ], [ 84.576326123170432, 27.863606238064754 ], [ 84.580537474343245, 27.874395516245151 ], [ 84.590732700320942, 27.879836871562407 ], [ 84.608564057570334, 27.871625954994858 ], [ 84.620903366944461, 27.880539092359612 ], [ 84.635496204112627, 27.860377268672849 ], [ 84.660000032084, 27.849985593033363 ], [ 84.661161608685035, 27.828889704132962 ], [ 84.685059806294177, 27.810342879033779 ], [ 84.730841836482796, 27.795605865727069 ], [ 84.762642731368643, 27.81823876186726 ], [ 84.773084599666973, 27.808653165737116 ], [ 84.781952951905168, 27.813489932209549 ], [ 84.765094709572651, 27.859311029184976 ], [ 84.756033550721426, 27.861774976541355 ], [ 84.749241527438812, 27.88611241962537 ], [ 84.735765244030247, 27.892878846374359 ], [ 84.732010582962815, 27.925837682740777 ], [ 84.745881491688564, 27.960096178893195 ], [ 84.774721308829356, 27.971393051071331 ], [ 84.771630536373024, 27.97735515071286 ], [ 84.784066514724003, 27.983299435348449 ], [ 84.790152909965599, 27.997992077753292 ], [ 84.811329433794114, 28.002944841434481 ], [ 84.809500969068978, 28.037989515807478 ], [ 84.843738078043344, 28.116321468521868 ], [ 84.869368397882809, 28.120470316222526 ], [ 84.892449748008787, 28.099970855225806 ], [ 84.900430675102001, 28.106691124729945 ], [ 84.918135513913981, 28.103422142166252 ], [ 84.92881725079522, 28.126320428250356 ], [ 84.956912570776609, 28.126761090891648 ], [ 84.95724481064336, 28.155549051694788 ], [ 84.973854136962771, 28.190281484740378 ], [ 84.964733167698597, 28.217365132023183 ], [ 84.991604715939701, 28.244706212889163 ], [ 84.998667786024924, 28.241246142239724 ], [ 85.001747689853502, 28.253254290172006 ], [ 85.027943952622735, 28.262405822742306 ], [ 85.037993253464819, 28.291890686613751 ], [ 85.032718977482276, 28.30284454477658 ], [ 85.046657768408309, 28.325867620458482 ], [ 85.080549591333991, 28.345883356192434 ], [ 85.107955679212552, 28.346604114416692 ] ] ] } },
{ "type": "Feature", "properties": { "ISO": "NP-P5", "NAME_1": "Lumbini" }, "geometry": { "type": "Polygon", "coordinates": [ [ [ 83.145432478966129, 28.747158559602575 ], [ 83.113654705737616, 28.743608547219832 ], [ 83.079269292902509, 28.786181615662066 ], [ 83.068380565444826, 28.7799894035089 ], [ 82.997382948269717, 28.803919409991515 ], [ 82.980928041914794, 28.800751025878274 ], [ 82.965869021200376, 28.82037605689116 ], [ 82.947215065446116, 28.829037985851233 ], [ 82.904878471892573, 28.832362004101149 ], [ 82.896106673814998, 28.824736269581379 ], [ 82.86758372394857, 28.834264602107698 ], [ 82.843779208932716, 28.826524351346464 ], [ 82.817122721605188, 28.831343583543632 ], [ 82.79935475757074, 28.820700251233824 ], [ 82.781760505892336, 28.824293666752066 ], [ 82.765835260452405, 28.808605578219719 ], [ 82.741787512270875, 28.845864723860061 ], [ 82.712118106143237, 28.851555148581632 ], [ 82.695677962009, 28.864736569695896 ], [ 82.671814670388713, 28.852167892908543 ], [ 82.656079969380841, 28.866686574593402 ], [ 82.643057547528855, 28.866497407139022 ], [ 82.613684250557256, 28.826587062034864 ], [ 82.619735875417447, 28.809087517809129 ], [ 82.561865265498966, 28.767775712878105 ], [ 82.566030445599623, 28.743922665518394 ], [ 82.601418118956332, 28.74291081949815 ], [ 82.615902938359881, 28.689796997378647 ], [ 82.600659898451482, 28.684874237668812 ], [ 82.598918170020511, 28.669103295552517 ], [ 82.578947570742613, 28.664702046558038 ], [ 82.554662473810978, 28.644054800629256 ], [ 82.501400242164891, 28.667763489514051 ], [ 82.489933629908947, 28.659320672885439 ], [ 82.485814833985884, 28.640649591121164 ], [ 82.508357393804772, 28.627779844730309 ], [ 82.53988913663386, 28.620763433407735 ], [ 82.547971869140497, 28.627111710118317 ], [ 82.545787381515083, 28.618465228176152 ], [ 82.561240070713509, 28.610092842641116 ], [ 82.579407614961497, 28.613769319709498 ], [ 82.580580391060181, 28.586184507784267 ], [ 82.568240580290464, 28.577900912574655 ], [ 82.553419387256582, 28.581652545973689 ], [ 82.521316340622391, 28.553978027156017 ], [ 82.492335587110659, 28.552733550537383 ], [ 82.492971843730999, 28.54009031123875 ], [ 82.462950674632225, 28.52129485683384 ], [ 82.41818154901317, 28.528775823667484 ], [ 82.405643417529987, 28.4782204204034 ], [ 82.395624648586605, 28.460463038168228 ], [ 82.373826426929824, 28.448332981933575 ], [ 82.376618241080166, 28.430381363543873 ], [ 82.350383741384533, 28.421910159507856 ], [ 82.353220122770963, 28.41045250463235 ], [ 82.365593768258933, 28.403201092661984 ], [ 82.363590360955072, 28.388342747464808 ], [ 82.383590749235367, 28.37284763533329 ], [ 82.379317380574122, 28.351775579572081 ], [ 82.363191246924657, 28.340864550492487 ], [ 82.363506950710345, 28.319558643488335 ], [ 82.37609045698423, 28.315164532144788 ], [ 82.403612048892541, 28.262229779271067 ], [ 82.437326032905489, 28.246669297076309 ], [ 82.426879196678115, 28.239032604887459 ], [ 82.427643938129677, 28.230080876222985 ], [ 82.406849151454395, 28.22071639031385 ], [ 82.396823463915212, 28.16892407515763 ], [ 82.392831522826043, 28.189304647420766 ], [ 82.378088901998836, 28.184567944540209 ], [ 82.367147469431927, 28.189868121430152 ], [ 82.337572802957197, 28.223556684119195 ], [ 82.312443876846544, 28.223421167917362 ], [ 82.300400544884269, 28.245989990562137 ], [ 82.275490731539662, 28.248512045500384 ], [ 82.244003468618658, 28.237945154360371 ], [ 82.217812856903421, 28.249683282315644 ], [ 82.198698423119623, 28.242958518334994 ], [ 82.1694505281734, 28.251592204739929 ], [ 82.143819667874112, 28.237152939446432 ], [ 82.132821465489769, 28.251566777882356 ], [ 82.100819839584958, 28.259044722295481 ], [ 82.068661486376698, 28.237086564426807 ], [ 82.054313396687562, 28.242142782351344 ], [ 82.042214043561884, 28.230218531173048 ], [ 82.023121896398493, 28.201253705943696 ], [ 82.029240075647778, 28.187737651347348 ], [ 82.018224813636024, 28.181857690191126 ], [ 82.007612843923553, 28.151111588555882 ], [ 81.977924136764997, 28.182896565318146 ], [ 81.965268649277945, 28.184521310304635 ], [ 81.962690094947106, 28.194429040034148 ], [ 81.926706839016262, 28.209495231155714 ], [ 81.921572656393479, 28.226913373833067 ], [ 81.882900554514293, 28.243549005959835 ], [ 81.860921662640024, 28.238739660057405 ], [ 81.864673783105559, 28.249846748554532 ], [ 81.843554636043351, 28.272039486612272 ], [ 81.80848218657232, 28.283023701042936 ], [ 81.793651841759555, 28.273874787693501 ], [ 81.787162494677247, 28.294714405032796 ], [ 81.745089803836507, 28.313286828575848 ], [ 81.766711244430198, 28.370176794791185 ], [ 81.716645965801447, 28.384144973971985 ], [ 81.674307693709352, 28.417638386999812 ], [ 81.658456999026129, 28.415453320575445 ], [ 81.557347983975831, 28.495009457247519 ], [ 81.538758694548804, 28.494694120858419 ], [ 81.506117559066567, 28.528308958170708 ], [ 81.476114621170566, 28.539809943877483 ], [ 81.465459896625603, 28.553817882632099 ], [ 81.437997212201935, 28.559569432673843 ], [ 81.421770551579584, 28.581368014689435 ], [ 81.424649867904563, 28.587806516235975 ], [ 81.40098844924681, 28.606880191830832 ], [ 81.316360376925985, 28.636783081012499 ], [ 81.310241973000373, 28.651129169895572 ], [ 81.321122911872436, 28.667628400575932 ], [ 81.30740443584294, 28.673018036273128 ], [ 81.285338365141826, 28.673314477055953 ], [ 81.287556915267999, 28.648032168296943 ], [ 81.248945593872278, 28.594462341297703 ], [ 81.168115323107003, 28.524227529767568 ], [ 81.160173891993281, 28.501465167539926 ], [ 81.147308751847035, 28.498237929540061 ], [ 81.109008285696802, 28.461476486906118 ], [ 81.091437351662705, 28.457836918216728 ], [ 81.085867729739192, 28.438423086573472 ], [ 81.059209265153513, 28.408010387193226 ], [ 81.079881140809135, 28.385004214744225 ], [ 81.213455346902833, 28.358336353956922 ], [ 81.234623520309739, 28.324711482372226 ], [ 81.2327831540278, 28.289046508994261 ], [ 81.320648490067398, 28.197326714365442 ], [ 81.32130266957148, 28.168896347495533 ], [ 81.301866216029211, 28.166147544849792 ], [ 81.310702252156204, 28.155641500641615 ], [ 81.320226328350614, 28.160323501258606 ], [ 81.327968724106569, 28.148347890884288 ], [ 81.318412625909303, 28.145299926965095 ], [ 81.318083545192636, 28.133620875486738 ], [ 81.371350770500115, 28.142454856335153 ], [ 81.378424854101411, 28.155572673399625 ], [ 81.366958995641582, 28.16542005688256 ], [ 81.374759567163451, 28.177017710067716 ], [ 81.414926246346411, 28.174316467841223 ], [ 81.44592839292163, 28.161386491252216 ], [ 81.450001924300921, 28.140948991032801 ], [ 81.484101623870799, 28.118319448915624 ], [ 81.478467773580391, 28.082609668163293 ], [ 81.624411722070533, 28.001450000093826 ], [ 81.698394095457147, 27.988270662289423 ], [ 81.804966074981337, 27.903447205262893 ], [ 81.83279573134466, 27.898138115114307 ], [ 81.885552561554462, 27.857065067377061 ], [ 81.926225174252025, 27.859843592529103 ], [ 81.925477321994236, 27.875866488909754 ], [ 81.968291871881107, 27.929019549651699 ], [ 82.071029476616289, 27.922697919161418 ], [ 82.123419090783912, 27.865090078937115 ], [ 82.150075318076091, 27.857980707255692 ], [ 82.154066205134555, 27.866253752668868 ], [ 82.208334681878071, 27.843177899589559 ], [ 82.303957605370456, 27.772670373890456 ], [ 82.3672280673469, 27.742716896142714 ], [ 82.401691562358366, 27.702932739881891 ], [ 82.448799287693305, 27.678763579783983 ], [ 82.473278610717401, 27.676549610840791 ], [ 82.516308050250316, 27.690471986142736 ], [ 82.541204921721132, 27.685773627062744 ], [ 82.593736511067448, 27.696978194814843 ], [ 82.605094085608471, 27.706003776828183 ], [ 82.618897739870803, 27.70230267757448 ], [ 82.664261576273674, 27.722130490544529 ], [ 82.680737890589882, 27.713799600803398 ], [ 82.708058218966542, 27.721925923282619 ], [ 82.705945956416599, 27.702913563838457 ], [ 82.718344815155774, 27.687494513917013 ], [ 82.711802702528956, 27.665136147466473 ], [ 82.736331927643278, 27.643190420351949 ], [ 82.734952879564389, 27.609701511117866 ], [ 82.755880461537899, 27.587806916034904 ], [ 82.747150004669422, 27.555118080614832 ], [ 82.73823106087012, 27.552115856335394 ], [ 82.749530055484342, 27.522892229190031 ], [ 82.736834208270309, 27.518109802978376 ], [ 82.73547977765044, 27.502734118454498 ], [ 82.801992629008964, 27.49658621327622 ], [ 82.929494784857212, 27.501237612964321 ], [ 82.954273495985305, 27.468006346523641 ], [ 83.034194673938671, 27.448939186287408 ], [ 83.187918468680536, 27.45448665008221 ], [ 83.217692785578663, 27.417368492466743 ], [ 83.272328298169569, 27.38368968478844 ], [ 83.2656736917735, 27.365622850701921 ], [ 83.272678859704243, 27.352922910870234 ], [ 83.304815777369583, 27.331469178953963 ], [ 83.317601099243902, 27.330225784123076 ], [ 83.318264132395569, 27.33747851314283 ], [ 83.337614328085323, 27.33287401520198 ], [ 83.359259327227079, 27.343324565931962 ], [ 83.358004173424774, 27.350834493530108 ], [ 83.373818578030836, 27.357372816355277 ], [ 83.374839779452145, 27.370030685956394 ], [ 83.388161652111847, 27.375951528390424 ], [ 83.384872330744017, 27.390435984285261 ], [ 83.409650949077403, 27.412717824089295 ], [ 83.38429196298479, 27.436256144461179 ], [ 83.40199159805384, 27.457702332908418 ], [ 83.388911006132076, 27.479743401366886 ], [ 83.614848382000872, 27.469604194419851 ], [ 83.830005243527168, 27.370365852594571 ], [ 83.862623412298674, 27.346736960760037 ], [ 83.887656690789044, 27.358332283569929 ], [ 83.905742293266101, 27.388657629539768 ], [ 83.872847151723079, 27.392422242873057 ], [ 83.867356111539351, 27.427284455839196 ], [ 83.895558047680552, 27.437823045655612 ], [ 83.887747609406674, 27.446573827949432 ], [ 83.885098882340102, 27.481181540455999 ], [ 83.87472623289878, 27.489376585494231 ], [ 83.897702880351275, 27.498840320361708 ], [ 83.875908376453566, 27.510244093536674 ], [ 83.882433305736498, 27.527934779009556 ], [ 83.850694131893476, 27.559054872928435 ], [ 83.836116328798511, 27.545098982220669 ], [ 83.831631916930206, 27.565722989765959 ], [ 83.841515662008845, 27.572661445324826 ], [ 83.83592977928086, 27.586070900312755 ], [ 83.821121186880347, 27.592767326084054 ], [ 83.808118990208669, 27.588769870888658 ], [ 83.809414443848823, 27.595450222720153 ], [ 83.790565959319977, 27.605111570850546 ], [ 83.79996625742109, 27.612568910641659 ], [ 83.79730509236407, 27.620319857011431 ], [ 83.805221778117783, 27.620917919664937 ], [ 83.801023299646957, 27.629627881467879 ], [ 83.809863201248746, 27.635504356079629 ], [ 83.811855247814762, 27.662415261360618 ], [ 83.78320859868073, 27.667057479923933 ], [ 83.762758240694268, 27.661243392939923 ], [ 83.725189345687497, 27.672504944900599 ], [ 83.708111803308867, 27.659176151518217 ], [ 83.695383517141209, 27.661540438547217 ], [ 83.704619580031036, 27.68288651594208 ], [ 83.677073898009965, 27.718649556501418 ], [ 83.728596211031373, 27.709177921678332 ], [ 83.782332009396981, 27.725095896659827 ], [ 83.820448203934077, 27.710674518570855 ], [ 83.846283348151047, 27.709539128441318 ], [ 83.84496923258807, 27.735067109012146 ], [ 83.896470094310573, 27.730092825632756 ], [ 83.904519230122943, 27.735716623112303 ], [ 83.924178342451071, 27.726864031176763 ], [ 83.950509448903958, 27.747549925849356 ], [ 83.989950043607365, 27.749279922804838 ], [ 84.000352473143806, 27.788658386663698 ], [ 84.026754038183668, 27.820635510914105 ], [ 84.020268515439369, 27.84089295075529 ], [ 84.028540741840544, 27.856457040168525 ], [ 84.020085512851693, 27.861956913851703 ], [ 84.015356402150829, 27.858160311886177 ], [ 84.021347049076766, 27.851257778171856 ], [ 84.000367026615578, 27.854745270793607 ], [ 83.994281866338767, 27.86627438240733 ], [ 83.948464971866116, 27.869489026850601 ], [ 83.939208853243414, 27.878112918281644 ], [ 83.924771650980702, 27.868271031913572 ], [ 83.910740998880513, 27.872738978156363 ], [ 83.910134311464873, 27.880290096656296 ], [ 83.880998030383353, 27.882373034412534 ], [ 83.877553563426517, 27.888396311008236 ], [ 83.86112381773161, 27.882367989829106 ], [ 83.858385960777881, 27.873586369283032 ], [ 83.845205328356911, 27.881653876033283 ], [ 83.845509959771348, 27.868525386639533 ], [ 83.820917939281571, 27.877793428529365 ], [ 83.807224350450682, 27.873262574136294 ], [ 83.762271081928063, 27.909993070827412 ], [ 83.757112844976376, 27.903141114945271 ], [ 83.74474490485899, 27.907983053331524 ], [ 83.743015221543402, 27.900112555994721 ], [ 83.719114969250995, 27.920240621042876 ], [ 83.698334428001061, 27.91700873320244 ], [ 83.689436048638584, 27.923937971479678 ], [ 83.683056539588279, 27.916439684011525 ], [ 83.67626717823731, 27.927463330168187 ], [ 83.654977110640942, 27.902512597838435 ], [ 83.634316613587558, 27.89937964126603 ], [ 83.633508070280158, 27.914180221345696 ], [ 83.621015547560731, 27.917684092669834 ], [ 83.626151954829311, 27.926095529139616 ], [ 83.574627944847123, 27.930266578901797 ], [ 83.571026499588385, 27.94306354835517 ], [ 83.548467353093159, 27.92814376333941 ], [ 83.537929824018406, 27.928115548523952 ], [ 83.531013041038179, 27.939203749918267 ], [ 83.52408705936466, 27.924158518052199 ], [ 83.508718176409346, 27.940820276488129 ], [ 83.50593077656994, 27.928584350695836 ], [ 83.483878455726853, 27.922736749002279 ], [ 83.460502486654875, 27.934433217180171 ], [ 83.440294156963603, 27.932755200687726 ], [ 83.443492879132791, 27.944856457114508 ], [ 83.461604041679607, 27.953894335834988 ], [ 83.482888869822759, 27.981701363419575 ], [ 83.531033937792145, 27.964792795324488 ], [ 83.549975057014905, 27.976827102198751 ], [ 83.577606349052701, 27.974426164844459 ], [ 83.584143730387865, 27.987509131642167 ], [ 83.603320611114938, 27.99730096036798 ], [ 83.60492011994846, 28.012067451978282 ], [ 83.596392597012411, 28.020744534725122 ], [ 83.578432937223525, 28.034001686979007 ], [ 83.561560909533796, 28.035769590361884 ], [ 83.560962391718689, 28.06435253787317 ], [ 83.580677257921835, 28.077558249443911 ], [ 83.562644883175764, 28.092823092212992 ], [ 83.554291731864438, 28.117166498062488 ], [ 83.531988413659661, 28.116593595562836 ], [ 83.510351113727225, 28.12702007535675 ], [ 83.485777407572641, 28.113371086056944 ], [ 83.474126360837332, 28.119048271782155 ], [ 83.473708668390998, 28.13234617554464 ], [ 83.423315858709458, 28.12524671035526 ], [ 83.355536093069688, 28.197500929871751 ], [ 83.330234703283537, 28.189075081466729 ], [ 83.306303934829003, 28.197907738237348 ], [ 83.27369612069441, 28.187643015400237 ], [ 83.184845815031011, 28.27073730899156 ], [ 83.167816960635122, 28.257974294220585 ], [ 83.155522061579134, 28.27085018694963 ], [ 83.130820068568838, 28.25015728887859 ], [ 83.12438560573824, 28.257804433533042 ], [ 83.109557768198854, 28.251800395345818 ], [ 83.093571193412046, 28.257021500089113 ], [ 83.09706147914595, 28.277180951443654 ], [ 83.069427112050931, 28.301934472518585 ], [ 83.066910553689468, 28.313350140270803 ], [ 83.004205498244659, 28.332702339284161 ], [ 82.980084377821086, 28.359429603346083 ], [ 82.954747644690769, 28.360171672116909 ], [ 82.943624691525386, 28.398452996319403 ], [ 82.916171306165921, 28.402746710870847 ], [ 82.914245737374898, 28.434350901813641 ], [ 82.886059193549031, 28.452891232536921 ], [ 82.87930904786495, 28.476361226826036 ], [ 82.912112389488087, 28.479413477187816 ], [ 82.877353534784703, 28.515446414039776 ], [ 82.894614022876368, 28.51545034718362 ], [ 82.914066742949075, 28.527605631227445 ], [ 82.91641805766227, 28.564645940500476 ], [ 82.932518742820577, 28.565817939459222 ], [ 82.973815174702622, 28.542347069212472 ], [ 82.980433313551146, 28.550847069808963 ], [ 82.985472264947219, 28.570871047400498 ], [ 82.962292183958169, 28.581897885984446 ], [ 82.952637373515657, 28.598108065532841 ], [ 82.97697052334793, 28.628963135335574 ], [ 83.019127538113935, 28.621738285080944 ], [ 83.042821130181522, 28.629983368298028 ], [ 83.057525394546715, 28.620127114577841 ], [ 83.096360382219558, 28.635160293560354 ], [ 83.11587675853643, 28.631503789457277 ], [ 83.1250114819006, 28.664017301951791 ], [ 83.118942250436959, 28.673310168979352 ], [ 83.139068561287374, 28.675449578564361 ], [ 83.152559759369623, 28.70118540358186 ], [ 83.145432478966129, 28.747158559602575 ] ] ] } },
{ "type": "Feature", "properties": { "ISO": "NP-P6", "NAME_1": "Karnali" }, "geometry": { "type": "Polygon", "coordinates": [ [ [ 83.657404127251382, 29.176170410556374 ], [ 83.633400595139292, 29.1585143013512 ], [ 83.610224658223188, 29.180818943534426 ], [ 83.590191119678749, 29.174242308846736 ], [ 83.57608396973319, 29.180243849465842 ], [ 83.572081630239069, 29.202578657670962 ], [ 83.539138080004719, 29.202744452208897 ], [ 83.519686661801913, 29.217735265490539 ], [ 83.515169255922657, 29.228070426710094 ], [ 83.522819831113978, 29.238320780184452 ], [ 83.514841435835308, 29.255884280049177 ], [ 83.49158002925266, 29.264881528995332 ], [ 83.487250125073146, 29.280219477227991 ], [ 83.465254774712704, 29.27460460123066 ], [ 83.43835355237033, 29.308735336598158 ], [ 83.444988092086916, 29.340279196633929 ], [ 83.415160259213337, 29.359090245486968 ], [ 83.411837600160567, 29.380341845201929 ], [ 83.422700104620858, 29.384713355213044 ], [ 83.426239584215068, 29.402478256898885 ], [ 83.414338393410745, 29.420886552125062 ], [ 83.371450742671712, 29.42858799548717 ], [ 83.366241273614307, 29.450093103653799 ], [ 83.353826992390523, 29.451447727029485 ], [ 83.342386008249193, 29.465874896638855 ], [ 83.344496897374171, 29.494833545727133 ], [ 83.315786887840019, 29.508980292307715 ], [ 83.28211297270586, 29.498763233759661 ], [ 83.267469288070131, 29.507484575770544 ], [ 83.25539357696681, 29.556818544089314 ], [ 83.273975099911254, 29.554512477439175 ], [ 83.284027879011219, 29.562912597694218 ], [ 83.261206562820945, 29.577640253518652 ], [ 83.232038332547717, 29.577896600195114 ], [ 83.215554238161616, 29.588475614221796 ], [ 83.21814311107947, 29.605520063008388 ], [ 83.196037068477253, 29.611098958405091 ], [ 83.186449773017813, 29.606581360359701 ], [ 83.187339351983184, 29.596511501545674 ], [ 83.164019501160396, 29.594363788569154 ], [ 83.158851395121687, 29.597335432424142 ], [ 83.164473743981929, 29.616946436534118 ], [ 83.142052636291737, 29.62487573360368 ], [ 83.131406220604276, 29.617945283590245 ], [ 83.120367136766575, 29.628615371284152 ], [ 83.116518774265444, 29.616464323174682 ], [ 83.090181068234884, 29.612030279065788 ], [ 83.085709731684346, 29.602788200070002 ], [ 83.069369752278405, 29.609962035502399 ], [ 83.065474652568312, 29.626106344307573 ], [ 83.043383502505833, 29.630874756361568 ], [ 83.033490139842087, 29.654246174505779 ], [ 83.021065525000111, 29.650710944259163 ], [ 83.008614228271981, 29.67259758733185 ], [ 83.000550670264289, 29.664611463622581 ], [ 82.955718374387999, 29.662680226300751 ], [ 82.940961035056716, 29.674155933670772 ], [ 82.948455422910641, 29.691613787127643 ], [ 82.93548441871485, 29.705495857350634 ], [ 82.890953252258683, 29.701440638599923 ], [ 82.886207254223109, 29.692780753679674 ], [ 82.860699013211814, 29.684597891869334 ], [ 82.826464325754742, 29.689912638813428 ], [ 82.815004161903047, 29.70477482845687 ], [ 82.817906512037553, 29.72116096194841 ], [ 82.797642939852636, 29.719065984296062 ], [ 82.762943186183676, 29.731206898243105 ], [ 82.766749261453782, 29.742478336220657 ], [ 82.752218546551902, 29.765596517934661 ], [ 82.723825762349293, 29.770548887392081 ], [ 82.690095318007309, 29.763153273104631 ], [ 82.686510922119382, 29.773494250998205 ], [ 82.696091144476142, 29.781662875375787 ], [ 82.694126041989648, 29.791194515651544 ], [ 82.710270119635794, 29.792805413421132 ], [ 82.737148550243319, 29.813558673990929 ], [ 82.726619315070735, 29.835331414410849 ], [ 82.71060012214447, 29.838845286063332 ], [ 82.697211756798481, 29.855366601643279 ], [ 82.639721834238259, 29.833896649240604 ], [ 82.620986139518607, 29.837308430112987 ], [ 82.642303088877625, 29.870541183398526 ], [ 82.602397996644441, 29.889074983710067 ], [ 82.584781909162004, 29.921314322497349 ], [ 82.566679106528397, 29.932482507210917 ], [ 82.563098471460805, 29.955229503770614 ], [ 82.549364695957536, 29.963238113005531 ], [ 82.529737790440876, 29.971177266901702 ], [ 82.499259629661012, 29.946040814347416 ], [ 82.47387692226981, 29.965279572583125 ], [ 82.476167323387159, 29.973658817220318 ], [ 82.432156115718712, 29.989024107696533 ], [ 82.395506405334842, 30.024007157510049 ], [ 82.375964659863286, 30.026434271525606 ], [ 82.377865439972538, 30.01119429686808 ], [ 82.363015863140475, 30.010446966094431 ], [ 82.33413087647007, 30.046920362486222 ], [ 82.319977579780158, 30.049514539181828 ], [ 82.31569584074532, 30.040349591654582 ], [ 82.298519678069283, 30.037904262373779 ], [ 82.285250257433063, 30.047253815347073 ], [ 82.281327906218223, 30.061168321843592 ], [ 82.246729570819795, 30.075212501988648 ], [ 82.231236327904568, 30.064876317412157 ], [ 82.171916581421357, 30.065229124581077 ], [ 82.165892414730081, 30.081432321557912 ], [ 82.186562335253541, 30.110948455801537 ], [ 82.170830723536525, 30.121991313557203 ], [ 82.198849733168885, 30.136279988225809 ], [ 82.205565294704044, 30.153637570774841 ], [ 82.182066695282629, 30.160878550603091 ], [ 82.184484796976221, 30.190825880065955 ], [ 82.158755171458537, 30.18929447007184 ], [ 82.139127248382835, 30.198915717361736 ], [ 82.127628637310551, 30.225506850626495 ], [ 82.109391258818604, 30.226009856116885 ], [ 82.098418392465121, 30.239211762842764 ], [ 82.11814787155194, 30.258838624768973 ], [ 82.109431223405437, 30.277188763583883 ], [ 82.12829453104716, 30.302168168021147 ], [ 82.104939155545367, 30.349556845442972 ], [ 82.073573421985486, 30.358759962481784 ], [ 82.056009459643221, 30.332587380608082 ], [ 82.016306891835143, 30.344150845395255 ], [ 82.012160309008578, 30.329172393201567 ], [ 81.98843216912617, 30.320795351861161 ], [ 81.956675592723869, 30.34124502629254 ], [ 81.96221146437712, 30.350782262283751 ], [ 81.949338708303912, 30.358945494221036 ], [ 81.939499901910807, 30.347553310580508 ], [ 81.914500860525536, 30.349981289768248 ], [ 81.882168548837285, 30.360794059060932 ], [ 81.867701606662678, 30.377320225722087 ], [ 81.826393153164901, 30.375055423081037 ], [ 81.809002510189401, 30.3872613340288 ], [ 81.751133270103082, 30.388772882401579 ], [ 81.731703397412019, 30.398283021689146 ], [ 81.726846387613122, 30.411318464925987 ], [ 81.620161941074059, 30.447276505923647 ], [ 81.621959738355685, 30.424379207566613 ], [ 81.607077077436244, 30.412252717759301 ], [ 81.560833605896178, 30.428030018113422 ], [ 81.559472733577635, 30.407433832488802 ], [ 81.550792393601952, 30.402655667465773 ], [ 81.551839910506246, 30.369825301830282 ], [ 81.489472680807609, 30.381275922112209 ], [ 81.445028936060751, 30.415909585877252 ], [ 81.40805757201629, 30.421071091946708 ], [ 81.400700098952484, 30.396217669154051 ], [ 81.429349626013476, 30.383402088885916 ], [ 81.420111445682565, 30.370578995517384 ], [ 81.395291293553427, 30.367943283438091 ], [ 81.406050013186331, 30.353167208892977 ], [ 81.396407566074203, 30.323419468322331 ], [ 81.423283126740287, 30.305105260166759 ], [ 81.401922100551815, 30.293092985837774 ], [ 81.399599377825567, 30.28156617411679 ], [ 81.41660859378878, 30.281664269919919 ], [ 81.408422654290575, 30.261064739971367 ], [ 81.392008167812094, 30.250534955791064 ], [ 81.396451362713321, 30.209002269142761 ], [ 81.350642913150878, 30.178048901953918 ], [ 81.332137590337283, 30.153226632862683 ], [ 81.316772166087588, 30.151974545864217 ], [ 81.304872400656166, 30.164267657784688 ], [ 81.256264472830921, 30.146542566365753 ], [ 81.29050410748026, 30.112529246800737 ], [ 81.285215341185818, 30.105136252049807 ], [ 81.289563909119707, 30.074342228156461 ], [ 81.271969155231972, 30.045266436340441 ], [ 81.3570508107573, 30.010554544722869 ], [ 81.381950695372481, 30.007216504726848 ], [ 81.401339440707133, 30.022827350410637 ], [ 81.463154487737881, 29.995556761373056 ], [ 81.468690543018695, 29.963699161139267 ], [ 81.452876101101097, 29.949037584272357 ], [ 81.462692311960382, 29.920967993758548 ], [ 81.456432710673809, 29.901193464728134 ], [ 81.470691640626711, 29.889834354068523 ], [ 81.503992639360618, 29.892884827044917 ], [ 81.516940532147217, 29.904344419453732 ], [ 81.516886212709366, 29.92278530102276 ], [ 81.549373744764679, 29.923168203915868 ], [ 81.58490205977121, 29.936861581118357 ], [ 81.602632244336831, 29.93016426543792 ], [ 81.612895913787, 29.943239108216854 ], [ 81.626618991966879, 29.938375004385509 ], [ 81.645628019293497, 29.948164339012518 ], [ 81.665146668400226, 29.940295036554343 ], [ 81.6877897767137, 29.949085516138297 ], [ 81.715999245115952, 29.909431520419169 ], [ 81.7799722534305, 29.911071556232457 ], [ 81.799532072029564, 29.900640435584638 ], [ 81.793638159842899, 29.895542709155805 ], [ 81.79421036560349, 29.848849806286459 ], [ 81.780781067366561, 29.839285649080296 ], [ 81.780360643850287, 29.807066991086128 ], [ 81.773657847974548, 29.798156738475488 ], [ 81.764521720612237, 29.801829829222648 ], [ 81.739622929957847, 29.792241517595045 ], [ 81.727020135767958, 29.734142753500755 ], [ 81.714031502126218, 29.722318001522062 ], [ 81.697067047945225, 29.6783290980887 ], [ 81.699393436703104, 29.642084225549279 ], [ 81.715799819160011, 29.620873755289839 ], [ 81.736921308938577, 29.606600195717004 ], [ 81.773773220623539, 29.605828832911403 ], [ 81.789692831122025, 29.596679159581864 ], [ 81.798541106098199, 29.576599541159588 ], [ 81.792890385744926, 29.53060490686509 ], [ 81.777293002715993, 29.51735543792628 ], [ 81.780625942521411, 29.509188874528775 ], [ 81.762492361789697, 29.505371736242687 ], [ 81.78804984080432, 29.500048520032802 ], [ 81.803913991326041, 29.475167381518165 ], [ 81.808222362332828, 29.456354767996874 ], [ 81.797784605177966, 29.406678030678595 ], [ 81.78934656869572, 29.389042318275365 ], [ 81.768838998511228, 29.392252239731469 ], [ 81.760358833078996, 29.385775481699383 ], [ 81.749681815373648, 29.366575385765525 ], [ 81.752315778675523, 29.351822490896893 ], [ 81.739659442830344, 29.333983677304321 ], [ 81.703192913527815, 29.33061687647476 ], [ 81.670046550104914, 29.316913027499503 ], [ 81.648372183357509, 29.321204147346133 ], [ 81.643691660296, 29.355532869323515 ], [ 81.61367399167068, 29.370800599961211 ], [ 81.57628898391188, 29.36286971913762 ], [ 81.567028009018841, 29.347850628288079 ], [ 81.558454816911834, 29.357917695715415 ], [ 81.523885777507928, 29.315134932462225 ], [ 81.507967021364209, 29.314621206694525 ], [ 81.483867288075118, 29.27961904182963 ], [ 81.468066826834985, 29.271904493894063 ], [ 81.491212093543837, 29.261697879972775 ], [ 81.499628149175265, 29.238870628008758 ], [ 81.486567348269276, 29.225486020404492 ], [ 81.48732264299187, 29.173017626873015 ], [ 81.499096839249006, 29.151756894784413 ], [ 81.524673524237812, 29.152757700264694 ], [ 81.535297347001148, 29.136898572697937 ], [ 81.565559032939547, 29.126165600286519 ], [ 81.509907782407609, 29.09074361344577 ], [ 81.469390327949924, 29.078137447044885 ], [ 81.466815678046061, 29.067097693413338 ], [ 81.44414142959792, 29.053804701184571 ], [ 81.439669080201469, 29.040298341941053 ], [ 81.417805439096753, 29.021374384534781 ], [ 81.419037120806408, 29.00432580594148 ], [ 81.410146892905374, 28.996978999889116 ], [ 81.425149818904686, 28.98027112920224 ], [ 81.424029892793513, 28.966401533521505 ], [ 81.432795357268517, 28.957111264141492 ], [ 81.443953563753581, 28.958545713674834 ], [ 81.44464189987545, 28.940445160548684 ], [ 81.466535053761277, 28.928916020685342 ], [ 81.491662533202685, 28.894222456552235 ], [ 81.508984502316792, 28.889824716432742 ], [ 81.556894048042011, 28.797579679934053 ], [ 81.579881471867736, 28.780072420831697 ], [ 81.581308067447793, 28.759240376192729 ], [ 81.520465872571009, 28.749082088326929 ], [ 81.535068496366534, 28.76133982699756 ], [ 81.515475523863913, 28.780455356043067 ], [ 81.522371202749568, 28.803346004637294 ], [ 81.49824205318285, 28.82128314603257 ], [ 81.490539706764281, 28.840984461877138 ], [ 81.463271339220853, 28.852811317758214 ], [ 81.464945175180318, 28.893676659075204 ], [ 81.4406419299889, 28.900410715327162 ], [ 81.431785899279191, 28.910667331293503 ], [ 81.41417092459028, 28.914169527038023 ], [ 81.355240223829156, 28.889778599718827 ], [ 81.30205073614701, 28.92575812106185 ], [ 81.283514952520278, 28.921636392127432 ], [ 81.266129259154965, 28.902679937033039 ], [ 81.245692084122098, 28.915164261553215 ], [ 81.236636530487857, 28.905990126405356 ], [ 81.204211409398113, 28.908107326424751 ], [ 81.16878688668973, 28.921454566262373 ], [ 81.119247507149282, 28.96350907277046 ], [ 81.049916461858629, 28.978319372677149 ], [ 81.02083815300989, 28.952894757347693 ], [ 81.001849616399554, 28.956683913253954 ], [ 80.981051429926154, 28.938782449444862 ], [ 81.021178018324079, 28.919857784457992 ], [ 81.051521959587632, 28.876911612643472 ], [ 81.072301319800118, 28.876807321405881 ], [ 81.072889807741788, 28.864891503597182 ], [ 81.089168625208387, 28.862885271266062 ], [ 81.102441548932575, 28.844824311532808 ], [ 81.126012667209778, 28.851662221066057 ], [ 81.129074466469788, 28.865241931358096 ], [ 81.143390639168658, 28.873098193131685 ], [ 81.157725469928025, 28.844419111548863 ], [ 81.152998717240692, 28.830417794861074 ], [ 81.174131954785864, 28.835005447503701 ], [ 81.203417583096382, 28.816761833222795 ], [ 81.206695747692009, 28.825259270124644 ], [ 81.195210617952938, 28.833061396765167 ], [ 81.199000329338688, 28.861181948579453 ], [ 81.206155522054203, 28.862436797780884 ], [ 81.20616865574388, 28.850431042244139 ], [ 81.232010568729663, 28.83192253493732 ], [ 81.229915352630741, 28.816793729892577 ], [ 81.242118541789353, 28.810853002072847 ], [ 81.225914753175104, 28.795162069029409 ], [ 81.247767098349286, 28.779688976670482 ], [ 81.247245352445745, 28.760932215341395 ], [ 81.261103466257509, 28.745879606185415 ], [ 81.256124465774988, 28.729985021810144 ], [ 81.272457045190194, 28.727090374454978 ], [ 81.266625403554812, 28.703990260968318 ], [ 81.281190195479667, 28.695137895004482 ], [ 81.285338365141826, 28.673314477055953 ], [ 81.321122911872436, 28.667628400575932 ], [ 81.310241973000373, 28.651129169895572 ], [ 81.316054977034952, 28.637047677529988 ], [ 81.40098844924681, 28.606880191830832 ], [ 81.424649867904563, 28.587806516235975 ], [ 81.421770551579584, 28.581368014689435 ], [ 81.437997212201935, 28.559569432673843 ], [ 81.465459896625603, 28.553817882632099 ], [ 81.476114621170566, 28.539809943877483 ], [ 81.506117559066567, 28.528308958170708 ], [ 81.538758694548804, 28.494694120858419 ], [ 81.557347983975831, 28.495009457247519 ], [ 81.658456999026129, 28.415453320575445 ], [ 81.674307693709352, 28.417638386999812 ], [ 81.716645965801447, 28.384144973971985 ], [ 81.766711244430198, 28.370176794791185 ], [ 81.745089803836507, 28.313286828575848 ], [ 81.787162494677247, 28.294714405032796 ], [ 81.793651841759555, 28.273874787693501 ], [ 81.80848218657232, 28.283023701042936 ], [ 81.843554636043351, 28.272039486612272 ], [ 81.864673783105559, 28.249846748554532 ], [ 81.860921662640024, 28.238739660057405 ], [ 81.882900554514293, 28.243549005959835 ], [ 81.921572656393479, 28.226913373833067 ], [ 81.926706839016262, 28.209495231155714 ], [ 81.962690094947106, 28.194429040034148 ], [ 81.965268649277945, 28.184521310304635 ], [ 81.977924136764997, 28.182896565318146 ], [ 82.007612843923553, 28.151111588555882 ], [ 82.018224813636024, 28.181857690191126 ], [ 82.029240075647778, 28.187737651347348 ], [ 82.023121896398493, 28.201253705943696 ], [ 82.042214043561884, 28.230218531173048 ], [ 82.054313396687562, 28.242142782351344 ], [ 82.068661486376698, 28.237086564426807 ], [ 82.100819839584958, 28.259044722295481 ], [ 82.132821465489769, 28.251566777882356 ], [ 82.143819667874112, 28.237152939446432 ], [ 82.1694505281734, 28.251592204739929 ], [ 82.198698423119623, 28.242958518334994 ], [ 82.217812856903421, 28.249683282315644 ], [ 82.244003468618658, 28.237945154360371 ], [ 82.275490731539662, 28.248512045500384 ], [ 82.300400544884269, 28.245989990562137 ], [ 82.312443876846544, 28.223421167917362 ], [ 82.337572802957197, 28.223556684119195 ], [ 82.367147469431927, 28.189868121430152 ], [ 82.378088901998836, 28.184567944540209 ], [ 82.392831522826043, 28.189304647420766 ], [ 82.396823463915212, 28.16892407515763 ], [ 82.406849151454395, 28.22071639031385 ], [ 82.427643938129677, 28.230080876222985 ], [ 82.426879196678115, 28.239032604887459 ], [ 82.437326032905489, 28.246669297076309 ], [ 82.403612048892541, 28.262229779271067 ], [ 82.37609045698423, 28.315164532144788 ], [ 82.363506950710345, 28.319558643488335 ], [ 82.363191246924657, 28.340864550492487 ], [ 82.379317380574122, 28.351775579572081 ], [ 82.383590749235367, 28.37284763533329 ], [ 82.363590360955072, 28.388342747464808 ], [ 82.365593768258933, 28.403201092661984 ], [ 82.353220122770963, 28.41045250463235 ], [ 82.350383741384533, 28.421910159507856 ], [ 82.376618241080166, 28.430381363543873 ], [ 82.373826426929824, 28.448332981933575 ], [ 82.395624648586605, 28.460463038168228 ], [ 82.405643417529987, 28.4782204204034 ], [ 82.41818154901317, 28.528775823667484 ], [ 82.462950674632225, 28.52129485683384 ], [ 82.492971843730999, 28.54009031123875 ], [ 82.492335587110659, 28.552733550537383 ], [ 82.521316340622391, 28.553978027156017 ], [ 82.553419387256582, 28.581652545973689 ], [ 82.568240580290464, 28.577900912574655 ], [ 82.580580391060181, 28.586184507784267 ], [ 82.579407614961497, 28.613769319709498 ], [ 82.561240070713509, 28.610092842641116 ], [ 82.545787381515083, 28.618465228176152 ], [ 82.547971869140497, 28.627111710118317 ], [ 82.53988913663386, 28.620763433407735 ], [ 82.508357393804772, 28.627779844730309 ], [ 82.485814833985884, 28.640649591121164 ], [ 82.489933629908947, 28.659320672885439 ], [ 82.501400242164891, 28.667763489514051 ], [ 82.554662473810978, 28.644054800629256 ], [ 82.578947570742613, 28.664702046558038 ], [ 82.598918170020511, 28.669103295552517 ], [ 82.600659898451482, 28.684874237668812 ], [ 82.615902938359881, 28.689796997378647 ], [ 82.601418118956332, 28.74291081949815 ], [ 82.566030445599623, 28.743922665518394 ], [ 82.561865265498966, 28.767775712878105 ], [ 82.619735875417447, 28.809087517809129 ], [ 82.613684250557256, 28.826587062034864 ], [ 82.643057547528855, 28.866497407139022 ], [ 82.656079969380841, 28.866686574593402 ], [ 82.671814670388713, 28.852167892908543 ], [ 82.695677962009, 28.864736569695896 ], [ 82.712118106143237, 28.851555148581632 ], [ 82.741787512270875, 28.845864723860061 ], [ 82.765835260452405, 28.808605578219719 ], [ 82.781760505892336, 28.824293666752066 ], [ 82.79935475757074, 28.820700251233824 ], [ 82.817122721605188, 28.831343583543632 ], [ 82.843779208932716, 28.826524351346464 ], [ 82.86758372394857, 28.834264602107698 ], [ 82.896106673814998, 28.824736269581379 ], [ 82.904878471892573, 28.832362004101149 ], [ 82.947215065446116, 28.829037985851233 ], [ 82.965869021200376, 28.82037605689116 ], [ 82.980928041914794, 28.800751025878274 ], [ 82.997382948269717, 28.803919409991515 ], [ 83.068380565444826, 28.7799894035089 ], [ 83.079269292902509, 28.786181615662066 ], [ 83.114835490368961, 28.743244160093635 ], [ 83.155655091016044, 28.747669537240931 ], [ 83.209953131153867, 28.731979281361046 ], [ 83.229297692306673, 28.742889497062247 ], [ 83.276944417824126, 28.721984127793551 ], [ 83.325571188852322, 28.737958500014209 ], [ 83.362020975224212, 28.734185450548118 ], [ 83.388518103241864, 28.763105929828587 ], [ 83.410445196456479, 28.760672355939043 ], [ 83.483462121417929, 28.782889089078019 ], [ 83.488047274998635, 28.802117825969692 ], [ 83.480334303535614, 28.83782952203709 ], [ 83.481653877024897, 28.844727784746343 ], [ 83.50183850662998, 28.846200425484394 ], [ 83.506033738459479, 28.865239794798676 ], [ 83.499503720686192, 28.877269416808637 ], [ 83.546226497682156, 28.921892966709304 ], [ 83.558675539057134, 28.944903191389692 ], [ 83.566990488345894, 28.943402372947617 ], [ 83.58007288518435, 28.956214956679858 ], [ 83.592087020986853, 28.983707030874609 ], [ 83.609289052975541, 28.980312525992769 ], [ 83.615040693800978, 28.987754401415049 ], [ 83.612575779302006, 29.036021083474687 ], [ 83.619639177046423, 29.0597616732753 ], [ 83.631531695281851, 29.064962714212395 ], [ 83.630745654191927, 29.081076400652186 ], [ 83.615633521251226, 29.098378036853013 ], [ 83.628883545387737, 29.106908000594963 ], [ 83.649922898290214, 29.104536821988212 ], [ 83.651455910183813, 29.119138155147173 ], [ 83.660251307180928, 29.12449744533464 ], [ 83.680435469021887, 29.123510255460598 ], [ 83.676011029625926, 29.148581456449538 ], [ 83.663324915496972, 29.155763672038489 ], [ 83.666108990417712, 29.169758544742152 ], [ 83.657404127251382, 29.176170410556374 ] ] ] } },
{ "type": "Feature", "properties": { "ISO": "NP-P7", "NAME_1": "Sudurpashchim" }, "geometry": { "type": "Polygon", "coordinates": [ [ [ 81.287743317918014, 28.648645425681217 ], [ 81.281190195479667, 28.695137895004482 ], [ 81.266514664857525, 28.704218301346273 ], [ 81.272457045190194, 28.727090374454978 ], [ 81.256124465774988, 28.729985021810144 ], [ 81.261103466257509, 28.745879606185415 ], [ 81.247245352445745, 28.760932215341395 ], [ 81.247767098349286, 28.779688976670482 ], [ 81.225914753175104, 28.795162069029409 ], [ 81.242118541789353, 28.810853002072847 ], [ 81.229915352630741, 28.816793729892577 ], [ 81.232010568729663, 28.83192253493732 ], [ 81.20616865574388, 28.850431042244139 ], [ 81.206155522054203, 28.862436797780884 ], [ 81.199000329338688, 28.861181948579453 ], [ 81.195210617952938, 28.833061396765167 ], [ 81.206695747692009, 28.825259270124644 ], [ 81.203417583096382, 28.816761833222795 ], [ 81.174131954785864, 28.835005447503701 ], [ 81.152998717240692, 28.830417794861074 ], [ 81.157725469928025, 28.844419111548863 ], [ 81.143390639168658, 28.873098193131685 ], [ 81.129074466469788, 28.865241931358096 ], [ 81.126012667209778, 28.851662221066057 ], [ 81.102441548932575, 28.844824311532808 ], [ 81.089168625208387, 28.862885271266062 ], [ 81.072889807741788, 28.864891503597182 ], [ 81.072301319800118, 28.876807321405881 ], [ 81.051521959587632, 28.876911612643472 ], [ 81.021178018324079, 28.919857784457992 ], [ 80.981231836201744, 28.93922234861218 ], [ 81.001849616399554, 28.956683913253954 ], [ 81.02083815300989, 28.952894757347693 ], [ 81.049916461858629, 28.978319372677149 ], [ 81.119247507149282, 28.96350907277046 ], [ 81.16878688668973, 28.921454566262373 ], [ 81.204211409398113, 28.908107326424751 ], [ 81.236636530487857, 28.905990126405356 ], [ 81.245692084122098, 28.915164261553215 ], [ 81.266129259154965, 28.902679937033039 ], [ 81.283514952520278, 28.921636392127432 ], [ 81.30205073614701, 28.92575812106185 ], [ 81.355240223829156, 28.889778599718827 ], [ 81.41417092459028, 28.914169527038023 ], [ 81.431785899279191, 28.910667331293503 ], [ 81.4406419299889, 28.900410715327162 ], [ 81.464945175180318, 28.893676659075204 ], [ 81.463271339220853, 28.852811317758214 ], [ 81.490539706764281, 28.840984461877138 ], [ 81.49824205318285, 28.82128314603257 ], [ 81.522371202749568, 28.803346004637294 ], [ 81.515475523863913, 28.780455356043067 ], [ 81.535068496366534, 28.76133982699756 ], [ 81.520465872571009, 28.749082088326929 ], [ 81.579875988051725, 28.756972630246416 ], [ 81.579881471867736, 28.780072420831697 ], [ 81.556894048042011, 28.797579679934053 ], [ 81.508984502316792, 28.889824716432742 ], [ 81.491662533202685, 28.894222456552235 ], [ 81.466535053761277, 28.928916020685342 ], [ 81.44464189987545, 28.940445160548684 ], [ 81.443953563753581, 28.958545713674834 ], [ 81.432795357268517, 28.957111264141492 ], [ 81.424029892793513, 28.966401533521505 ], [ 81.425149818904686, 28.98027112920224 ], [ 81.410146892905374, 28.996978999889116 ], [ 81.419037120806408, 29.00432580594148 ], [ 81.417805439096753, 29.021374384534781 ], [ 81.439669080201469, 29.040298341941053 ], [ 81.44414142959792, 29.053804701184571 ], [ 81.466815678046061, 29.067097693413338 ], [ 81.469390327949924, 29.078137447044885 ], [ 81.509907782407609, 29.09074361344577 ], [ 81.565559032939547, 29.126165600286519 ], [ 81.535297347001148, 29.136898572697937 ], [ 81.524673524237812, 29.152757700264694 ], [ 81.499096839249006, 29.151756894784413 ], [ 81.48732264299187, 29.173017626873015 ], [ 81.486567348269276, 29.225486020404492 ], [ 81.499628149175265, 29.238870628008758 ], [ 81.491212093543837, 29.261697879972775 ], [ 81.468066826834985, 29.271904493894063 ], [ 81.483867288075118, 29.27961904182963 ], [ 81.507967021364209, 29.314621206694525 ], [ 81.523885777507928, 29.315134932462225 ], [ 81.558454816911834, 29.357917695715415 ], [ 81.567028009018841, 29.347850628288079 ], [ 81.57628898391188, 29.36286971913762 ], [ 81.61367399167068, 29.370800599961211 ], [ 81.643691660296, 29.355532869323515 ], [ 81.648372183357509, 29.321204147346133 ], [ 81.670046550104914, 29.316913027499503 ], [ 81.703192913527815, 29.33061687647476 ], [ 81.739659442830344, 29.333983677304321 ], [ 81.752315778675523, 29.351822490896893 ], [ 81.749681815373648, 29.366575385765525 ], [ 81.760358833078996, 29.385775481699383 ], [ 81.768838998511228, 29.392252239731469 ], [ 81.78934656869572, 29.389042318275365 ], [ 81.797784605177966, 29.406678030678595 ], [ 81.808222362332828, 29.456354767996874 ], [ 81.803913991326041, 29.475167381518165 ], [ 81.78804984080432, 29.500048520032802 ], [ 81.762492361789697, 29.505371736242687 ], [ 81.780625942521411, 29.509188874528775 ], [ 81.777293002715993, 29.51735543792628 ], [ 81.792890385744926, 29.53060490686509 ], [ 81.798541106098199, 29.576599541159588 ], [ 81.789692831122025, 29.596679159581864 ], [ 81.773773220623539, 29.605828832911403 ], [ 81.736921308938577, 29.606600195717004 ], [ 81.715799819160011, 29.620873755289839 ], [ 81.699393436703104, 29.642084225549279 ], [ 81.697067047945225, 29.6783290980887 ], [ 81.714031502126218, 29.722318001522062 ], [ 81.727020135767958, 29.734142753500755 ], [ 81.739622929957847, 29.792241517595045 ], [ 81.764521720612237, 29.801829829222648 ], [ 81.773657847974548, 29.798156738475488 ], [ 81.780360643850287, 29.807066991086128 ], [ 81.780781067366561, 29.839285649080296 ], [ 81.79421036560349, 29.848849806286459 ], [ 81.793638159842899, 29.895542709155805 ], [ 81.799532072029564, 29.900640435584638 ], [ 81.7799722534305, 29.911071556232457 ], [ 81.715999245115952, 29.909431520419169 ], [ 81.6877897767137, 29.949085516138297 ], [ 81.665146668400226, 29.940295036554343 ], [ 81.645628019293497, 29.948164339012518 ], [ 81.626618991966879, 29.938375004385509 ], [ 81.612895913787, 29.943239108216854 ], [ 81.602632244336831, 29.93016426543792 ], [ 81.58490205977121, 29.936861581118357 ], [ 81.549373744764679, 29.923168203915868 ], [ 81.516886212709366, 29.92278530102276 ], [ 81.516940532147217, 29.904344419453732 ], [ 81.503992639360618, 29.892884827044917 ], [ 81.470691640626711, 29.889834354068523 ], [ 81.456432710673809, 29.901193464728134 ], [ 81.462692311960382, 29.920967993758548 ], [ 81.452876101101097, 29.949037584272357 ], [ 81.468690543018695, 29.963699161139267 ], [ 81.463154487737881, 29.995556761373056 ], [ 81.412641398873632, 30.01862889940622 ], [ 81.401339440707133, 30.022827350410637 ], [ 81.376616567146144, 30.006467255207767 ], [ 81.271969155231972, 30.045266436340441 ], [ 81.237423520118966, 30.031834375074386 ], [ 81.253656873677969, 30.019696739690009 ], [ 81.231721414831867, 30.007699773020434 ], [ 81.217472444273099, 30.007311308333602 ], [ 81.207292548505265, 30.02075908731582 ], [ 81.194962770210225, 30.022895785093592 ], [ 81.184025924319087, 30.010792974056429 ], [ 81.133359931856361, 30.016046122710943 ], [ 81.090912177171134, 30.054222323057594 ], [ 81.108115658005445, 30.088025406754898 ], [ 81.098329174178403, 30.100014015192386 ], [ 81.081236019712065, 30.100526430285097 ], [ 81.083163676214227, 30.148189494881208 ], [ 81.043903277384103, 30.180585216907961 ], [ 81.042499558062772, 30.193594962793295 ], [ 81.03358579132636, 30.197018957709613 ], [ 81.045139469716077, 30.210056308547678 ], [ 81.029052582406123, 30.219840292928691 ], [ 81.028883065664104, 30.232964543388338 ], [ 80.988723745171853, 30.246722959697298 ], [ 80.976192314167648, 30.237895885229673 ], [ 80.927494699929852, 30.235785014374397 ], [ 80.897265403548801, 30.212261170556793 ], [ 80.880147235890817, 30.181239209727817 ], [ 80.86315409341519, 30.169546226385609 ], [ 80.87757411841568, 30.12849812424485 ], [ 80.844999199907534, 30.116022703140711 ], [ 80.845301704527714, 30.102316695583855 ], [ 80.83715466108751, 30.097446365248413 ], [ 80.81548635548279, 30.096348629162975 ], [ 80.779510989258313, 30.056651374262575 ], [ 80.761274999716633, 30.049496821514659 ], [ 80.747028821997148, 30.005935210712636 ], [ 80.719640691883754, 30.000306458583147 ], [ 80.674171992686126, 29.957176348832174 ], [ 80.648679027226208, 29.955910897174743 ], [ 80.630327028163947, 29.965160038697721 ], [ 80.60301696808051, 29.95839533803974 ], [ 80.574334560925877, 29.923463228676148 ], [ 80.572722747919741, 29.895255444968399 ], [ 80.552787418360765, 29.850399759102228 ], [ 80.507350559706239, 29.823099843383439 ], [ 80.493783560081908, 29.795844944636276 ], [ 80.444245204152381, 29.799128458500725 ], [ 80.434830076191972, 29.80601512706928 ], [ 80.429012067636435, 29.798102680935617 ], [ 80.406975411658209, 29.794451004721815 ], [ 80.39762320493999, 29.759286096313474 ], [ 80.365876635144858, 29.747772234637161 ], [ 80.366149403573161, 29.724850844968937 ], [ 80.375452821423835, 29.720275766762061 ], [ 80.384591424721449, 29.67440515662679 ], [ 80.398198114296505, 29.658854855650471 ], [ 80.414605873750986, 29.653984142020363 ], [ 80.420320076157878, 29.639142928067706 ], [ 80.421028378840148, 29.629790008797254 ], [ 80.405797244444287, 29.61284661075403 ], [ 80.408076522437227, 29.595391974871742 ], [ 80.388021782145344, 29.571771024509474 ], [ 80.379193562838381, 29.57149550497072 ], [ 80.378916761669203, 29.561341898620903 ], [ 80.363727430476672, 29.564082704929547 ], [ 80.364112746088821, 29.556629912525239 ], [ 80.342776986929294, 29.552932941533779 ], [ 80.341919866613864, 29.540335869800977 ], [ 80.358078521006561, 29.532545239528343 ], [ 80.349734445438131, 29.51892836082013 ], [ 80.313944989244959, 29.499070926974884 ], [ 80.313147953129658, 29.484538663916499 ], [ 80.299165402068084, 29.490605360543498 ], [ 80.286723890988753, 29.476895316462357 ], [ 80.302584086045783, 29.453119875929406 ], [ 80.280569644354415, 29.450936566747707 ], [ 80.276297047278547, 29.458564296685061 ], [ 80.269261256534961, 29.455061354575875 ], [ 80.274366705009143, 29.44954506140807 ], [ 80.258218199073553, 29.451813153350216 ], [ 80.243043533656859, 29.443794914754029 ], [ 80.241730968124727, 29.411616121329121 ], [ 80.274740101544268, 29.393042331456421 ], [ 80.279006617423946, 29.378577746113759 ], [ 80.271209157912196, 29.364539288589405 ], [ 80.279424484030073, 29.359465990188664 ], [ 80.280222767615825, 29.346279491165674 ], [ 80.29628990907888, 29.324248822053519 ], [ 80.317004028314486, 29.314797022880491 ], [ 80.318038778808571, 29.301669959191038 ], [ 80.304378095154661, 29.285316084585968 ], [ 80.300437558258039, 29.242144974599455 ], [ 80.290780045489086, 29.231612036789649 ], [ 80.297369742492421, 29.205115733369251 ], [ 80.287325521906496, 29.195225667181937 ], [ 80.275084763591039, 29.207096904824965 ], [ 80.260902400026964, 29.206746393598742 ], [ 80.248406203815662, 29.221043025053461 ], [ 80.240890582631366, 29.202490743440499 ], [ 80.258013220586122, 29.187381368019366 ], [ 80.258441432427361, 29.165812775616796 ], [ 80.271750789039558, 29.142122285310908 ], [ 80.254173884344709, 29.137992464169276 ], [ 80.233378531635836, 29.118503360145674 ], [ 80.20980683189984, 29.121880826529885 ], [ 80.183555255676168, 29.137127458373513 ], [ 80.144474190557958, 29.103042138412125 ], [ 80.128597690695116, 29.061099703425295 ], [ 80.136581943906023, 29.058927188136927 ], [ 80.124672706392587, 29.013100475300622 ], [ 80.135691098633785, 29.007320584771737 ], [ 80.126909568955028, 29.006068286395216 ], [ 80.118041338693303, 28.981718967091698 ], [ 80.100349310416718, 28.986498873936853 ], [ 80.058584515234486, 28.916451519912687 ], [ 80.064849966415963, 28.837401124203957 ], [ 80.075086512248134, 28.824411084143868 ], [ 80.118217867786825, 28.828848106718098 ], [ 80.171043290119158, 28.782409755863856 ], [ 80.216155603305893, 28.755433742814564 ], [ 80.251558556221639, 28.75743453397396 ], [ 80.265170845984954, 28.743584113411892 ], [ 80.25629976985762, 28.729434643378855 ], [ 80.277671898925533, 28.710026270576144 ], [ 80.293749748415635, 28.71137670856465 ], [ 80.317378701279296, 28.699891684497928 ], [ 80.325997597280249, 28.666406224080912 ], [ 80.36045653268252, 28.645429151090276 ], [ 80.360824382172893, 28.635572824878334 ], [ 80.376435677038629, 28.628385991675692 ], [ 80.418494037422434, 28.639083242271003 ], [ 80.451691049768172, 28.628686607262225 ], [ 80.464398342110286, 28.614994471952556 ], [ 80.468313291386181, 28.583445270692785 ], [ 80.481176510652304, 28.585423864488607 ], [ 80.517691742991389, 28.551873112850974 ], [ 80.530778400323371, 28.572323864752427 ], [ 80.521583824447077, 28.577263794748703 ], [ 80.506211164115882, 28.671049931477704 ], [ 80.539901398050034, 28.690695566011495 ], [ 80.590460244249982, 28.679786066931747 ], [ 80.580237109811222, 28.661339788633761 ], [ 80.597643072863448, 28.656016807561411 ], [ 80.589770396776103, 28.64779522802915 ], [ 80.606299637289993, 28.652423683874069 ], [ 80.61162249042485, 28.639357089855583 ], [ 80.641561542559671, 28.643328769407628 ], [ 80.651283115163821, 28.63397400863963 ], [ 80.66765951283557, 28.641949276942409 ], [ 80.679608157975323, 28.620521917830949 ], [ 80.677440766659828, 28.604404892505542 ], [ 80.695766726374941, 28.603432080297416 ], [ 80.690323908288562, 28.587136343424987 ], [ 80.714675958096933, 28.567944238134665 ], [ 80.72457294282448, 28.57486108966129 ], [ 80.738805585219964, 28.565939904847532 ], [ 80.738455002771559, 28.574274938000872 ], [ 80.768020367332113, 28.565679410849508 ], [ 80.769581841975693, 28.549766221182786 ], [ 80.789585159906096, 28.54343236823015 ], [ 80.789051404771911, 28.524427190917983 ], [ 80.815522054942562, 28.520720795683435 ], [ 80.844417525550526, 28.495530552218188 ], [ 80.865603616624071, 28.489626673272614 ], [ 80.861621491228718, 28.50420764474271 ], [ 80.896162901446175, 28.505713804945877 ], [ 80.908669705780184, 28.49763733310261 ], [ 80.901480181967742, 28.485759034999546 ], [ 80.905770663114467, 28.465848374775607 ], [ 80.915700568711074, 28.45770618982424 ], [ 80.914532754031399, 28.467875544282315 ], [ 80.917644521815461, 28.459807706628311 ], [ 80.930641853602822, 28.457680814031555 ], [ 80.94260280976161, 28.468503894609348 ], [ 80.932336983097883, 28.458662930731339 ], [ 80.951653722510414, 28.455654949005368 ], [ 80.951802829464555, 28.447598823588478 ], [ 80.967105853854477, 28.457056072640551 ], [ 80.979894584238579, 28.455321390642187 ], [ 80.965369830653188, 28.43780052423822 ], [ 80.979154827274414, 28.43441482157488 ], [ 80.977911804156207, 28.442556612746991 ], [ 80.989240406820727, 28.44171195713475 ], [ 80.999766095302988, 28.454068565726558 ], [ 81.017519287662921, 28.451700880369359 ], [ 81.01304991861285, 28.438289381348739 ], [ 81.019267367104462, 28.431748441179142 ], [ 81.029639976389632, 28.438618432458679 ], [ 81.033828076166117, 28.42798934437981 ], [ 81.01680495327976, 28.415832573959385 ], [ 81.032382735808142, 28.398817094780608 ], [ 81.03488591477101, 28.413428770915868 ], [ 81.06738618422014, 28.394511115266123 ], [ 81.05956724879519, 28.409950461756296 ], [ 81.085867729739192, 28.438423086573472 ], [ 81.090639848603331, 28.456973425375342 ], [ 81.109008285696802, 28.461476486906118 ], [ 81.147308751847035, 28.498237929540061 ], [ 81.160173891993281, 28.501465167539926 ], [ 81.168115323107003, 28.524227529767568 ], [ 81.268794768423732, 28.617863732609589 ], [ 81.287743317918014, 28.648645425681217 ] ] ] } }
]
}
