{
"type": "FeatureCollection",
"name": "norway",
"crs": { "type": "name", "properties": { "name": "urn:ogc:def:crs:OGC:1.3:CRS84" } },
"features": [
{ "type": "Feature", "properties": { "ISO": "NO-33", "NAME_1": "Buskerud" }, "geometry": { "type": "MultiPolygon", "coordinates": [ [ [ [ 7.488255641989379, 60.09892437096184 ], [ 7.583067094690973, 60.175719870653396 ], [ 7.609744923180272, 60.24409457211759 ], [ 7.673699758905137, 60.29433321785264 ], [ 7.69404021942343, 60.42635443795758 ], [ 7.732119775441349, 60.52097259797499 ], [ 7.673173951082214, 60.53739179192962 ], [ 7.639577598607103, 60.55958836201435 ], [ 7.621700132627758, 60.596146617101724 ], [ 7.635841595654762, 60.63290926049558 ], [ 7.54631589527833, 60.657408605500095 ], [ 7.438829706634723, 60.66003840171025 ], [ 7.614698586354114, 60.744191880435416 ], [ 7.685212182817531, 60.732010337368656 ], [ 7.70441800540215, 60.73912305043448 ], [ 7.726225193005437, 60.76112885809982 ], [ 7.7215482707910255, 60.7900702422987 ], [ 7.704445679498094, 60.79276816794435 ], [ 7.803020809247972, 60.89673368651187 ], [ 7.851505825340556, 60.91992494635485 ], [ 7.879041550804096, 60.92405359014593 ], [ 7.935192291472962, 60.89725147022165 ], [ 7.980079675092924, 60.901639005867615 ], [ 8.040879663880256, 60.89321820764026 ], [ 8.138181785216744, 60.972725258864564 ], [ 8.153928345808456, 60.98223612805986 ], [ 8.18387171761906, 60.96900539168646 ], [ 8.223113585666596, 60.968092457250805 ], [ 8.232827193342679, 60.994567555884714 ], [ 8.228703753047135, 61.00902462209705 ], [ 8.25731876825246, 61.008547716048575 ], [ 8.282668240136484, 61.033333204682165 ], [ 8.239994784191982, 61.04957526210451 ], [ 8.214423919540415, 61.05390829420208 ], [ 8.25170092677598, 61.07393834823802 ], [ 8.309207698146066, 61.09172013090259 ], [ 8.366327032172947, 61.04826717694298 ], [ 8.44226475144124, 61.02104265451862 ], [ 8.509485130487409, 61.01841285830845 ], [ 8.543247527538181, 61.00973316822621 ], [ 8.626435859943609, 60.971349044267534 ], [ 8.62109475942656, 60.951904903376864 ], [ 8.654054607694977, 60.9359489895836 ], [ 8.814481341878032, 60.900589812560966 ], [ 8.890585105721986, 60.896624679415076 ], [ 8.918978728159768, 60.86337751489283 ], [ 8.937631068825521, 60.86074771868267 ], [ 9.088814654963528, 60.81646358561 ], [ 9.146902582348424, 60.80683008343081 ], [ 9.193976219547903, 60.790220127056784 ], [ 9.216253866782223, 60.77057159785962 ], [ 9.291306014980332, 60.76186465600318 ], [ 9.304644929224981, 60.74510481487107 ], [ 9.332097632400693, 60.729898324868266 ], [ 9.319450570554624, 60.6819079505046 ], [ 9.35265948568653, 60.667123863001876 ], [ 9.36616444450684, 60.64793861396609 ], [ 9.360463580742529, 60.63893190259346 ], [ 9.381136130412141, 60.619828408880274 ], [ 9.423339126725608, 60.6118027613788 ], [ 9.435155965693376, 60.59956671476364 ], [ 9.410664390783595, 60.58290225484122 ], [ 9.417610588865353, 60.54758395547988 ], [ 9.445340033000495, 60.544477253221245 ], [ 9.478687318612119, 60.530142819992804 ], [ 9.578867545926705, 60.534407722654876 ], [ 9.607067449692883, 60.53884976184924 ], [ 9.619991252498384, 60.50776911337578 ], [ 9.610083926150697, 60.501446701761715 ], [ 9.676944541949604, 60.483092631838986 ], [ 9.800896817679448, 60.4542330029627 ], [ 9.830369729859015, 60.45641314489859 ], [ 9.824585843806876, 60.49452475111528 ], [ 9.811302277754113, 60.51180237595717 ], [ 9.817169186094082, 60.52602780208882 ], [ 9.810472054875813, 60.55608650902983 ], [ 9.8431551621848, 60.58663574790642 ], [ 9.853394577683805, 60.56769576483842 ], [ 9.880708910379798, 60.58385606693817 ], [ 9.943667478650706, 60.60302769008686 ], [ 9.952246448393115, 60.61088982694314 ], [ 9.92025519348271, 60.620141804283556 ], [ 9.903124928093835, 60.63427184920551 ], [ 9.962900975331268, 60.63792358694812 ], [ 10.035324084414768, 60.63205082960833 ], [ 10.064796996594335, 60.60781037645871 ], [ 10.094048516006357, 60.55956111024015 ], [ 10.124794436599316, 60.535525045397016 ], [ 10.154295022874827, 60.524774220475685 ], [ 10.176157558669999, 60.477724032321866 ], [ 10.173085734020297, 60.47153787957879 ], [ 10.19428409151283, 60.400315367710846 ], [ 10.199154732398844, 60.375543504964355 ], [ 10.238036837199118, 60.34136978011936 ], [ 10.279658677497775, 60.29373367882027 ], [ 10.319481701560122, 60.26319806583078 ], [ 10.3091039155814, 60.246383721150266 ], [ 10.35739521300238, 60.21684279791902 ], [ 10.37480221935069, 60.223819252113856 ], [ 10.41944053610716, 60.20797234541739 ], [ 10.495212210799796, 60.17264042016895 ], [ 10.56068912180154, 60.16555495887733 ], [ 10.588418565936681, 60.149680800406664 ], [ 10.600733538631431, 60.13161287411302 ], [ 10.572782701728741, 60.116787908949 ], [ 10.597301950734467, 60.07728646224818 ], [ 10.5807528413604, 60.07623726894154 ], [ 10.489151583788223, 60.017264429575846 ], [ 10.477749856259601, 60.03218477594956 ], [ 10.435436163562363, 60.02993650457818 ], [ 10.434771985259726, 60.01347643296225 ], [ 10.417032889760097, 60.00803970400963 ], [ 10.422318642085258, 59.98773713223171 ], [ 10.388971356473636, 59.982109640859704 ], [ 10.358114739496905, 59.96799322182485 ], [ 10.348262761341108, 59.951328761902424 ], [ 10.371841091084761, 59.929758982624264 ], [ 10.377292887985583, 59.91121415028214 ], [ 10.362265853888395, 59.905423148264944 ], [ 10.349535769754496, 59.87650901584027 ], [ 10.328475782741679, 59.8739337231785 ], [ 10.331519933295436, 59.855511523820276 ], [ 10.350421340824681, 59.83935122172053 ], [ 10.35645429374031, 59.804169181230186 ], [ 10.322581200305766, 59.79367724816374 ], [ 10.332184111598075, 59.781618338080875 ], [ 10.311096450489314, 59.76867374533656 ], [ 10.32152958465992, 59.750074409446036 ], [ 10.31285607972136, 59.722442603352754 ], [ 10.285272120386008, 59.7493249424037 ], [ 10.256444419623804, 59.749602691237 ], [ 10.214069566236997, 59.74042375360334 ], [ 10.226470011060702, 59.73104642394589 ], [ 10.266498113599152, 59.72185426017731 ], [ 10.26735147754401, 59.71210659874214 ], [ 10.316473239619842, 59.69160608961796 ], [ 10.34610096908035, 59.689939596618196 ], [ 10.374875334595998, 59.67709701961202 ], [ 10.39127592291122, 59.64375393348167 ], [ 10.411143302252423, 59.623848600428836 ], [ 10.405836445220341, 59.590624549512754 ], [ 10.38935585403529, 59.58085043580775 ], [ 10.407276496877289, 59.56812689401584 ], [ 10.384264625027798, 59.53422987759417 ], [ 10.344222343333392, 59.56349513739558 ], [ 10.33110482185629, 59.60686633603259 ], [ 10.335588025399096, 59.63231949313405 ], [ 10.315081520305142, 59.661778661042696 ], [ 10.261366100079282, 59.67387844878686 ], [ 10.22317584767759, 59.66534864346271 ], [ 10.191710400590107, 59.671562047979975 ], [ 10.154488741546428, 59.66710638289851 ], [ 10.115523614458326, 59.67066273943143 ], [ 10.088901134160913, 59.642566160232704 ], [ 10.037454989802399, 59.64053590305491 ], [ 10.004578163821812, 59.66449021257545 ], [ 9.974579443819323, 59.63231949313405 ], [ 9.981082856365987, 59.61795780813141 ], [ 9.932929929424722, 59.60386864087075 ], [ 9.94184098831845, 59.58691803731924 ], [ 9.921251460936666, 59.582544127560375 ], [ 9.988859277326043, 59.530643123599205 ], [ 10.025001646627935, 59.512343557224874 ], [ 10.059954029804267, 59.47303287294345 ], [ 10.013267829947994, 59.458521303182714 ], [ 9.998323818138635, 59.46699660495847 ], [ 9.944774442488434, 59.46829106423289 ], [ 9.920559608538086, 59.45553723390797 ], [ 9.852951792148712, 59.45833054076332 ], [ 9.819106372810111, 59.46919037278145 ], [ 9.775132234356278, 59.45703608148889 ], [ 9.75850010269438, 59.45827603721492 ], [ 9.778093362622204, 59.41200252462576 ], [ 9.704120504165882, 59.41174363277088 ], [ 9.660118691616105, 59.407873880834686 ], [ 9.624612826520908, 59.42490623970878 ], [ 9.621374957295547, 59.43843674559837 ], [ 9.586837685558363, 59.450631914552226 ], [ 9.584596083786959, 59.466424317700294 ], [ 9.552023672861747, 59.487258299075094 ], [ 9.47174112053036, 59.48221672084836 ], [ 9.46858627359283, 59.494302882705426 ], [ 9.515272473449103, 59.538110109729615 ], [ 9.47199018739385, 59.5573498623138 ], [ 9.423007037574287, 59.64099918321629 ], [ 9.405572357130037, 59.65882184354215 ], [ 9.405295616170605, 59.68453389249849 ], [ 9.333287618526253, 59.69277755419356 ], [ 9.354790391074161, 59.718244337182114 ], [ 9.33896080819462, 59.71951154468235 ], [ 9.344108190040064, 59.757296129608655 ], [ 9.367741867975607, 59.78133219445179 ], [ 9.329551615573912, 59.79401789534122 ], [ 9.23570875623033, 59.81186780744128 ], [ 9.186089102204074, 59.82701979389568 ], [ 9.178810814970998, 59.865621932047944 ], [ 9.188579770838967, 59.89690696882789 ], [ 9.174299937332247, 59.90001367108653 ], [ 9.19259251475074, 59.916814389879946 ], [ 9.17950266736958, 59.929064062382196 ], [ 9.13929220596403, 59.93928347770666 ], [ 9.104284474595808, 59.95893200690382 ], [ 9.058594542193493, 59.961984205614066 ], [ 9.01921430366624, 59.9840308909407 ], [ 8.99278554204043, 59.98077430392397 ], [ 9.002388453332742, 59.996811973039826 ], [ 8.989852087870446, 60.01268613151049 ], [ 8.978727101301256, 60.06862039805304 ], [ 8.944992378346427, 60.10058672918795 ], [ 8.832773919296525, 60.14942190855178 ], [ 8.809333960032587, 60.152760250891106 ], [ 8.769040476339207, 60.170010623958795 ], [ 8.722852410209914, 60.1831051014612 ], [ 8.659866167843063, 60.17201362936239 ], [ 8.565220759717127, 60.177245970008514 ], [ 8.48610051941536, 60.16879792000696 ], [ 8.384287520440118, 60.181170225493105 ], [ 8.284273337701192, 60.175106705733924 ], [ 8.20877840396799, 60.18826931267183 ], [ 8.104114973110597, 60.18378639581616 ], [ 8.057677840117812, 60.163592831135034 ], [ 7.920940132062185, 60.137144984275324 ], [ 7.812845113307827, 60.102644238139945 ], [ 7.764664512270619, 60.115929478061744 ], [ 7.645997988865938, 60.12685743951537 ], [ 7.488255641989379, 60.09892437096184 ] ] ] ] } },
{ "type": "Feature", "properties": { "ISO": "NO-42", "NAME_1": "Agder" }, "geometry": { "type": "MultiPolygon", "coordinates": [ [ [ [ 9.366064009860297, 58.771377921903486 ], [ 9.349318546240763, 58.75446829994481 ], [ 9.284596224548011, 58.7415992706688 ], [ 9.20843349246952, 58.748252016532966 ], [ 9.158271693085892, 58.73896726981995 ], [ 9.109683283475594, 58.75129402756429 ], [ 9.067495103451723, 58.72730181882155 ], [ 9.126057204167537, 58.72404818963152 ], [ 9.121097026238056, 58.71976292191782 ], [ 9.1920329041543, 58.71965711283847 ], [ 9.235634468211838, 58.729153477710184 ], [ 9.240647981387873, 58.71732931309276 ], [ 9.208753503948842, 58.70682776196721 ], [ 9.122857089374325, 58.698918533285756 ], [ 9.0749887055925, 58.68418461898619 ], [ 9.11632352167151, 58.690427354667875 ], [ 9.198299795624342, 58.696286532436915 ], [ 9.229180903378857, 58.6892502286601 ], [ 9.202859959204673, 58.66622352776643 ], [ 9.166885335404292, 58.65666103222012 ], [ 9.164431914062828, 58.66708322653615 ], [ 9.121550375833761, 58.65028603518925 ], [ 9.14096440557926, 58.650629914697134 ], [ 9.07306863671657, 58.6224979257248 ], [ 9.028187026741744, 58.612789942694384 ], [ 9.013573169186067, 58.596455666069645 ], [ 8.988052253710187, 58.58423471740465 ], [ 8.971438324408751, 58.60497329695736 ], [ 8.93183690384273, 58.62140015652654 ], [ 8.944717365885415, 58.590702297379956 ], [ 8.97079830145011, 58.588202557880294 ], [ 8.96101128370753, 58.568971757708326 ], [ 8.96671815508876, 58.55320620488509 ], [ 8.921169854532016, 58.53078790619769 ], [ 8.886208600416154, 58.52393676830974 ], [ 8.898182363267429, 58.51810404281054 ], [ 8.8850085573687, 58.498278066567224 ], [ 8.861247705029086, 58.49605607590086 ], [ 8.822979665626903, 58.472420972800926 ], [ 8.757643988598783, 58.455941208692074 ], [ 8.710842309748031, 58.43430325196488 ], [ 8.727856253398617, 58.4239207360536 ], [ 8.701508641601157, 58.39354030414507 ], [ 8.728949625952966, 58.393579982549824 ], [ 8.68937487301022, 58.36669125025986 ], [ 8.668840803087097, 58.367656758108936 ], [ 8.671080883442347, 58.3555416185233 ], [ 8.646146655678555, 58.34333389599322 ], [ 8.601691727676158, 58.33587435589901 ], [ 8.579930947082303, 58.32635153875745 ], [ 8.571583980996671, 58.310982769981784 ], [ 8.538089446161031, 58.30016379161818 ], [ 8.512461860192044, 58.281686881136594 ], [ 8.538222784277416, 58.28521825915992 ], [ 8.531875889937542, 58.27072241528889 ], [ 8.501261458415794, 58.25967859263167 ], [ 8.465446840355074, 58.25720530540185 ], [ 8.438832552324847, 58.26446645347228 ], [ 8.433125680943615, 58.27871100077986 ], [ 8.444966105678507, 58.297346624880475 ], [ 8.409524834343662, 58.26654295665454 ], [ 8.428592184986561, 58.266080041932376 ], [ 8.438939222817954, 58.25071127315671 ], [ 8.417258445093928, 58.24370142164973 ], [ 8.392457555446521, 58.255895918044885 ], [ 8.371016786331987, 58.236889962166536 ], [ 8.322775055824287, 58.21070221502727 ], [ 8.284187004942783, 58.21293743182855 ], [ 8.295520744835416, 58.200359377520755 ], [ 8.249945776655395, 58.20018743776681 ], [ 8.30501441872195, 58.19377276233118 ], [ 8.268853121558633, 58.16232101349422 ], [ 8.253225894318438, 58.1562634437014 ], [ 8.207997605241015, 58.18677613695912 ], [ 8.21234442783513, 58.174131951976726 ], [ 8.240105423666261, 58.1618845510419 ], [ 8.238025349050671, 58.14343409283014 ], [ 8.25138582831234, 58.13007569656213 ], [ 8.202104060496845, 58.11528887772289 ], [ 8.211517731513549, 58.143619258719006 ], [ 8.194877134588838, 58.1461454504885 ], [ 8.207517588022032, 58.16369653152578 ], [ 8.187490202941168, 58.163617174716265 ], [ 8.195037140328498, 58.15207075893213 ], [ 8.173463033097581, 58.12596236860237 ], [ 8.152608951695136, 58.12953342503046 ], [ 8.149382169278645, 58.10562057309723 ], [ 8.130154812896086, 58.115381460667315 ], [ 8.113674221711033, 58.10937679541417 ], [ 8.083193128305671, 58.12487782553903 ], [ 8.059592281705719, 58.124732338054926 ], [ 8.07209939702253, 58.14014078523535 ], [ 8.048045200826872, 58.14988844667052 ], [ 8.087726624262725, 58.186075151808424 ], [ 8.032764652689275, 58.23632123836503 ], [ 8.054418762790023, 58.20059744794929 ], [ 8.03297799367549, 58.19684122563235 ], [ 8.048685223785515, 58.18850876063349 ], [ 8.038124844967909, 58.14700514925822 ], [ 8.005136994974528, 58.14646287772655 ], [ 7.998870103504484, 58.13331609961724 ], [ 7.986069644331629, 58.14492864607597 ], [ 7.965642244901613, 58.13487678353766 ], [ 7.977642675376165, 58.104258281200586 ], [ 7.974229219596737, 58.08743463758385 ], [ 7.92753421123909, 58.08743463758385 ], [ 7.91750718488702, 58.07258168807001 ], [ 7.839584389672261, 58.06582313312649 ], [ 7.806009851966792, 58.08022639405309 ], [ 7.768621844132742, 58.06924870207047 ], [ 7.748701129544985, 58.07169553703045 ], [ 7.716246632017141, 58.05238538004897 ], [ 7.70464621589174, 58.05839004530211 ], [ 7.6720583802475115, 58.10023753618527 ], [ 7.686672237803188, 58.07160295408602 ], [ 7.70837968315049, 58.051089218826924 ], [ 7.662111356765271, 58.043193216280386 ], [ 7.681312045524555, 58.0387756872175 ], [ 7.669364950296556, 58.013685709276494 ], [ 7.626990096909749, 58.019372947291586 ], [ 7.585148595988477, 58.008038149666156 ], [ 7.503438998268415, 58.00900365751523 ], [ 7.5029589810494315, 58.02024587219623 ], [ 7.431809762146976, 58.01470412166525 ], [ 7.42356946655445, 58.02811542247293 ], [ 7.4468769692983585, 58.03576012845601 ], [ 7.407862236444425, 58.0452432671928 ], [ 7.431703091653869, 58.03156744368674 ], [ 7.404582118781381, 58.0271102362191 ], [ 7.425942885026084, 58.021184927775465 ], [ 7.402075362193363, 58.00888462230096 ], [ 7.3376197167333785, 58.02808897020309 ], [ 7.3165789619679975, 58.042214482296394 ], [ 7.3191390538025685, 58.02531148187014 ], [ 7.2761508450803944, 58.02695152260007 ], [ 7.281297696372814, 58.049502082636664 ], [ 7.244736384860344, 58.05115534950152 ], [ 7.224068976820838, 58.032572629940574 ], [ 7.174627203265683, 58.054977702493055 ], [ 7.1731071487389055, 58.04070670291565 ], [ 7.141612685649026, 58.04282288450266 ], [ 7.122465332136295, 58.02576117045738 ], [ 7.105051374136556, 58.041447366471104 ], [ 7.116278443536082, 58.017613871347386 ], [ 7.111664944709199, 58.00724458157103 ], [ 7.05702298461507, 57.98025004020171 ], [ 7.034968860165171, 57.98814604274825 ], [ 7.038355648321323, 58.02171397317222 ], [ 7.06374322568082, 58.04179124597899 ], [ 7.147026213174213, 58.07215845175261 ], [ 7.1488929468035876, 58.051684394898274 ], [ 7.166093563817112, 58.074525929903075 ], [ 7.181854129173691, 58.116135350357695 ], [ 7.148146253351838, 58.09132312124998 ], [ 7.138172562246321, 58.0711003609591 ], [ 7.105958073327967, 58.08305678692572 ], [ 7.106091411444352, 58.06878578734831 ], [ 7.074516945484641, 58.058046165794224 ], [ 7.051342780857116, 58.057596477206985 ], [ 7.017101552569727, 58.033643946869 ], [ 6.988833871896338, 58.028961895107734 ], [ 6.975473392634669, 58.04656588068469 ], [ 7.011794695537647, 58.05963330198448 ], [ 7.012728062352334, 58.08418100839382 ], [ 7.059556408826365, 58.113781098342145 ], [ 7.044542536921536, 58.12225905082511 ], [ 6.974726699182919, 58.05522899905652 ], [ 6.940432135648976, 58.04979305760488 ], [ 6.933605224090121, 58.08146965073546 ], [ 6.9529392509657875, 58.09458997657493 ], [ 6.939365430717905, 58.099549777169486 ], [ 6.913791179995471, 58.07308428119693 ], [ 6.813014231632509, 58.09634905251913 ], [ 6.904110832745999, 58.12658399694356 ], [ 6.9628329392014745, 58.12137289978555 ], [ 6.999340915467389, 58.123039392785316 ], [ 7.035662218370367, 58.13155702367304 ], [ 7.0290219801744485, 58.145219621044184 ], [ 6.989073880505828, 58.13150411913336 ], [ 6.930111765440861, 58.12970536478441 ], [ 6.853522351389941, 58.15398854849536 ], [ 6.821307862471588, 58.18561223708627 ], [ 6.794106886729269, 58.18537416665772 ], [ 6.812960896385954, 58.16459590870026 ], [ 6.805307288505518, 58.156329574375995 ], [ 6.850428907089835, 58.14449218362365 ], [ 6.868029538452511, 58.13417579838696 ], [ 6.85618911371762, 58.11835734102405 ], [ 6.809867452085848, 58.10827902621591 ], [ 6.7795996996667, 58.116743752563956 ], [ 6.748825262405292, 58.110130685104544 ], [ 6.74354507299649, 58.12996988748278 ], [ 6.761919065434192, 58.162519405518005 ], [ 6.745278468509481, 58.17442292694494 ], [ 6.739438259011864, 58.131967033855524 ], [ 6.748478583302694, 58.117457963849574 ], [ 6.735678124129839, 58.10494604021637 ], [ 6.806053981957268, 58.09571419804303 ], [ 6.77645292012004, 58.078295378354944 ], [ 6.814134271810133, 58.08440585268744 ], [ 6.820401163280177, 58.066021525150276 ], [ 6.790720098573118, 58.063455654976025 ], [ 6.772666117614737, 58.07155004954634 ], [ 6.726184450243304, 58.06251659939679 ], [ 6.719037527205126, 58.0693412850149 ], [ 6.680609482063282, 58.06897095323717 ], [ 6.653675182553732, 58.07631145811712 ], [ 6.6273809060028235, 58.07022743605446 ], [ 6.61895393704736, 58.08719656715531 ], [ 6.598926551966496, 58.0850142548937 ], [ 6.592899669105943, 58.09650776613816 ], [ 6.5534315866563055, 58.11769603427811 ], [ 6.597593170802657, 58.13150411913336 ], [ 6.621594031751762, 58.15810187645511 ], [ 6.622820742422494, 58.17886690827766 ], [ 6.691009855141227, 58.178787551468155 ], [ 6.679409439015827, 58.19481762698977 ], [ 6.717117458329198, 58.20516046449629 ], [ 6.768505968383558, 58.23232694561955 ], [ 6.843922007010299, 58.25916277336984 ], [ 6.789466720279109, 58.25307875130718 ], [ 6.784213198493584, 58.244309823856 ], [ 6.711650595557457, 58.22289671142242 ], [ 6.681782857487461, 58.25827662233027 ], [ 6.661702137160043, 58.26240317642495 ], [ 6.6729292065595684, 58.281250418684266 ], [ 6.647194950097473, 58.29452945814277 ], [ 6.646768268125045, 58.26438709666277 ], [ 6.667222335178337, 58.24036843565019 ], [ 6.646848270994875, 58.23367601138126 ], [ 6.632607760165073, 58.24170427527699 ], [ 6.557805076873697, 58.24563243734788 ], [ 6.508603311928033, 58.257694672393846 ], [ 6.475562126688099, 58.25668948614002 ], [ 6.411106481228115, 58.26752169063853 ], [ 6.381745428000378, 58.27689902029598 ], [ 6.439134153292014, 58.29079485752161 ], [ 6.560343205012007, 58.32740916329716 ], [ 6.608662176528932, 58.3739960712896 ], [ 6.595323262284282, 58.41631807661997 ], [ 6.630164949076842, 58.44371973557662 ], [ 6.607416842211485, 58.489434586794715 ], [ 6.587685211803944, 58.49277292913404 ], [ 6.618209739629355, 58.55528849914554 ], [ 6.609769140366662, 58.57861601785951 ], [ 6.587934278667433, 58.590170770119705 ], [ 6.614722803540505, 58.62508029286806 ], [ 6.5827315486301, 58.61525602826948 ], [ 6.532503064493092, 58.627873599723415 ], [ 6.497495333124872, 58.60992830641366 ], [ 6.468963340207376, 58.640150523999864 ], [ 6.436058840130844, 58.649334371904786 ], [ 6.450836807364543, 58.66360067569773 ], [ 6.477127198510637, 58.67153094198951 ], [ 6.507125918513125, 58.66937805182783 ], [ 6.601245518816139, 58.687050827395595 ], [ 6.622028764869524, 58.696043912881116 ], [ 6.606143833798095, 58.7267839141771 ], [ 6.57362677106477, 58.74144536869593 ], [ 6.576394180659095, 58.761965954667446 ], [ 6.518084860506654, 58.767416309507155 ], [ 6.553092591874874, 58.825830487501776 ], [ 6.608551480145159, 58.880075144044014 ], [ 6.567538469957253, 58.885716261303116 ], [ 6.560841338738985, 58.90995671445274 ], [ 6.633126077342769, 58.939824658974366 ], [ 6.665532443692323, 58.98537599954726 ], [ 6.702588058160343, 58.9941783226134 ], [ 6.7064624315923975, 59.0016861864051 ], [ 6.756829286209124, 59.031758519233215 ], [ 6.781237838831076, 59.04037007987996 ], [ 6.787713577281798, 59.05268788181771 ], [ 6.9036957133799834, 59.11340483473211 ], [ 6.90239503087065, 59.13042356771911 ], [ 6.87970227219718, 59.140656608930676 ], [ 6.8984099610548215, 59.15858827635333 ], [ 6.924921744968461, 59.16593262949984 ], [ 6.9391739043792375, 59.1819157950673 ], [ 6.904193847106962, 59.18552665514861 ], [ 6.847572646807061, 59.18266521885776 ], [ 6.837692994555318, 59.19258486466604 ], [ 6.840764819205019, 59.25102629443485 ], [ 6.8245201248863285, 59.269884522180256 ], [ 6.831577019351858, 59.31732986105996 ], [ 6.865145697731028, 59.36839968590807 ], [ 6.8909102810541984, 59.398213126881295 ], [ 6.91803089507859, 59.39308979333196 ], [ 6.9313974834191825, 59.40265516607566 ], [ 6.882829445038768, 59.4284080926933 ], [ 6.956719281207262, 59.44470465366404 ], [ 6.999143670288273, 59.46269082463509 ], [ 7.022888044607587, 59.48119477931591 ], [ 7.0058131274105975, 59.50108857448087 ], [ 6.962973626890438, 59.51644494924176 ], [ 6.980269936854972, 59.52340777754949 ], [ 6.978471120618661, 59.541325819085046 ], [ 6.991837708959253, 59.59702844554691 ], [ 7.048597279738871, 59.586836281996646 ], [ 7.061797823503804, 59.603473490144864 ], [ 7.088973785720082, 59.61972917345431 ], [ 7.098715067492108, 59.65130035386335 ], [ 7.138399721074737, 59.662269192978265 ], [ 7.198756924326978, 59.66692924636622 ], [ 7.21466952949435, 59.672692996609214 ], [ 7.285653585588802, 59.65555163063832 ], [ 7.300735967877876, 59.65809967152589 ], [ 7.36961679268064, 59.63666615111872 ], [ 7.3926139664094865, 59.632864528618015 ], [ 7.401580373495101, 59.65947588612291 ], [ 7.437833439180766, 59.65527911289634 ], [ 7.483744764350628, 59.63669340289292 ], [ 7.47466766088124, 59.63170632821458 ], [ 7.507212397710509, 59.60742499740366 ], [ 7.5378752960156366, 59.601620369499365 ], [ 7.551546299411605, 59.586618267803054 ], [ 7.514546033135471, 59.56147850610488 ], [ 7.536270198450928, 59.52402094246896 ], [ 7.584644518159739, 59.500911437948574 ], [ 7.594634866795254, 59.47881024907354 ], [ 7.6256298542517005, 59.46177789019944 ], [ 7.566075199781814, 59.438354990275776 ], [ 7.576702052624024, 59.42576467059604 ], [ 7.53995085321138, 59.39881266591366 ], [ 7.595382067385723, 59.376725102925725 ], [ 7.612484658678655, 59.34847863896891 ], [ 7.615113697793264, 59.32853034025557 ], [ 7.643258253367555, 59.33373542912749 ], [ 7.696171124811061, 59.32674534904556 ], [ 7.715930429314545, 59.29005083508719 ], [ 7.72506288097582, 59.260850559033436 ], [ 7.745264971014397, 59.25138056749943 ], [ 7.757856684668578, 59.22844819951134 ], [ 7.780494095150161, 59.220681443864756 ], [ 7.749360737213998, 59.20770959934624 ], [ 7.749222366734282, 59.194560618295434 ], [ 7.729241669463251, 59.167336095871065 ], [ 7.742193146364695, 59.143885944173206 ], [ 7.8053177592112615, 59.117070198361816 ], [ 7.828204236556335, 59.089069000372795 ], [ 7.867833541947077, 59.06010036439972 ], [ 7.876882971320521, 59.038912109960336 ], [ 7.90245383597209, 59.025667747699835 ], [ 7.911226524386102, 59.00901691366452 ], [ 7.940505717894068, 59.00544693124451 ], [ 7.941944770883117, 58.98694297656368 ], [ 7.985337753322142, 58.96163970422031 ], [ 8.009441890888718, 58.96470552881765 ], [ 8.055214845578863, 58.95016670728272 ], [ 8.091689304032073, 58.94847709728241 ], [ 8.136715058131752, 58.961094668736344 ], [ 8.089143287205296, 58.96508705365643 ], [ 8.079485027721098, 58.97215888906096 ], [ 8.127139820935385, 58.98502172648268 ], [ 8.173300212968737, 58.98233742672412 ], [ 8.222366385076128, 58.970346646076756 ], [ 8.225880995260923, 58.96347919897872 ], [ 8.293903923089445, 58.936677079054434 ], [ 8.30992722464059, 58.919453957760936 ], [ 8.383152882506446, 58.91333593445336 ], [ 8.476469934027104, 58.88690171348075 ], [ 8.503064740228574, 58.907994586710444 ], [ 8.575460175216131, 58.9314447384083 ], [ 8.609499313226337, 58.91420799122771 ], [ 8.653418103488283, 58.86940607444528 ], [ 8.723544262608494, 58.84981204879651 ], [ 8.743718678551128, 58.83140347532538 ], [ 8.786447482687514, 58.84355776661794 ], [ 8.78113405626641, 58.86758020557397 ], [ 8.830726036196724, 58.9125728847758 ], [ 8.7616791668183, 58.937371999296495 ], [ 8.761983581873675, 58.948490723169506 ], [ 8.822202414646203, 58.96985611414118 ], [ 8.834185298189631, 58.98808755108002 ], [ 8.939678951925323, 58.986098171563526 ], [ 8.994888773332118, 58.99322451051645 ], [ 9.03468412329852, 58.93260293881175 ], [ 9.07284670160427, 58.91131930316267 ], [ 9.160518237552505, 58.88495321162556 ], [ 9.18282355888277, 58.862443246137545 ], [ 9.196356191799023, 58.80344315499766 ], [ 9.230921137632148, 58.79603067241565 ], [ 9.27461853512655, 58.795703651125265 ], [ 9.304977018376302, 58.772035485233815 ], [ 9.328832089079388, 58.78521171805882 ], [ 9.366064009860297, 58.771377921903486 ] ] ], [ [ [ 6.520603742402585, 58.244309823856 ], [ 6.61116699105054, 58.237815791610856 ], [ 6.6363678950470995, 58.218214659661164 ], [ 6.62874095478994, 58.19594184845786 ], [ 6.582472628404721, 58.20460496682969 ], [ 6.55687171005901, 58.23587154977779 ], [ 6.563591951124759, 58.21316227612217 ], [ 6.54361790129045, 58.21137674790813 ], [ 6.520603742402585, 58.244309823856 ] ] ], [ [ [ 6.649648371438937, 58.203811398734565 ], [ 6.652528474752829, 58.224616108961875 ], [ 6.670049103245676, 58.23363633297651 ], [ 6.683356247260791, 58.2159926689948 ], [ 6.662048816262642, 58.19969807077481 ], [ 6.649648371438937, 58.203811398734565 ] ] ], [ [ [ 6.760292340414309, 58.10929743860466 ], [ 6.794320227715484, 58.10927098633482 ], [ 6.786159934992789, 58.09818748527285 ], [ 6.760292340414309, 58.10929743860466 ] ] ], [ [ [ 6.846028749249165, 58.078903780561205 ], [ 6.894670494106018, 58.076880181918625 ], [ 6.879176604982207, 58.06545280134876 ], [ 6.846028749249165, 58.078903780561205 ] ] ], [ [ [ 7.000460955645014, 58.02291755144983 ], [ 7.017848246021477, 58.03253295153581 ], [ 7.0247284928268865, 58.01372538768125 ], [ 7.000460955645014, 58.02291755144983 ] ] ], [ [ [ 7.251349955432987, 58.03710919421773 ], [ 7.266470497830923, 58.04710815221636 ], [ 7.267297194152503, 58.0261315022351 ], [ 7.251349955432987, 58.03710919421773 ] ] ], [ [ [ 7.32625930921747, 57.99842274958017 ], [ 7.3500734968036365, 58.002787374103384 ], [ 7.3363930060626465, 58.02039135968034 ], [ 7.375781085642455, 58.00914914499934 ], [ 7.374981056944152, 57.99280164223968 ], [ 7.35178022469335, 58.00191444919874 ], [ 7.32625930921747, 57.99842274958017 ] ] ], [ [ [ 7.49701210105871, 57.99343649671578 ], [ 7.518212861563752, 58.00302544453192 ], [ 7.550614023845043, 57.991439350343036 ], [ 7.519012890262055, 57.97453634991678 ], [ 7.49701210105871, 57.99343649671578 ] ] ], [ [ [ 7.961988780512693, 58.06897095323717 ], [ 7.995029965752627, 58.0927383176863 ], [ 8.02983121412883, 58.08178707797351 ], [ 8.004256963406394, 58.081310937116434 ], [ 8.00852378313068, 58.066854771650156 ], [ 7.972362485967363, 58.059514266770215 ], [ 7.961988780512693, 58.06897095323717 ] ] ], [ [ [ 8.325601823891628, 58.207210515408704 ], [ 8.359256364466926, 58.227261335945634 ], [ 8.390750827556808, 58.219087584565806 ], [ 8.376643654843388, 58.19944677421135 ], [ 8.351629424209767, 58.19354791803756 ], [ 8.325601823891628, 58.207210515408704 ] ] ], [ [ [ 8.436912483448918, 58.25889825067146 ], [ 8.472647098639808, 58.253475535354745 ], [ 8.46416679443779, 58.24776184506981 ], [ 8.436912483448918, 58.25889825067146 ] ] ], [ [ [ 8.714682447499886, 58.436829443734375 ], [ 8.736949912936002, 58.436168136988435 ], [ 8.771671158442372, 58.45513441446202 ], [ 8.783671588916924, 58.43734526299621 ], [ 8.768497711272435, 58.42217488624432 ], [ 8.74540354951474, 58.416408291419714 ], [ 8.714682447499886, 58.436829443734375 ] ] ], [ [ [ 8.780578144616818, 58.4592609685567 ], [ 8.83759352318258, 58.473135184086544 ], [ 8.856100853736667, 58.48543548956105 ], [ 8.930930204651318, 58.509612864192654 ], [ 8.949010853232977, 58.51204647301772 ], [ 8.910902819570454, 58.47878274369688 ], [ 8.88698196149118, 58.46720987564291 ], [ 8.890155408661117, 58.45828223457271 ], [ 8.825939771810624, 58.43193577381441 ], [ 8.834500078882472, 58.447952623201104 ], [ 8.809512515872125, 58.43591684042498 ], [ 8.787378388552398, 58.436617825575674 ], [ 8.780578144616818, 58.4592609685567 ] ] ], [ [ [ 8.901142469451152, 58.52523292953178 ], [ 8.93994386131887, 58.53094661981672 ], [ 8.967198172307743, 58.55143390280597 ], [ 8.989545640613688, 58.549688052996686 ], [ 8.971331653915644, 58.530258860800934 ], [ 8.941277242482709, 58.519175359738966 ], [ 8.939090497374014, 58.52754750314258 ], [ 8.910636143337687, 58.512456483200204 ], [ 8.901142469451152, 58.52523292953178 ] ] ], [ [ [ 8.96797153338277, 58.55213488795667 ], [ 8.97858524744693, 58.55852311112246 ], [ 8.974078419113152, 58.58575572292031 ], [ 8.986265522950642, 58.581232384778076 ], [ 9.000399363287338, 58.55722694990042 ], [ 8.96797153338277, 58.55213488795667 ] ] ], [ [ [ 8.995172509125087, 58.573997688977485 ], [ 9.003626145703828, 58.59162812682427 ], [ 9.037040677669637, 58.597659244347255 ], [ 9.007626289195347, 58.566617505692776 ], [ 8.995172509125087, 58.573997688977485 ] ] ], [ [ [ 9.028080356248637, 58.580756243921 ], [ 9.043680915865556, 58.59747407845839 ], [ 9.084429044232479, 58.600833516727775 ], [ 9.049414454870064, 58.579327821349764 ], [ 9.028080356248637, 58.580756243921 ] ] ], [ [ [ 9.053601271724519, 58.60875597154415 ], [ 9.118296925793995, 58.629640038580966 ], [ 9.125390513585618, 58.62612188669256 ], [ 9.07680210397532, 58.60968180098846 ], [ 9.053601271724519, 58.60875597154415 ] ] ], [ [ [ 9.093416033276757, 58.73764465632807 ], [ 9.104109750210746, 58.743543512501866 ], [ 9.167178679260337, 58.73481426345544 ], [ 9.232114341939303, 58.73706270639164 ], [ 9.205633392025458, 58.72316203859196 ], [ 9.115150146247334, 58.72945767881332 ], [ 9.093416033276757, 58.73764465632807 ] ] ] ] } },
{ "type": "Feature", "properties": { "ISO": "NO-32", "NAME_1": "Akershus" }, "geometry": { "type": "MultiPolygon", "coordinates": [ [ [ [ 10.19428409151283, 60.400315367710846 ], [ 10.20208818656883, 60.39230334609647 ], [ 10.261200055503624, 60.3936250571451 ], [ 10.339185657871719, 60.36615526875295 ], [ 10.3885008968426, 60.37523010956107 ], [ 10.385650464960445, 60.355799594557496 ], [ 10.366278597800166, 60.320971827131736 ], [ 10.414652917508977, 60.318110390840886 ], [ 10.42190353064611, 60.31261915833987 ], [ 10.470526917218411, 60.32236166761586 ], [ 10.547377881652833, 60.32762126003618 ], [ 10.559305417004378, 60.32065843172845 ], [ 10.601093301878693, 60.32225266051906 ], [ 10.604248148816225, 60.312060496968805 ], [ 10.63319525317287, 60.325672758180986 ], [ 10.645150462620357, 60.32305658785792 ], [ 10.719842847571204, 60.32952888423008 ], [ 10.76306978543457, 60.3140771282595 ], [ 10.864744413930094, 60.3139272435014 ], [ 10.882843272676983, 60.31872355576035 ], [ 10.933818957404458, 60.34664299842678 ], [ 10.902076769357546, 60.378077919964824 ], [ 10.903100710907445, 60.39629573101656 ], [ 10.819524941158813, 60.42737637949002 ], [ 10.767469966689548, 60.426177301425284 ], [ 10.720285633106297, 60.434339207797755 ], [ 10.671966661589373, 60.43386230174928 ], [ 10.710184588087008, 60.45397411110782 ], [ 10.692417818491439, 60.49203121377611 ], [ 10.711291551924738, 60.497154547325444 ], [ 10.71358850188803, 60.52418830733042 ], [ 10.760330049936188, 60.49395246385711 ], [ 10.834164537912795, 60.478514333773624 ], [ 10.940350044047069, 60.47483534425682 ], [ 10.944556506630443, 60.487425663936556 ], [ 11.067125077563123, 60.518669823055205 ], [ 11.092585245830918, 60.51676219886131 ], [ 11.104817196237839, 60.559506606691755 ], [ 11.118709592401352, 60.583910570486566 ], [ 11.153994064729003, 60.605153328474344 ], [ 11.214683357132564, 60.563812387015126 ], [ 11.219055864291597, 60.542256233624066 ], [ 11.20956364938306, 60.50490767708493 ], [ 11.242053038020444, 60.49844900659987 ], [ 11.297235185331296, 60.46869006917504 ], [ 11.34223326533503, 60.458784049253865 ], [ 11.387646456777913, 60.402481883759634 ], [ 11.402341401723781, 60.376633575932296 ], [ 11.418503073754643, 60.367749497543564 ], [ 11.432616862685705, 60.33961204068355 ], [ 11.47440474756002, 60.33202242156925 ], [ 11.51970724261913, 60.29568218067546 ], [ 11.601899307570601, 60.267285831960564 ], [ 11.580839320557782, 60.23726800268085 ], [ 11.583883471111541, 60.20441598888448 ], [ 11.562380698563633, 60.17596513662118 ], [ 11.655033571781653, 60.12211563080482 ], [ 11.698011442781528, 60.111255798786694 ], [ 11.735011709057662, 60.09606293467099 ], [ 11.778072602345368, 60.089740523056925 ], [ 11.791466864781905, 60.047786416678235 ], [ 11.816567269802437, 60.05855086748667 ], [ 11.81939002758865, 60.02362771885121 ], [ 11.83928770257185, 60.01606535151111 ], [ 11.835219610468192, 59.9992101291693 ], [ 11.81072803555841, 59.98908609505453 ], [ 11.793404051497932, 59.9555936645645 ], [ 11.821410236592506, 59.93022226278564 ], [ 11.802785570022696, 59.919716703832094 ], [ 11.820718384193926, 59.87366120543652 ], [ 11.832673593641413, 59.86758405979024 ], [ 11.839702814010998, 59.840781939865956 ], [ 11.875302490640902, 59.82881401326583 ], [ 11.926018319258015, 59.79400426945412 ], [ 11.939864806593995, 59.6945819699747 ], [ 11.889211771653484, 59.69321358258074 ], [ 11.855700542589414, 59.64829041218702 ], [ 11.778899032495334, 59.64300004379129 ], [ 11.718445855703722, 59.6238768335898 ], [ 11.723001151418288, 59.66055233120376 ], [ 11.62390021384549, 59.67721679112618 ], [ 11.625311592738596, 59.66518513281751 ], [ 11.567445058121248, 59.6426206637811 ], [ 11.532049889409823, 59.638873544828805 ], [ 11.545416477750415, 59.618094067002396 ], [ 11.528313886457482, 59.61671785240537 ], [ 11.52048211730554, 59.60175662837036 ], [ 11.492863369554172, 59.59364922554629 ], [ 11.47670169752331, 59.60107533401539 ], [ 11.477282853538119, 59.624171212648676 ], [ 11.504209748890908, 59.62523403184242 ], [ 11.502410932654595, 59.63475852692482 ], [ 11.453787546082296, 59.67278837781891 ], [ 11.420467934566615, 59.67400108177075 ], [ 11.369824338990457, 59.69711058629113 ], [ 11.373145230503647, 59.72733280387734 ], [ 11.343561621940307, 59.754598203963 ], [ 11.279634460311385, 59.76146565106104 ], [ 11.25265221676671, 59.769123399610834 ], [ 11.237293093518204, 59.756955482431174 ], [ 11.243519765105436, 59.74646354936473 ], [ 11.229156909310888, 59.70836556903514 ], [ 11.23029154724456, 59.68273527540139 ], [ 11.150119691296947, 59.68566484112773 ], [ 11.129806904874599, 59.70204315742107 ], [ 11.105315329964817, 59.69145584314493 ], [ 11.104651151662178, 59.70252006346954 ], [ 11.052236413945652, 59.69885469983984 ], [ 11.032366413058394, 59.69219164104829 ], [ 10.990301787224645, 59.704945471373215 ], [ 10.970044348994183, 59.704877341937724 ], [ 10.95277571312559, 59.672979140238304 ], [ 10.984545575268449, 59.660770345397346 ], [ 10.96085654914102, 59.63552157660238 ], [ 10.951641075191915, 59.64943360733074 ], [ 10.935894514600204, 59.63197884595657 ], [ 10.906753691571955, 59.62028783482538 ], [ 10.879992840794827, 59.61869360603477 ], [ 10.891726657474766, 59.60818804708122 ], [ 10.867843912675738, 59.60742499740366 ], [ 10.870805040941665, 59.595556849740184 ], [ 10.837153340274666, 59.58278939352816 ], [ 10.846756251566976, 59.56958590892896 ], [ 10.805466500419637, 59.56436719416993 ], [ 10.771344340121605, 59.5515997379579 ], [ 10.786565092890395, 59.534158602470825 ], [ 10.772285259383676, 59.51024517061158 ], [ 10.779342153849203, 59.49570634907665 ], [ 10.747378573034744, 59.492231747866335 ], [ 10.752996414511225, 59.48475113584883 ], [ 10.725903474582777, 59.4718882984271 ], [ 10.708302749562867, 59.490446756656326 ], [ 10.685305405044645, 59.48859637800655 ], [ 10.682273028107472, 59.52069797419694 ], [ 10.668992551715634, 59.522099944498336 ], [ 10.647605117847654, 59.55960926312812 ], [ 10.655525401960858, 59.59666889317066 ], [ 10.652805304386629, 59.617447151128125 ], [ 10.625444322904649, 59.66838099670051 ], [ 10.628457764334925, 59.70250442479107 ], [ 10.616190657627605, 59.682546187198575 ], [ 10.588936346638732, 59.717278017495396 ], [ 10.58125607113502, 59.741098286484196 ], [ 10.585842902338626, 59.76487887706824 ], [ 10.606616980871241, 59.80340660808677 ], [ 10.648511817039065, 59.84857385883455 ], [ 10.659605548322208, 59.870873122307685 ], [ 10.69414012046564, 59.84143174597838 ], [ 10.714247508416335, 59.77523494070968 ], [ 10.710167362054987, 59.76821186306778 ], [ 10.728141340143539, 59.72098133527267 ], [ 10.721874448673494, 59.75454926569664 ], [ 10.734488234483413, 59.767206676813956 ], [ 10.735074922195501, 59.802044316190134 ], [ 10.766650405771696, 59.82811849203449 ], [ 10.817338687579294, 59.81810846373275 ], [ 10.88002051489077, 59.811009376554026 ], [ 10.901052827807645, 59.82548006865346 ], [ 10.936614041094728, 59.83170709905783 ], [ 10.907168803011103, 59.869886834710016 ], [ 10.917740307661427, 59.919675826170796 ], [ 10.951392008328426, 59.94924400117623 ], [ 10.9256550991012, 59.98371749553742 ], [ 10.893165710463816, 59.98080155569817 ], [ 10.849274594297812, 60.00201706191175 ], [ 10.837679148097589, 59.99803830287876 ], [ 10.827135317543208, 60.02309630925434 ], [ 10.811720846102814, 60.025617098367704 ], [ 10.819774008022302, 60.064300991842565 ], [ 10.788640650086139, 60.067421319988306 ], [ 10.75711985480677, 60.10609158757606 ], [ 10.76766368536115, 60.113054415883795 ], [ 10.737111483439797, 60.12574011677323 ], [ 10.707251133917023, 60.11940407927206 ], [ 10.680324238564236, 60.133534124194014 ], [ 10.61891541966615, 60.13510110121043 ], [ 10.600733538631431, 60.13161287411302 ], [ 10.588418565936681, 60.149680800406664 ], [ 10.56068912180154, 60.16555495887733 ], [ 10.495212210799796, 60.17264042016895 ], [ 10.41944053610716, 60.20797234541739 ], [ 10.37480221935069, 60.223819252113856 ], [ 10.35739521300238, 60.21684279791902 ], [ 10.3091039155814, 60.246383721150266 ], [ 10.319481701560122, 60.26319806583078 ], [ 10.279658677497775, 60.29373367882027 ], [ 10.238036837199118, 60.34136978011936 ], [ 10.199154732398844, 60.375543504964355 ], [ 10.19428409151283, 60.400315367710846 ] ] ], [ [ [ 10.31285607972136, 59.722442603352754 ], [ 10.32152958465992, 59.750074409446036 ], [ 10.311096450489314, 59.76867374533656 ], [ 10.332184111598075, 59.781618338080875 ], [ 10.322581200305766, 59.79367724816374 ], [ 10.35645429374031, 59.804169181230186 ], [ 10.350421340824681, 59.83935122172053 ], [ 10.331519933295436, 59.855511523820276 ], [ 10.328475782741679, 59.8739337231785 ], [ 10.349535769754496, 59.87650901584027 ], [ 10.362265853888395, 59.905423148264944 ], [ 10.377292887985583, 59.91121415028214 ], [ 10.371841091084761, 59.929758982624264 ], [ 10.348262761341108, 59.951328761902424 ], [ 10.358114739496905, 59.96799322182485 ], [ 10.388971356473636, 59.982109640859704 ], [ 10.422318642085258, 59.98773713223171 ], [ 10.417032889760097, 60.00803970400963 ], [ 10.434771985259726, 60.01347643296225 ], [ 10.435436163562363, 60.02993650457818 ], [ 10.477749856259601, 60.03218477594956 ], [ 10.489151583788223, 60.017264429575846 ], [ 10.518071014048925, 59.999291884491896 ], [ 10.55584615501147, 59.99673021771723 ], [ 10.591794805641758, 59.97679554489098 ], [ 10.610447146307514, 59.97660478247159 ], [ 10.627964849039595, 59.9613029112591 ], [ 10.6353261585605, 59.935781624722146 ], [ 10.625335809924985, 59.92350470044569 ], [ 10.641966848687483, 59.91151632812677 ], [ 10.636084704592085, 59.89173073707467 ], [ 10.602990184105597, 59.874219334442145 ], [ 10.59160310896641, 59.89314593351098 ], [ 10.569868995995833, 59.88809354997199 ], [ 10.528214168437499, 59.89068587241608 ], [ 10.50442664847461, 59.87653390805294 ], [ 10.508906809185108, 59.86744755336371 ], [ 10.474612245651166, 59.832107320860615 ], [ 10.510026849362733, 59.83860135310576 ], [ 10.477332343225397, 59.82175125721918 ], [ 10.50415997224184, 59.803023050174126 ], [ 10.497653072162304, 59.763450454497004 ], [ 10.512880285053349, 59.76449531915559 ], [ 10.511973585861938, 59.734776193993 ], [ 10.519680528988928, 59.73170773069184 ], [ 10.520080543338079, 59.69112994876089 ], [ 10.58456285642134, 59.66305086432823 ], [ 10.596563286895893, 59.66835454443068 ], [ 10.617550706414722, 59.594923043361376 ], [ 10.616537336730204, 59.56956854272199 ], [ 10.559548625787718, 59.539307146027724 ], [ 10.464771892662032, 59.5166640030467 ], [ 10.43453080786616, 59.52104185370483 ], [ 10.411409978485189, 59.537931627996166 ], [ 10.42965063280651, 59.5618444799294 ], [ 10.43693089396107, 59.583985029783506 ], [ 10.43519749844808, 59.61158797335909 ], [ 10.413436717854225, 59.616468417144134 ], [ 10.44165106328106, 59.622764057365494 ], [ 10.428717265991821, 59.65236414731382 ], [ 10.437917596022313, 59.668592614859215 ], [ 10.431064016840178, 59.685403032341036 ], [ 10.395409404519121, 59.689833787538845 ], [ 10.36906179272166, 59.71619347443205 ], [ 10.335167243536869, 59.71167013628982 ], [ 10.313041982493134, 59.72226078345346 ], [ 10.312883143769579, 59.7224161336962 ], [ 10.31285607972136, 59.722442603352754 ] ] ], [ [ [ 10.50698674030918, 59.87617680241013 ], [ 10.53250765578506, 59.881559839322094 ], [ 10.545708129307068, 59.86988116218877 ], [ 10.51768045724317, 59.856972454508 ], [ 10.50698674030918, 59.87617680241013 ] ] ], [ [ [ 10.524454033555472, 59.85690632383341 ], [ 10.552081691270219, 59.867116899990734 ], [ 10.538267862412845, 59.851721678945225 ], [ 10.524454033555472, 59.85690632383341 ] ] ], [ [ [ 10.548108215401978, 59.715889273328926 ], [ 10.5618687090128, 59.72147070226467 ], [ 10.561468694663645, 59.70257055546567 ], [ 10.591389767980196, 59.69172512483223 ], [ 10.599603395949446, 59.674504697167926 ], [ 10.567895591873352, 59.68311491100008 ], [ 10.548108215401978, 59.715889273328926 ] ] ], [ [ [ 10.554055095392702, 59.87068795641882 ], [ 10.574242486213226, 59.87683810915607 ], [ 10.590109722062913, 59.866786246617764 ], [ 10.577709277239208, 59.85944574173782 ], [ 10.554055095392702, 59.87068795641882 ] ] ] ] } },
{ "type": "Feature", "properties": { "ISO": "NO-03", "NAME_1": "Oslo" }, "geometry": { "type": "MultiPolygon", "coordinates": [ [ [ [ 10.489151583788223, 60.017264429575846 ], [ 10.5807528413604, 60.07623726894154 ], [ 10.597301950734467, 60.07728646224818 ], [ 10.572782701728741, 60.116787908949 ], [ 10.600733538631431, 60.13161287411302 ], [ 10.61891541966615, 60.13510110121043 ], [ 10.680324238564236, 60.133534124194014 ], [ 10.707251133917023, 60.11940407927206 ], [ 10.737111483439797, 60.12574011677323 ], [ 10.76766368536115, 60.113054415883795 ], [ 10.75711985480677, 60.10609158757606 ], [ 10.788640650086139, 60.067421319988306 ], [ 10.819774008022302, 60.064300991842565 ], [ 10.811720846102814, 60.025617098367704 ], [ 10.827135317543208, 60.02309630925434 ], [ 10.837679148097589, 59.99803830287876 ], [ 10.849274594297812, 60.00201706191175 ], [ 10.893165710463816, 59.98080155569817 ], [ 10.9256550991012, 59.98371749553742 ], [ 10.951392008328426, 59.94924400117623 ], [ 10.917740307661427, 59.919675826170796 ], [ 10.907168803011103, 59.869886834710016 ], [ 10.936614041094728, 59.83170709905783 ], [ 10.901052827807645, 59.82548006865346 ], [ 10.88002051489077, 59.811009376554026 ], [ 10.817338687579294, 59.81810846373275 ], [ 10.766650405771696, 59.82811849203449 ], [ 10.784516695750657, 59.85994833486473 ], [ 10.774729678008079, 59.87740683295758 ], [ 10.729768065163423, 59.91022087369118 ], [ 10.674966099329634, 59.89444209473302 ], [ 10.66256565450593, 59.91383160852402 ], [ 10.641966848687483, 59.91151632812677 ], [ 10.625335809924985, 59.92350470044569 ], [ 10.6353261585605, 59.935781624722146 ], [ 10.627964849039595, 59.9613029112591 ], [ 10.610447146307514, 59.97660478247159 ], [ 10.591794805641758, 59.97679554489098 ], [ 10.55584615501147, 59.99673021771723 ], [ 10.518071014048925, 59.999291884491896 ], [ 10.489151583788223, 60.017264429575846 ] ] ] ] } },
{ "type": "Feature", "properties": { "ISO": "NO-56", "NAME_1": "Finnmark" }, "geometry": { "type": "MultiPolygon", "coordinates": [ [ [ [ 21.19088334036607, 70.22124526515377 ], [ 21.296867123835145, 70.2571320297652 ], [ 21.320174626579053, 70.25049251003595 ], [ 21.346442235506686, 70.26496190163715 ], [ 21.41841815073072, 70.27329436663601 ], [ 21.435858776353736, 70.25165640990882 ], [ 21.420631563462695, 70.23044168949902 ], [ 21.443992401453155, 70.2134196538585 ], [ 21.498021006211918, 70.19541888423399 ], [ 21.498021006211918, 70.20816887829572 ], [ 21.471673394414456, 70.22114371665108 ], [ 21.495060900028196, 70.24704048882215 ], [ 21.486260584346855, 70.28939057283222 ], [ 21.47444682723524, 70.30102957156078 ], [ 21.49052740407114, 70.31172951471011 ], [ 21.564370052924552, 70.32348754865293 ], [ 21.554556367558696, 70.29690301746611 ], [ 21.560636585665804, 70.28640146634056 ], [ 21.603544791518146, 70.26402284605791 ], [ 21.628105672556064, 70.262052151955 ], [ 21.7239757782361, 70.22997877477687 ], [ 21.715628812150467, 70.21519195593763 ], [ 21.76069709548823, 70.21799589654042 ], [ 21.784857962176993, 70.180751100609 ], [ 21.83461974721147, 70.16695624188867 ], [ 21.846273498583425, 70.14139012309059 ], [ 21.86099402663221, 70.1401997709479 ], [ 21.858540605290745, 70.17142667549123 ], [ 21.823446013058497, 70.18511572513222 ], [ 21.814485691637497, 70.20416135941532 ], [ 21.827286150810355, 70.21098604503344 ], [ 21.871474402579985, 70.21553583544551 ], [ 21.825739428660302, 70.21787686132615 ], [ 21.783524581013154, 70.23413178114137 ], [ 21.789284787640938, 70.26670775144643 ], [ 21.84192667598931, 70.27980162501606 ], [ 21.90040877383529, 70.31159725336092 ], [ 21.948063816630903, 70.329016073049 ], [ 21.983291746979532, 70.32969060592987 ], [ 22.010572725591683, 70.3233949657085 ], [ 22.008465983352817, 70.30489160295707 ], [ 21.958144178229528, 70.29019736706226 ], [ 21.952437306848296, 70.27660090036571 ], [ 21.98257172115106, 70.2853036971423 ], [ 22.04300055549625, 70.31048625802774 ], [ 22.0680947889997, 70.3140440883209 ], [ 22.09321569012643, 70.303436728116 ], [ 22.095909120077387, 70.28388850070598 ], [ 22.08286865229504, 70.27250079854088 ], [ 22.086202105204638, 70.24156486896575 ], [ 22.077215116160364, 70.23106331784021 ], [ 22.11097632722877, 70.24024225547387 ], [ 22.10716285710019, 70.26509416298634 ], [ 22.13716393328657, 70.2719453008743 ], [ 22.149511042863722, 70.28810763774509 ], [ 22.230553950001863, 70.28823989909428 ], [ 22.298263045501614, 70.2767331617149 ], [ 22.274235516929235, 70.26067663392345 ], [ 22.27095539926619, 70.23052104630854 ], [ 22.228180531530228, 70.21656747396918 ], [ 22.27212877469037, 70.22183147566687 ], [ 22.269728688595457, 70.2010532177094 ], [ 22.249007945309398, 70.1808172312836 ], [ 22.240820984963424, 70.14318887743956 ], [ 22.207593126360553, 70.1356367544009 ], [ 22.224473731894758, 70.12696040989415 ], [ 22.2703687115541, 70.13496222152004 ], [ 22.328344124557827, 70.12644459063232 ], [ 22.338797832882324, 70.13985589144 ], [ 22.40373349556129, 70.13997492665428 ], [ 22.44184152922381, 70.13030662202863 ], [ 22.488803213814226, 70.12493681125157 ], [ 22.51016398005893, 70.11575787361791 ], [ 22.534404849617527, 70.11895859826826 ], [ 22.50328373325352, 70.1338115477821 ], [ 22.435947984479643, 70.15123036747019 ], [ 22.38541283837014, 70.1550262681919 ], [ 22.304396598855273, 70.15395495126347 ], [ 22.29175614542208, 70.16358357748437 ], [ 22.324210642949925, 70.17735198393487 ], [ 22.33826448041679, 70.20708433523238 ], [ 22.335251038986513, 70.23328530850657 ], [ 22.362078668002955, 70.23101041330054 ], [ 22.34373134318853, 70.24885246930603 ], [ 22.362638688091767, 70.26000210104259 ], [ 22.381732706357944, 70.25485713455917 ], [ 22.436801348424503, 70.25471164707506 ], [ 22.521924401923993, 70.24020257706911 ], [ 22.513577435838357, 70.22545543663463 ], [ 22.5526988391854, 70.2327430369749 ], [ 22.613261011646973, 70.22355087320632 ], [ 22.581846551426924, 70.20299745954247 ], [ 22.61750116374798, 70.2064627068912 ], [ 22.64878228585165, 70.22054854057974 ], [ 22.739905554588415, 70.21471581508054 ], [ 22.81329485384612, 70.20599979216904 ], [ 22.87745715545006, 70.20763983289898 ], [ 22.926738923265553, 70.2051268672644 ], [ 22.9599934494917, 70.19700602042424 ], [ 22.965033630291014, 70.17912428601399 ], [ 22.927538951963857, 70.15827989738193 ], [ 22.90263139182334, 70.1627503309845 ], [ 22.912765088668518, 70.15092616636706 ], [ 22.879830573921694, 70.14182658554292 ], [ 22.87620377715605, 70.13357347735356 ], [ 22.821295140829154, 70.11682919054634 ], [ 22.839615798020304, 70.11253069669772 ], [ 22.782733757570927, 70.10028329576289 ], [ 22.746865804263653, 70.09905326521545 ], [ 22.682943511269205, 70.08814170390741 ], [ 22.633395067220942, 70.09019175481983 ], [ 22.616487794063463, 70.08115830467028 ], [ 22.532671454104534, 70.07490234285368 ], [ 22.444134944825617, 70.08076152062272 ], [ 22.409253693579583, 70.06975737637025 ], [ 22.358025189264886, 70.06260203737916 ], [ 22.35391837528026, 70.05380665765816 ], [ 22.31381026987198, 70.05141272723785 ], [ 22.270662055410146, 70.0388082206602 ], [ 22.293782884791113, 70.02105874759914 ], [ 22.31887711829457, 70.03256548497852 ], [ 22.39519985611272, 70.05583025630074 ], [ 22.496483489317942, 70.05912356389553 ], [ 22.648968959214585, 70.0752726746314 ], [ 22.680970107146724, 70.07519331782188 ], [ 22.743159004628183, 70.08959657874848 ], [ 22.836655691836583, 70.09713547565221 ], [ 22.88225732763988, 70.10811316763484 ], [ 22.970793836918798, 70.1399220221146 ], [ 23.002661646734555, 70.13318991944092 ], [ 22.985354359227923, 70.12239739334717 ], [ 22.998821508982697, 70.10602343831766 ], [ 22.983700966584763, 70.07420135770298 ], [ 22.99714144871626, 70.05715286979262 ], [ 22.975994023457773, 70.04441610186579 ], [ 22.956286649856228, 70.0453419313101 ], [ 22.980340846051888, 70.03087253970891 ], [ 23.023035710918016, 70.0163237912982 ], [ 23.04778326531887, 70.01775221386944 ], [ 23.0743975533491, 70.03279032927215 ], [ 23.10125184998882, 70.00467156643472 ], [ 23.09421159744375, 69.98555980147702 ], [ 23.104611970521695, 69.97500534581181 ], [ 23.13533307253655, 69.98111582014431 ], [ 23.131892949133842, 69.96617028768604 ], [ 23.054476838761342, 69.94827532714086 ], [ 22.99746146019558, 69.91941590074799 ], [ 23.03394276883822, 69.92408472637435 ], [ 23.05823697364337, 69.93864670091996 ], [ 23.109118798855473, 69.94647657279191 ], [ 23.093331565875616, 69.93463918203956 ], [ 23.11997252152912, 69.93110780401624 ], [ 23.161387340477965, 69.95299705730689 ], [ 23.191335081417794, 69.9502724735136 ], [ 23.243016935328196, 69.96652739332885 ], [ 23.255790726877777, 69.98655176159593 ], [ 23.30192571514661, 69.9924241654999 ], [ 23.304592477474287, 69.97771670347016 ], [ 23.340993783247097, 69.98331135854083 ], [ 23.408729546370125, 69.9676912932017 ], [ 23.43363710651064, 69.97890705561286 ], [ 23.47046509425588, 69.98044128726345 ], [ 23.522786971124926, 70.01206497585434 ], [ 23.49654602982057, 70.02632274929684 ], [ 23.39360900397219, 70.02792311162202 ], [ 23.36243455236163, 70.02142907937687 ], [ 23.239043459459957, 70.04417803143724 ], [ 23.19434852284807, 70.05846225714957 ], [ 23.18413482313306, 70.06891090373544 ], [ 23.13258630733904, 70.08506001447132 ], [ 23.14218665171868, 70.09072080021659 ], [ 23.194135181861856, 70.09369668057332 ], [ 23.250163858366374, 70.10374854311162 ], [ 23.341447132842802, 70.09900036067577 ], [ 23.38763545635819, 70.11891891986352 ], [ 23.325526561746564, 70.13785874506726 ], [ 23.301659038913844, 70.15219587531926 ], [ 23.26987123196792, 70.16048866191338 ], [ 23.266564446681596, 70.17305349008626 ], [ 23.31784628624285, 70.17359576161792 ], [ 23.377901773862163, 70.17882008491085 ], [ 23.352887543228544, 70.18399150366412 ], [ 23.286538496515906, 70.18330374464834 ], [ 23.242003565643678, 70.18944067125068 ], [ 23.206082277089852, 70.20127806200301 ], [ 23.205495589377765, 70.22220180744459 ], [ 23.246297052991242, 70.21806202721501 ], [ 23.323206478521485, 70.22746580914229 ], [ 23.404996079111378, 70.22806098521363 ], [ 23.405342758213973, 70.23607602297444 ], [ 23.461264764225387, 70.24283457791796 ], [ 23.447877617340442, 70.24832342390927 ], [ 23.368434767598906, 70.24616756391751 ], [ 23.3275533011156, 70.24110195424359 ], [ 23.272137979946443, 70.24126066786262 ], [ 23.246297052991242, 70.2481250318855 ], [ 23.27824486567683, 70.25778011037623 ], [ 23.33707364262541, 70.26194634287566 ], [ 23.35995446339689, 70.26776584223994 ], [ 23.409956257040857, 70.26149665428842 ], [ 23.372701587323192, 70.27309597461223 ], [ 23.378088447225103, 70.28062164538103 ], [ 23.41534311694277, 70.28495981763442 ], [ 23.532147306895077, 70.28181199752373 ], [ 23.605936620501932, 70.29694269587085 ], [ 23.53329401469598, 70.29498522790287 ], [ 23.467905002421308, 70.30587033694107 ], [ 23.503532947119087, 70.32601374042244 ], [ 23.44857097554564, 70.31202048967832 ], [ 23.42958362777257, 70.31314471114642 ], [ 23.444970846403272, 70.33076192285829 ], [ 23.491772525254028, 70.35209567848236 ], [ 23.558094904343385, 70.37715920415351 ], [ 23.578762312382892, 70.3890891778503 ], [ 23.65404501289325, 70.41083294365684 ], [ 23.665432088032436, 70.41849087577484 ], [ 23.778289469739782, 70.44851420204057 ], [ 23.773355959433577, 70.4651262274986 ], [ 23.803863720462214, 70.4796749759093 ], [ 23.85495888666053, 70.4947792219866 ], [ 23.905307359407097, 70.49882641927177 ], [ 23.954669130092423, 70.51012153849244 ], [ 23.980083375075196, 70.50237102343002 ], [ 23.99896405235516, 70.5094602317465 ], [ 24.047179115239583, 70.51201287578583 ], [ 24.101021046635406, 70.49291433696305 ], [ 24.164943339629854, 70.4861293297497 ], [ 24.225692185454367, 70.48534898778948 ], [ 24.272307190942183, 70.4771355580049 ], [ 24.267560353998913, 70.46011352236437 ], [ 24.30505503232607, 70.4474825635169 ], [ 24.32662913955699, 70.44821000093744 ], [ 24.30948185779002, 70.46197840738793 ], [ 24.308335149989116, 70.47960884523472 ], [ 24.248439668109462, 70.50973798057979 ], [ 24.13712900855217, 70.53277790760838 ], [ 24.097154241260274, 70.53456343582242 ], [ 24.0904606678178, 70.54141457371037 ], [ 24.135528951155564, 70.56667649140532 ], [ 24.161369878110765, 70.57179500561891 ], [ 24.16894348312137, 70.58684634715652 ], [ 24.209744946734848, 70.60307481470193 ], [ 24.23758594543581, 70.60247963863057 ], [ 24.22881229737775, 70.63711888598297 ], [ 24.24121274220145, 70.6589949131387 ], [ 24.28436095666329, 70.6593520187815 ], [ 24.280627489404537, 70.67912509048514 ], [ 24.316895457060962, 70.6885685508172 ], [ 24.322762334181853, 70.68105610618329 ], [ 24.367857285142893, 70.69653068403832 ], [ 24.34785656768531, 70.6839394035956 ], [ 24.4046052700183, 70.68576461021439 ], [ 24.40852541063999, 70.67961445747714 ], [ 24.463407379343607, 70.68229936286566 ], [ 24.468714236375686, 70.66739350881215 ], [ 24.49986202036297, 70.66351825128095 ], [ 24.562210923584086, 70.64682686901338 ], [ 24.571544591730962, 70.63276748759468 ], [ 24.60679918970287, 70.61515027588281 ], [ 24.636586924903035, 70.61321926018466 ], [ 24.688908801772083, 70.62622055080986 ], [ 24.68594869558836, 70.64607297932301 ], [ 24.65965441903745, 70.65420705229809 ], [ 24.616292863589404, 70.68263001623863 ], [ 24.591971991160978, 70.68826434971406 ], [ 24.635440217102133, 70.69877912697451 ], [ 24.586078446416806, 70.71330142311538 ], [ 24.553143931669982, 70.70508799333079 ], [ 24.569251176129157, 70.7170311931625 ], [ 24.526822987495795, 70.72084032001912 ], [ 24.509329026626226, 70.72804856354988 ], [ 24.53717002532719, 70.74845648972962 ], [ 24.439219845031566, 70.74595675022996 ], [ 24.371430746661982, 70.74906489193589 ], [ 24.34825658203446, 70.75587635141908 ], [ 24.37228411060684, 70.76222489618011 ], [ 24.279560784473468, 70.7680443955444 ], [ 24.242599458611846, 70.7776730217653 ], [ 24.25657329320888, 70.8017710395874 ], [ 24.27470727703709, 70.80831797637221 ], [ 24.26753368637564, 70.82282704637815 ], [ 24.236785916737507, 70.8356431711145 ], [ 24.29214790266011, 70.85769113802417 ], [ 24.345803160692995, 70.85187163865989 ], [ 24.311828608638372, 70.8598205457461 ], [ 24.347483220959433, 70.87686903365646 ], [ 24.39788502895255, 70.86499196449935 ], [ 24.396444977295605, 70.84516598825604 ], [ 24.43015285311746, 70.84769218002555 ], [ 24.426606059221648, 70.82653036415542 ], [ 24.449646885732786, 70.81901791952153 ], [ 24.5148758922678, 70.81151870102256 ], [ 24.54743706028875, 70.79723447531023 ], [ 24.59725218056978, 70.78449770738341 ], [ 24.62493317353108, 70.79486699715976 ], [ 24.613279422159128, 70.82079022160066 ], [ 24.56815780357481, 70.82428192121922 ], [ 24.59450541537227, 70.83024690806761 ], [ 24.55786410098997, 70.8623467375156 ], [ 24.591411971072166, 70.87249118299833 ], [ 24.68234856644599, 70.86798107099102 ], [ 24.708776181113286, 70.87099662975251 ], [ 24.669494772026585, 70.88484439301251 ], [ 24.549543802527616, 70.9008612423992 ], [ 24.618186264842056, 70.91862394159519 ], [ 24.56053086331765, 70.9198275198728 ], [ 24.547703736521516, 70.92466828525309 ], [ 24.548210421363777, 70.95474451605848 ], [ 24.6506407623699, 70.96059046769261 ], [ 24.582851664000316, 70.96089466879575 ], [ 24.54079682209283, 70.96555026828716 ], [ 24.553223934539812, 70.97568148763499 ], [ 24.60330573105361, 70.98158034380877 ], [ 24.623306448511197, 70.9922009301486 ], [ 24.69429566167399, 70.99111638708524 ], [ 24.67042813884127, 70.96328859921604 ], [ 24.70376266793725, 70.98042967007083 ], [ 24.73651050932114, 70.98886794414905 ], [ 24.772858479847393, 70.99071960303769 ], [ 24.75811128417533, 70.96459798657301 ], [ 24.785712274266803, 70.95817008500246 ], [ 24.787445669779792, 70.94618720676601 ], [ 24.812966585255676, 70.94699400099606 ], [ 24.83678077284184, 70.92978679946667 ], [ 24.85827487720293, 70.9240466569119 ], [ 24.80296622652688, 70.92247274685656 ], [ 24.801286166260443, 70.914907397683 ], [ 24.847021140180125, 70.9156083828337 ], [ 24.896116234632682, 70.92583218512594 ], [ 24.92318387225862, 70.91714261448428 ], [ 24.951664893918224, 70.92159982195192 ], [ 24.910810095058192, 70.93378109221216 ], [ 24.933477574843458, 70.93903186777493 ], [ 24.962091934619444, 70.96479637859679 ], [ 24.955371693553694, 70.97406789917488 ], [ 25.009160289702965, 70.97340659242894 ], [ 25.048495034036222, 70.94953341890047 ], [ 25.029987703482135, 70.9304348800777 ], [ 24.97057223882146, 70.90841336543785 ], [ 24.91894372015761, 70.88393178970311 ], [ 24.884355812767623, 70.87775518469603 ], [ 24.938544423266045, 70.88025492419568 ], [ 24.985239431623693, 70.8695153026416 ], [ 25.002226707651, 70.87651192801366 ], [ 25.02886766330451, 70.87049403662559 ], [ 25.019774003767125, 70.88768801202006 ], [ 25.048761710268987, 70.90826787795375 ], [ 25.111723968825473, 70.9298132517365 ], [ 25.15311212015104, 70.90884982789018 ], [ 25.15444550131488, 70.90060994583575 ], [ 25.19471361246282, 70.90005444816916 ], [ 25.231728273570994, 70.8683910811735 ], [ 25.236475110514263, 70.83717740276508 ], [ 25.24892889058452, 70.82000987964045 ], [ 25.230314889537325, 70.81286776678428 ], [ 25.266556189570473, 70.80937606716572 ], [ 25.287010256623766, 70.82647745961575 ], [ 25.333865270721073, 70.80920412741176 ], [ 25.33719872363067, 70.82959882745659 ], [ 25.364933051838523, 70.85049612062834 ], [ 25.327118362032046, 70.85970151053183 ], [ 25.359359518573676, 70.85951634464297 ], [ 25.360452891128027, 70.8770409734104 ], [ 25.39581415959304, 70.88734413251217 ], [ 25.39506746614129, 70.89531949186822 ], [ 25.34207889869032, 70.93489208754534 ], [ 25.309544398292648, 70.94087030052864 ], [ 25.298610672749167, 70.9584742861056 ], [ 25.32242486033533, 70.97978158945982 ], [ 25.37565343639579, 70.96902874177081 ], [ 25.43234880348223, 70.96203211639876 ], [ 25.44618929996288, 70.94753627252773 ], [ 25.508831547040046, 70.93076553345067 ], [ 25.510511607306483, 70.92320018427709 ], [ 25.546992915949122, 70.91482804087349 ], [ 25.527738891943283, 70.90006767430408 ], [ 25.45714969312964, 70.87607546556133 ], [ 25.40848128064951, 70.86384129076143 ], [ 25.444429236826615, 70.85860374133357 ], [ 25.435095568679742, 70.84658118469235 ], [ 25.45848307429348, 70.84953061277926 ], [ 25.495311062038716, 70.86836462890366 ], [ 25.502831331802767, 70.85902697765097 ], [ 25.580300777421822, 70.8967875928442 ], [ 25.613715309387633, 70.90830755635851 ], [ 25.69513156325165, 70.90963016985039 ], [ 25.71155881919015, 70.89531949186822 ], [ 25.68523787501596, 70.88972483679755 ], [ 25.72073248159736, 70.88569086564732 ], [ 25.734199631352137, 70.8770409734104 ], [ 25.72811941324503, 70.86258480794413 ], [ 25.751933600831197, 70.86894657884008 ], [ 25.74993352908544, 70.88808479606763 ], [ 25.797588571881047, 70.89878473921695 ], [ 25.854710620939915, 70.90322872054968 ], [ 25.879751519196816, 70.88931482661508 ], [ 25.845430288039598, 70.87467349525994 ], [ 25.853083895920033, 70.86730653811016 ], [ 25.911779334752232, 70.87583739513279 ], [ 25.870737862529264, 70.85094580921557 ], [ 25.785294797550453, 70.82947979224232 ], [ 25.7568671111374, 70.81158483169716 ], [ 25.75729379310983, 70.79066108625558 ], [ 25.720839152090466, 70.78320154616137 ], [ 25.698918365756953, 70.7870238991529 ], [ 25.619662189378353, 70.77488230729742 ], [ 25.596701365737044, 70.75008330432463 ], [ 25.626942450532916, 70.74312635735733 ], [ 25.654410102508002, 70.75320467216548 ], [ 25.66646386822911, 70.74234601539712 ], [ 25.68451784918749, 70.7587728749663 ], [ 25.69147809886273, 70.73882786350872 ], [ 25.6667038768386, 70.72500655251855 ], [ 25.66033031487545, 70.73889399418331 ], [ 25.639129554370406, 70.74083823601637 ], [ 25.54451282698438, 70.70491605357685 ], [ 25.52363207795866, 70.70585510915609 ], [ 25.48880416195918, 70.68259033783389 ], [ 25.45690968452015, 70.67256492756542 ], [ 25.39472078703869, 70.67084553002597 ], [ 25.400347655550092, 70.65283153426654 ], [ 25.362372960003952, 70.64352033528368 ], [ 25.37765350814155, 70.63849440401452 ], [ 25.33589201009011, 70.62910384822217 ], [ 25.362559633366892, 70.62866738576984 ], [ 25.303170836329496, 70.59901439128184 ], [ 25.24503541758611, 70.58835412653727 ], [ 25.233861683433137, 70.5658829233102 ], [ 25.19346023416881, 70.55784143327955 ], [ 25.141031686806656, 70.53965549776618 ], [ 25.09268328580585, 70.52908781596602 ], [ 25.056255312409764, 70.50263554612839 ], [ 25.086283056219422, 70.51186738830172 ], [ 25.21767443610413, 70.52854554443437 ], [ 25.241435288443743, 70.5204246975942 ], [ 25.210340839703015, 70.4977286500735 ], [ 25.14636521146201, 70.4923191608917 ], [ 25.075135989689727, 70.49882641927177 ], [ 25.057668696443432, 70.49073202470144 ], [ 25.07950947990712, 70.48455541969436 ], [ 25.081376213536494, 70.47085314391846 ], [ 25.223754654211238, 70.4800849860918 ], [ 25.227168109990664, 70.46158162334036 ], [ 25.21666106641961, 70.44260211973184 ], [ 25.165272556365252, 70.42349035477415 ], [ 25.188820067718652, 70.41294912524386 ], [ 25.243728704045548, 70.41101810954571 ], [ 25.240048572033352, 70.39205183207211 ], [ 25.208660779436578, 70.38844109723928 ], [ 25.17215280317066, 70.39172117869914 ], [ 25.18404656315211, 70.40649477140346 ], [ 25.13860493308847, 70.40153497080891 ], [ 25.094790028044716, 70.3683638244325 ], [ 25.047855011077576, 70.35778291649744 ], [ 25.047641670091362, 70.34746653126076 ], [ 25.119590917692122, 70.36294110911578 ], [ 25.080389511475254, 70.34464936452305 ], [ 25.077909422510512, 70.32913510826327 ], [ 25.055535286581293, 70.32060425124064 ], [ 25.073162585567246, 70.3150228223049 ], [ 25.14564518563354, 70.33267971242152 ], [ 25.181246462708046, 70.32502178030352 ], [ 25.169699381829197, 70.31330342476545 ], [ 25.180659774995956, 70.30430965302065 ], [ 25.15716559888911, 70.28908637172908 ], [ 25.105563747848535, 70.28793569799114 ], [ 25.117724184062748, 70.28056874084136 ], [ 25.07060249373267, 70.26037243282032 ], [ 25.032041110474445, 70.26061050324886 ], [ 25.025187531292314, 70.25144479175012 ], [ 24.936251007664243, 70.23058717698314 ], [ 24.939957807299713, 70.20580140014526 ], [ 24.920250433698172, 70.19633148754338 ], [ 24.957371765299452, 70.1723128265308 ], [ 24.898809664583638, 70.1532671922477 ], [ 24.918010353342922, 70.13543836237713 ], [ 24.921957161587887, 70.11299361141988 ], [ 24.91419688321434, 70.08416063729685 ], [ 24.991906337442888, 70.07454523721087 ], [ 24.98609279556855, 70.05629317102289 ], [ 25.030067706351964, 70.06053876033184 ], [ 25.03894802490313, 70.07994150025775 ], [ 25.02777429075016, 70.08880301065335 ], [ 24.990279612423002, 70.09419927370024 ], [ 24.98185264346754, 70.11980507090307 ], [ 25.006280186389073, 70.14482891816948 ], [ 25.028120969852758, 70.15511885113634 ], [ 25.057242014471004, 70.14217046505081 ], [ 25.08374963200813, 70.16273710484957 ], [ 25.09508337190076, 70.14058332886054 ], [ 25.07153586054736, 70.14652186343909 ], [ 25.053828558691578, 70.1340892966154 ], [ 25.059508762449532, 70.12033411629983 ], [ 25.08572303613061, 70.12196093089484 ], [ 25.118444209891223, 70.13875812224174 ], [ 25.146418546708567, 70.13393058299637 ], [ 25.148925303296583, 70.12296611714868 ], [ 25.104870389643338, 70.11315232503891 ], [ 25.06572231867302, 70.11812535176838 ], [ 25.070415820369735, 70.09742645062043 ], [ 25.087083084917726, 70.078433720877 ], [ 25.138391592102256, 70.06385852019646 ], [ 25.186126637767696, 70.08605197459025 ], [ 25.221381235739603, 70.08963625715324 ], [ 25.231248256352014, 70.11312587276907 ], [ 25.255115779184734, 70.13248893429022 ], [ 25.245328761442153, 70.14068913793989 ], [ 25.2691696166516, 70.14621766233596 ], [ 25.285436866850436, 70.16673139759506 ], [ 25.293250480470533, 70.19098812903617 ], [ 25.32186484024652, 70.18590929322735 ], [ 25.356239406650293, 70.19809056348758 ], [ 25.402561068282065, 70.22229439038902 ], [ 25.409761326566798, 70.25120672132158 ], [ 25.478617129867448, 70.26772616383518 ], [ 25.503924704357118, 70.28043647949217 ], [ 25.491604262403243, 70.28609726523743 ], [ 25.504511392069205, 70.30296058725892 ], [ 25.528058903422604, 70.31016883078968 ], [ 25.461843194826354, 70.31079045913087 ], [ 25.405227830609743, 70.32589470520816 ], [ 25.397387549366368, 70.33655496995273 ], [ 25.43528224204268, 70.34274480109474 ], [ 25.437015637555668, 70.36591698947252 ], [ 25.460003128820254, 70.36286175230627 ], [ 25.49643110221634, 70.38412937725573 ], [ 25.50357802525452, 70.40099269927724 ], [ 25.54061935398597, 70.38863948926306 ], [ 25.55205976437171, 70.40383631828479 ], [ 25.534512468255585, 70.40600540441147 ], [ 25.576993992135503, 70.4177634383543 ], [ 25.57966075446318, 70.42624139083726 ], [ 25.618008796735193, 70.4417291948272 ], [ 25.614328664722997, 70.45660859661089 ], [ 25.640516270780797, 70.46150226653084 ], [ 25.673397450281072, 70.49529504124844 ], [ 25.74782678684657, 70.51452584142041 ], [ 25.788921594316093, 70.5376451252585 ], [ 25.862790910792782, 70.57184791015858 ], [ 25.89287198984899, 70.5725621214442 ], [ 25.931060026381346, 70.59140936370352 ], [ 25.98556864835909, 70.60999208326447 ], [ 25.97271485393968, 70.62964611975383 ], [ 26.01506303970321, 70.65944460172594 ], [ 26.022609977090543, 70.68645236923018 ], [ 26.04698418476552, 70.69561808072892 ], [ 26.030876940306342, 70.71413466961528 ], [ 26.07863865359506, 70.73086573028758 ], [ 26.086078920489285, 70.71992771670972 ], [ 26.106106305570147, 70.72155453130473 ], [ 26.142827622822278, 70.7588390056409 ], [ 26.12920046732784, 70.76592821395738 ], [ 26.16824186780505, 70.77680009686065 ], [ 26.194562811979235, 70.7775407604161 ], [ 26.227897341075217, 70.7899733272398 ], [ 26.24499128759563, 70.81200806801456 ], [ 26.274965696158738, 70.817311748117 ], [ 26.278539157677827, 70.8272181231712 ], [ 26.372569197351762, 70.87648547574382 ], [ 26.422757664358667, 70.8920658626782 ], [ 26.439584934646316, 70.90332130349411 ], [ 26.50777404736505, 70.93350334337886 ], [ 26.573616409235427, 70.95442708882044 ], [ 26.624044884851823, 70.95424192293157 ], [ 26.675486730152738, 70.96954456103265 ], [ 26.718448271251635, 70.94235162763955 ], [ 26.719168297080106, 70.93054068915704 ], [ 26.70074096939585, 70.91806844392859 ], [ 26.730155357870142, 70.91158763781837 ], [ 26.711114674850517, 70.8813923717987 ], [ 26.650445831895837, 70.85374974981836 ], [ 26.668126466128346, 70.85318102601686 ], [ 26.660099511522034, 70.82838202304406 ], [ 26.728901979576133, 70.84297044985952 ], [ 26.734102166115104, 70.82486387115566 ], [ 26.710367981398768, 70.8192030854104 ], [ 26.716901549101582, 70.80382109049981 ], [ 26.67164659240088, 70.7784533637255 ], [ 26.683273676149557, 70.74856229880896 ], [ 26.655192668839106, 70.73529648548539 ], [ 26.595830539424988, 70.71715022837677 ], [ 26.553242345051963, 70.70936003490958 ], [ 26.50422725346924, 70.69467902514968 ], [ 26.446705190061216, 70.6842832831035 ], [ 26.400623537038935, 70.68170418679432 ], [ 26.384116278230607, 70.6679886848835 ], [ 26.30819355476161, 70.64994823685423 ], [ 26.339074662516122, 70.64817593477511 ], [ 26.469185996483546, 70.66621638280438 ], [ 26.53156156732794, 70.67039584143873 ], [ 26.59545719269911, 70.65943137559103 ], [ 26.58492348150478, 70.66715543838362 ], [ 26.618258010600762, 70.68908437007903 ], [ 26.62871171892526, 70.68454780580187 ], [ 26.592363748399006, 70.66187821055101 ], [ 26.640765484646366, 70.64665492925944 ], [ 26.624098220098375, 70.62024233782655 ], [ 26.620764767188778, 70.59761242098045 ], [ 26.60127073457345, 70.57430797125349 ], [ 26.612844483075573, 70.55428360298639 ], [ 26.60036403538204, 70.541150051012 ], [ 26.553562356531287, 70.5221044167289 ], [ 26.55062891797084, 70.48861584311443 ], [ 26.58393677944354, 70.47751911591754 ], [ 26.56588279848516, 70.46248100051484 ], [ 26.51084082404188, 70.43679584650249 ], [ 26.504307256339068, 70.42187676631406 ], [ 26.5332149599711, 70.39531868739707 ], [ 26.50238718746314, 70.3895124141677 ], [ 26.495346934918068, 70.37262263987637 ], [ 26.47651959288466, 70.36882673915466 ], [ 26.475319549837206, 70.35487316681531 ], [ 26.520174492188755, 70.35005885370485 ], [ 26.52318793361903, 70.3688531914245 ], [ 26.56910958090165, 70.38779301662825 ], [ 26.60767096415988, 70.37940764708972 ], [ 26.629405077130457, 70.38166931616084 ], [ 26.582443392540043, 70.40232853890404 ], [ 26.625031586913064, 70.43203443793172 ], [ 26.687753836860058, 70.41137521518851 ], [ 26.715648170807572, 70.4137559194739 ], [ 26.73844898870922, 70.42395326949631 ], [ 26.72586187052258, 70.4323783174396 ], [ 26.764129909924762, 70.43856814858161 ], [ 26.755969617202066, 70.44555154781875 ], [ 26.776637025241573, 70.46713660000627 ], [ 26.742715808433505, 70.47898721689353 ], [ 26.745462573631016, 70.48877455673346 ], [ 26.80319797802525, 70.48028337811557 ], [ 26.814318376931666, 70.49558601621665 ], [ 26.833572400937506, 70.49286143242338 ], [ 26.838479243620434, 70.47778363861592 ], [ 26.889334401209258, 70.47716201027474 ], [ 26.94541641296033, 70.48405282656744 ], [ 26.91410862323339, 70.4603515927929 ], [ 26.965097118938598, 70.4551404956349 ], [ 26.989311320873917, 70.47118379729143 ], [ 27.032859549684904, 70.48392056521826 ], [ 27.094115080351674, 70.46960988723609 ], [ 27.102222037827815, 70.48056112694887 ], [ 27.051153539252777, 70.48562673662278 ], [ 27.02301919669577, 70.49914384650981 ], [ 27.027872704132143, 70.50838891481807 ], [ 26.99349813772837, 70.50964539763537 ], [ 26.995444874227577, 70.52248797464154 ], [ 26.950776605238964, 70.5469827765112 ], [ 27.013792199042, 70.55551363353383 ], [ 26.999125006239773, 70.57241663396009 ], [ 26.950669934745857, 70.57477088597564 ], [ 26.963283720555776, 70.58918737303716 ], [ 27.009552046940993, 70.60824623345518 ], [ 27.043313258009402, 70.61257117957364 ], [ 27.04880678840442, 70.62237174554849 ], [ 27.09438175658444, 70.6074129869553 ], [ 27.21075926456432, 70.59667336540122 ], [ 27.242653742003352, 70.58525921096627 ], [ 27.253000779834743, 70.59040417744968 ], [ 27.234680122643596, 70.60708233358233 ], [ 27.188678472491144, 70.61623481894615 ], [ 27.14171678790073, 70.63218553765824 ], [ 27.11467581789807, 70.63118035140442 ], [ 27.077501151050235, 70.64476359196605 ], [ 27.078434517864924, 70.66219563778905 ], [ 27.12040935690258, 70.6726971889146 ], [ 27.148063682240604, 70.66534345789974 ], [ 27.129876363165838, 70.68055351305638 ], [ 27.09222167909902, 70.68100320164362 ], [ 27.11022232481085, 70.6878807918014 ], [ 27.147823673631112, 70.68153224704038 ], [ 27.182891598240083, 70.6658725032965 ], [ 27.20430569973134, 70.66817385077236 ], [ 27.159824104105667, 70.67519692841427 ], [ 27.165210964007574, 70.68654495217461 ], [ 27.134703202978937, 70.69458644220525 ], [ 27.069660869806864, 70.70114660512499 ], [ 27.100461974691548, 70.72607786944697 ], [ 27.11112902400226, 70.75583667301431 ], [ 27.137396632929892, 70.7492897362295 ], [ 27.26105440206433, 70.75022879180874 ], [ 27.297775719316462, 70.72892148845452 ], [ 27.33063023119346, 70.73868237602461 ], [ 27.33039022258397, 70.75226561658624 ], [ 27.35689784012109, 70.7543421197685 ], [ 27.27905504777616, 70.76830891824277 ], [ 27.2762549473321, 70.79193079520779 ], [ 27.298895759494087, 70.80272332130154 ], [ 27.279348391632205, 70.80645309134866 ], [ 27.290575461031732, 70.83387086903537 ], [ 27.376658548969186, 70.83343440658305 ], [ 27.464688373405846, 70.8140052143873 ], [ 27.484662423240156, 70.8168885117996 ], [ 27.50644987145729, 70.80643986521373 ], [ 27.52970403895464, 70.81034157501479 ], [ 27.593733002442196, 70.80469401540445 ], [ 27.702350232048534, 70.80038229542092 ], [ 27.582745941652163, 70.81810531621214 ], [ 27.542184486648175, 70.81883275363268 ], [ 27.48228900476852, 70.82908300819476 ], [ 27.451167888404516, 70.8458405211369 ], [ 27.497249541426797, 70.84785089364456 ], [ 27.532104125049553, 70.86373548168207 ], [ 27.45900816964789, 70.87229279097456 ], [ 27.475862107558818, 70.88744994159151 ], [ 27.369511625931008, 70.8818949649256 ], [ 27.41772668881543, 70.90512005784306 ], [ 27.406259610806416, 70.91769811215087 ], [ 27.34935090273376, 70.89565014524119 ], [ 27.319269823677548, 70.8913648775275 ], [ 27.296255664789687, 70.89714469848701 ], [ 27.24881396298029, 70.89461850671752 ], [ 27.238306919409236, 70.90390325343054 ], [ 27.210439253085, 70.8964304872014 ], [ 27.16243753118679, 70.90508037943832 ], [ 27.159744101235834, 70.91202410027068 ], [ 27.115129167493777, 70.91735423264298 ], [ 27.100808653794147, 70.93249815712502 ], [ 27.126089560660535, 70.9388070234813 ], [ 27.121449394210376, 70.9541890183919 ], [ 27.1513971351502, 70.96834098275504 ], [ 27.14230347561282, 70.98005933829312 ], [ 27.18889181347736, 70.98049580074543 ], [ 27.234680122643596, 70.96855260091374 ], [ 27.297402372590586, 70.94675593056752 ], [ 27.33076356930984, 70.94949374049571 ], [ 27.303562593567523, 70.9672564396917 ], [ 27.30342925545114, 70.98091903706283 ], [ 27.26404117587133, 71.00009693269513 ], [ 27.22145298149831, 71.00579739684514 ], [ 27.200678902965695, 71.01669573201825 ], [ 27.21366603550149, 71.02772632854055 ], [ 27.281535136740903, 71.04506579141912 ], [ 27.302709229622668, 71.03698462298372 ], [ 27.383138781425444, 71.01817705912916 ], [ 27.420446786389665, 71.02324266880306 ], [ 27.508183266970278, 71.00988427253506 ], [ 27.50228972222611, 70.99102380414082 ], [ 27.518183625699074, 70.95986303027207 ], [ 27.547598014173364, 70.95532646599491 ], [ 27.566292018090387, 70.96350021737474 ], [ 27.552744865465783, 70.97192526531803 ], [ 27.5653586512757, 70.99082541211703 ], [ 27.558211728237524, 70.99966047024282 ], [ 27.574452310813083, 71.01378598233612 ], [ 27.52623724792866, 71.03619105488859 ], [ 27.49738287954318, 71.04193119744336 ], [ 27.48743585606094, 71.06346334509121 ], [ 27.5287173368934, 71.09141016817468 ], [ 27.57743908462008, 71.10836607314062 ], [ 27.621760674506096, 71.09658158692794 ], [ 27.64808161868028, 71.10573407229177 ], [ 27.63050765494088, 71.1268429836222 ], [ 27.64536152110605, 71.1330989454388 ], [ 27.70909714073756, 71.11298199422728 ], [ 27.753818744972726, 71.11072032515617 ], [ 27.718404141261157, 71.08809040831005 ], [ 27.720964233095728, 71.08258833618382 ], [ 27.687869712609242, 71.05941614780605 ], [ 27.71864414987065, 71.06348979736104 ], [ 27.719417510945675, 71.04790941042667 ], [ 27.754058753582214, 71.05105723053735 ], [ 27.789553360163612, 71.06737828102717 ], [ 27.812940865777353, 71.06038165565512 ], [ 27.784673185103962, 71.04054245327688 ], [ 27.808034023094425, 71.04670583214906 ], [ 27.824754622888968, 71.02984251012757 ], [ 27.86616944183781, 71.04677196282366 ], [ 27.87072960541814, 71.03404842103174 ], [ 27.938412033294615, 71.0583316047427 ], [ 27.93638529392558, 71.06446853134504 ], [ 27.98113356578402, 71.08149056698556 ], [ 27.959612793799657, 71.06285494288494 ], [ 27.979666846503797, 71.05486635739398 ], [ 28.042415764074068, 71.08683392549277 ], [ 28.065483258208484, 71.08680747322293 ], [ 28.058282999923755, 71.04808135018061 ], [ 28.07620364276575, 71.04742004343467 ], [ 28.143646062032733, 71.08962463996063 ], [ 28.18812765765841, 71.0963435164994 ], [ 28.24812981003117, 71.08384481900111 ], [ 28.246316411648348, 71.06347657122612 ], [ 28.2687705504474, 71.04943041594234 ], [ 28.23047584342194, 71.03883628187236 ], [ 28.16714023813958, 71.0340219687619 ], [ 28.204101564001203, 71.02904894203243 ], [ 28.193967867156022, 71.00783422162264 ], [ 28.17434049642431, 70.99714750460824 ], [ 28.166073533208507, 70.980892584793 ], [ 28.21884875967326, 71.010545579281 ], [ 28.22364893186308, 71.00017628950464 ], [ 28.178473978032212, 70.95906946217694 ], [ 28.201354798803692, 70.95949269849434 ], [ 28.20924841529362, 70.9722426925561 ], [ 28.23455598978329, 70.9735124015083 ], [ 28.284424445310872, 70.9900979746965 ], [ 28.303065113981344, 71.00567836163087 ], [ 28.385281396543665, 71.00451446175802 ], [ 28.442376777979256, 70.99935626913968 ], [ 28.53448674877726, 70.98283682662607 ], [ 28.54808723664842, 70.96683320337429 ], [ 28.5238730347131, 70.93761667133862 ], [ 28.52523308350022, 70.92944291995877 ], [ 28.49763209340875, 70.9216527264916 ], [ 28.510539223074712, 70.91388898529425 ], [ 28.472991209501, 70.89111358096403 ], [ 28.41322906573773, 70.88656379055196 ], [ 28.37802780301238, 70.8927800739638 ], [ 28.34586664934058, 70.88495020209186 ], [ 28.45021705922263, 70.87790067218013 ], [ 28.424669476123473, 70.85951634464297 ], [ 28.39608178397076, 70.85107807056475 ], [ 28.32578592901316, 70.85298263399307 ], [ 28.369760839796577, 70.83818258901891 ], [ 28.35090683013989, 70.82593518808407 ], [ 28.21818206909134, 70.84361853047054 ], [ 28.256796787596123, 70.82666262550461 ], [ 28.309358673074662, 70.81426973708568 ], [ 28.237542763590287, 70.79047592036672 ], [ 28.199274724188104, 70.78904749779548 ], [ 28.09129751754041, 70.79864967174655 ], [ 28.077563691552868, 70.79288307692194 ], [ 28.02150834742507, 70.7973535105245 ], [ 28.00566777919866, 70.81637269253777 ], [ 27.961586197922138, 70.81388617917302 ], [ 27.95635934375989, 70.80104360216686 ], [ 27.93398520783067, 70.795806052739 ], [ 27.8634226766403, 70.80399303025375 ], [ 27.862142630723017, 70.79806772181011 ], [ 27.813554221112717, 70.80096424535733 ], [ 27.788779999088586, 70.79571346979456 ], [ 27.733258007426326, 70.80137425553983 ], [ 27.75136532363126, 70.79342534845361 ], [ 27.823901258944108, 70.78731487412112 ], [ 27.833581606193583, 70.78332058137563 ], [ 27.782433104748712, 70.76514787199717 ], [ 27.753232057260636, 70.74681644899968 ], [ 27.76987265418535, 70.74620804679341 ], [ 27.84502201657932, 70.77002831578221 ], [ 27.902250736131297, 70.77516005613072 ], [ 27.936811975898006, 70.7740887392023 ], [ 28.02590850526574, 70.76264813249752 ], [ 28.00070760126918, 70.74678999672985 ], [ 28.010441283765203, 70.74238569380188 ], [ 28.057669644588387, 70.7588390056409 ], [ 28.129405551202932, 70.74509705146023 ], [ 28.142926036204262, 70.73507164119177 ], [ 28.106018045589195, 70.7202715962176 ], [ 28.075136937834678, 70.71819509303535 ], [ 28.08009711576416, 70.71105298017919 ], [ 28.01734819819389, 70.69444095472114 ], [ 27.93571860334366, 70.68490491144468 ], [ 27.849742185899313, 70.6689012881929 ], [ 27.88350339696772, 70.65855845068639 ], [ 27.79670028320179, 70.63841504720502 ], [ 27.755978822458143, 70.63779341886384 ], [ 27.727524468421816, 70.62944772773005 ], [ 27.65802864216252, 70.62298014775475 ], [ 27.67874938544858, 70.61581158262875 ], [ 27.73795150912304, 70.61812615623954 ], [ 27.813154206763567, 70.62913030049201 ], [ 27.901610713172655, 70.6372114689274 ], [ 27.942305506293025, 70.64742204508474 ], [ 28.06849669963876, 70.67073972094661 ], [ 28.123858685561363, 70.6778950599377 ], [ 28.162766747922188, 70.6880130531506 ], [ 28.202821518083915, 70.70738934080667 ], [ 28.242209597663724, 70.71753378628941 ], [ 28.28421110432466, 70.71949125425739 ], [ 28.30517185622021, 70.6875236861586 ], [ 28.29687822538113, 70.6598413857735 ], [ 28.26661047296198, 70.63061162760292 ], [ 28.202928188577022, 70.59549623939344 ], [ 28.17420715830793, 70.58414821563309 ], [ 28.069696742686215, 70.55280227587548 ], [ 28.00692115749267, 70.54092520671837 ], [ 27.974146648485505, 70.52845296148993 ], [ 27.94275885588873, 70.52508029708562 ], [ 27.895583830312102, 70.51209223259534 ], [ 27.88814356341788, 70.50153777693012 ], [ 27.812167504702327, 70.48705515919401 ], [ 27.84347529442927, 70.47795557836986 ], [ 27.82216786343112, 70.4462260806996 ], [ 27.851475581412302, 70.44327665261271 ], [ 27.862595980318723, 70.4267572100991 ], [ 27.878089869442533, 70.42805337132114 ], [ 27.869929576719837, 70.45808992372179 ], [ 27.889316938842057, 70.47937077480617 ], [ 27.951025819104533, 70.49924965558917 ], [ 27.99764082459235, 70.50372008919173 ], [ 27.92798499259339, 70.47999240314736 ], [ 27.91011768499795, 70.45925382359465 ], [ 27.98577373223418, 70.49300691990749 ], [ 27.988067147835984, 70.47972788044899 ], [ 28.072176831650957, 70.49930256012884 ], [ 28.09140418803352, 70.49760961485923 ], [ 28.15113966417351, 70.51104736793675 ], [ 28.186927614610955, 70.51182770989696 ], [ 28.18303414161254, 70.49395920162164 ], [ 28.13017891227796, 70.4903484667888 ], [ 28.09983115698898, 70.47494001960837 ], [ 28.035828861124703, 70.45137104718303 ], [ 28.04412249196378, 70.42244549011556 ], [ 28.06809668528961, 70.45020714731018 ], [ 28.12121859085696, 70.47335288341812 ], [ 28.172873777144087, 70.48925069759053 ], [ 28.20178148077612, 70.4881000238526 ], [ 28.24895650635275, 70.50758212058803 ], [ 28.292531402787013, 70.50992314646865 ], [ 28.300131675420896, 70.5031381392553 ], [ 28.358667108513433, 70.51661557073759 ], [ 28.368907475851717, 70.50204037005705 ], [ 28.345013285395723, 70.49731863989102 ], [ 28.329652734388294, 70.48161921774238 ], [ 28.35082682727006, 70.47385547654503 ], [ 28.36592070204472, 70.48157953933762 ], [ 28.42202938141907, 70.49130074850295 ], [ 28.454217202714148, 70.49085105991571 ], [ 28.44408350586897, 70.46676626822854 ], [ 28.490938519966278, 70.4438982809539 ], [ 28.512779303429962, 70.44840839296121 ], [ 28.51179260136872, 70.45966383377713 ], [ 28.486245018269564, 70.47134251091045 ], [ 28.509765861999686, 70.49153881893149 ], [ 28.540406961144708, 70.49911739423997 ], [ 28.54934061494243, 70.50907667383385 ], [ 28.508832495184997, 70.50584949691365 ], [ 28.466404306551638, 70.50943377947667 ], [ 28.433096445078935, 70.53330695300514 ], [ 28.394375056081046, 70.54302816217047 ], [ 28.409495598478983, 70.54846410362211 ], [ 28.417415882592188, 70.5711601511428 ], [ 28.44168341977406, 70.58950480027521 ], [ 28.470297779550048, 70.59826050159147 ], [ 28.485978342036795, 70.63778019272891 ], [ 28.510272546841943, 70.65668033952791 ], [ 28.507232437788392, 70.68490491144468 ], [ 28.574274842706224, 70.67505144093015 ], [ 28.615316314929192, 70.67419174216043 ], [ 28.62387662200104, 70.68280195599259 ], [ 28.58779532770755, 70.68679624873806 ], [ 28.538166880789458, 70.70428119910075 ], [ 28.515872747730068, 70.72867019189106 ], [ 28.55347409655033, 70.74926328395966 ], [ 28.605342623823674, 70.76936700903627 ], [ 28.663638048306723, 70.77929983636031 ], [ 28.657824506432384, 70.79440408243761 ], [ 28.72870704910207, 70.84324819869282 ], [ 28.755854689597836, 70.85569399165144 ], [ 28.79785619625877, 70.8639603259757 ], [ 28.841004410720604, 70.87832390849753 ], [ 28.967035598326678, 70.8851882725204 ], [ 28.976262595980447, 70.87108921269694 ], [ 29.04114492341286, 70.87487188728372 ], [ 29.085333175182488, 70.8735889521966 ], [ 29.10720062626945, 70.85320747828669 ], [ 29.172056286078586, 70.84896188897775 ], [ 29.209764305391957, 70.8546888053976 ], [ 29.246085608294933, 70.84648860174792 ], [ 29.273393254530358, 70.8265832686951 ], [ 29.27256655820878, 70.80913799673718 ], [ 29.254272568640907, 70.79981357161941 ], [ 29.296247407678564, 70.79076689533493 ], [ 29.33704887129204, 70.79064786012066 ], [ 29.37251681025016, 70.78457706419292 ], [ 29.36640992451978, 70.76379880623546 ], [ 29.255259270702147, 70.7414201859528 ], [ 29.27272656394844, 70.72669949778816 ], [ 29.298940837629516, 70.73238673580325 ], [ 29.35038268293043, 70.72474202982016 ], [ 29.352356087052915, 70.73044249397017 ], [ 29.40203786921756, 70.73021764967656 ], [ 29.28488700016265, 70.71059006545703 ], [ 29.32022160100439, 70.70071014267266 ], [ 29.37801034064518, 70.69995625298229 ], [ 29.264326262616255, 70.67755118042982 ], [ 29.24363218695347, 70.67052810278791 ], [ 29.296140737185453, 70.66728769973281 ], [ 29.25877939697468, 70.66076721521783 ], [ 29.272033205743245, 70.65185280028254 ], [ 29.303047651614143, 70.65593967597246 ], [ 29.34742257674671, 70.68343681046869 ], [ 29.38835737847657, 70.69478483422904 ], [ 29.415158339869738, 70.68999697338842 ], [ 29.4542530755935, 70.70293213333903 ], [ 29.5215621567441, 70.70225760045817 ], [ 29.57884421154263, 70.70814323049704 ], [ 29.630179386350434, 70.71741475107514 ], [ 29.711355631604963, 70.73664555124711 ], [ 29.802025550746023, 70.72442460258212 ], [ 29.793891925646605, 70.69846169973647 ], [ 29.812319253330863, 70.6941235274831 ], [ 29.77271783276484, 70.65871716430541 ], [ 29.78981177928526, 70.65613806799624 ], [ 29.730342979378033, 70.63826955972091 ], [ 29.712315666042926, 70.6249111634529 ], [ 29.795571985913043, 70.6315242309123 ], [ 29.82618641743479, 70.63934087664933 ], [ 29.900322410144245, 70.683873272921 ], [ 29.938163767574, 70.69471870355444 ], [ 29.944163982811276, 70.70465153087848 ], [ 30.080915554974617, 70.7077596725844 ], [ 30.09814283961142, 70.69825008157777 ], [ 30.20977351064803, 70.6756466170015 ], [ 30.163238508030048, 70.66017203914647 ], [ 30.108143198340212, 70.65332090125852 ], [ 30.125983838312383, 70.64721042692604 ], [ 30.19073282762841, 70.64767334164819 ], [ 30.24585480494152, 70.64166867639504 ], [ 30.33404463511784, 70.60900012314555 ], [ 30.321484184554475, 70.59125065008449 ], [ 30.274255823731295, 70.57314407138063 ], [ 30.22553407600461, 70.57047239212703 ], [ 30.208013447511764, 70.55337099967699 ], [ 30.1299839818039, 70.54892701834426 ], [ 30.084675689856645, 70.55072577269323 ], [ 30.085049036582518, 70.54275041333717 ], [ 30.147557945543298, 70.53273822920363 ], [ 30.08222226851518, 70.53383599840188 ], [ 30.050887811164962, 70.52959040909295 ], [ 30.025073551833035, 70.54030357837719 ], [ 30.035447257287704, 70.52433963353018 ], [ 30.11513011563873, 70.51598071626148 ], [ 30.136810893362753, 70.50435494366783 ], [ 30.200786521603757, 70.52473641757774 ], [ 30.26076200635324, 70.53232821902114 ], [ 30.349485188995097, 70.54788215368568 ], [ 30.445008615572533, 70.5540852109626 ], [ 30.487490139452447, 70.54493272559878 ], [ 30.505170773684956, 70.54970736030447 ], [ 30.534771835522182, 70.54107069420249 ], [ 30.589947148081848, 70.54167909640876 ], [ 30.61901485745354, 70.5511357828757 ], [ 30.626081777621888, 70.53962904549633 ], [ 30.606774418369497, 70.53812126611558 ], [ 30.61704145333106, 70.52289798482403 ], [ 30.580613479934975, 70.51201287578583 ], [ 30.58893377839733, 70.50378621986633 ], [ 30.630828614565157, 70.4991306203749 ], [ 30.69237748908797, 70.48194987111535 ], [ 30.695897615360504, 70.47569390929874 ], [ 30.74376599914233, 70.46590656945881 ], [ 30.7246186456296, 70.45012779050066 ], [ 30.7324322592497, 70.42757723046407 ], [ 30.758246518581622, 70.43276187535224 ], [ 30.786780875487782, 70.42038221306822 ], [ 30.85494332058324, 70.44273438108104 ], [ 30.871370576521738, 70.43888557581967 ], [ 30.926919235807276, 70.45022037344509 ], [ 30.965427283818947, 70.43977172685922 ], [ 30.965133939962904, 70.4271804464165 ], [ 30.991321546020703, 70.42104351981418 ], [ 31.01449571064823, 70.39783165303163 ], [ 31.032176344880735, 70.39481609427014 ], [ 31.03526978918084, 70.37957958684366 ], [ 31.0200425762898, 70.36622119057566 ], [ 31.053483775878885, 70.36186979218736 ], [ 31.04417677535529, 70.33613173363533 ], [ 31.05948399111616, 70.3180516072013 ], [ 31.0387632478301, 70.30602905056008 ], [ 31.06364414034734, 70.28946992964173 ], [ 31.006975440884176, 70.280462931762 ], [ 30.977161038060732, 70.28443077223766 ], [ 30.96326720633353, 70.27310920074714 ], [ 30.93889299865855, 70.27431277902475 ], [ 30.844196268402694, 70.25883820116974 ], [ 30.811261753655867, 70.26624483672427 ], [ 30.79550118829929, 70.25632523553516 ], [ 30.76184664772399, 70.26165536790745 ], [ 30.7249653247322, 70.25758171835244 ], [ 30.71019146143686, 70.24497721177481 ], [ 30.676136906512408, 70.25006927371855 ], [ 30.597014068250196, 70.24561206625091 ], [ 30.563599536284386, 70.24727855925069 ], [ 30.507330851170373, 70.23675055585531 ], [ 30.477463113100377, 70.21423967422346 ], [ 30.451462180405514, 70.20729595339108 ], [ 30.36263232727055, 70.19813024189234 ], [ 30.359592218217, 70.18858097248095 ], [ 30.331377872790164, 70.18217952318024 ], [ 30.324150946882153, 70.17052729831676 ], [ 30.352685303788313, 70.15472206708877 ], [ 30.36049891740841, 70.13832165978943 ], [ 30.33644472121275, 70.13689323721819 ], [ 30.2878029763559, 70.12230481040274 ], [ 30.221133918163943, 70.11696145189552 ], [ 30.188519414896437, 70.10249206029434 ], [ 30.171958820841553, 70.10602343831766 ], [ 30.126623861271025, 70.09853744595361 ], [ 30.09323599692849, 70.08547002465382 ], [ 30.100329584720114, 70.0770317505756 ], [ 30.13942432044388, 70.07793112775008 ], [ 30.17017209008201, 70.06953253207664 ], [ 30.097022799433795, 70.06851411968788 ], [ 30.083582317302298, 70.0792801935118 ], [ 30.004939496259063, 70.06847444128313 ], [ 29.898349006021764, 70.06055198646675 ], [ 29.821652921477735, 70.06207299198242 ], [ 29.78757169893001, 70.07313004077454 ], [ 29.746983576302746, 70.0742145838379 ], [ 29.607778582797938, 70.09117048880383 ], [ 29.53446928641006, 70.09261213750997 ], [ 29.454973101421974, 70.10087847183424 ], [ 29.41809177843018, 70.09442411799385 ], [ 29.33488879380662, 70.10364273403228 ], [ 29.31224798164463, 70.11426332037209 ], [ 29.23320514625225, 70.11838987446676 ], [ 29.197070516712206, 70.11439558172128 ], [ 29.115280916122316, 70.1314837480364 ], [ 29.070692650003533, 70.12362742389462 ], [ 29.019037463716405, 70.12263546377571 ], [ 28.975755911138187, 70.13564998053582 ], [ 28.924980756419192, 70.14096688677319 ], [ 28.91242030585583, 70.14685251681206 ], [ 28.863245208533442, 70.14563571239954 ], [ 28.857485001905655, 70.1516536037876 ], [ 28.815056813272296, 70.15570080107275 ], [ 28.744334276342265, 70.1730138116815 ], [ 28.662037990910115, 70.17915073828382 ], [ 28.56616788523008, 70.17335769118938 ], [ 28.58318182888067, 70.16084576755618 ], [ 28.6689449053388, 70.16120287319899 ], [ 28.746734362437177, 70.16509135686512 ], [ 28.761241549499747, 70.15866345529457 ], [ 28.664624750367963, 70.13082244129045 ], [ 28.577901639471865, 70.12270159445029 ], [ 28.57830165382102, 70.1123058524041 ], [ 28.636917089783385, 70.10505793046859 ], [ 28.656331119528883, 70.09598480191427 ], [ 28.718760025619833, 70.10573246334945 ], [ 28.827803937198595, 70.1056266542701 ], [ 28.84964472066228, 70.09062821727215 ], [ 28.824177140432955, 70.08737458808213 ], [ 28.72756034130117, 70.09218890119257 ], [ 28.771801928317352, 70.07783854480564 ], [ 28.831270728224577, 70.07840726860717 ], [ 28.98367619525139, 70.06106780572858 ], [ 29.011090511979923, 70.06240364535539 ], [ 29.068132558168962, 70.05268243619005 ], [ 29.0956535453906, 70.05916324230027 ], [ 29.10488054304437, 70.04659841412739 ], [ 29.156002376865963, 70.04597678578621 ], [ 29.180856601759924, 70.03505199834326 ], [ 29.116507626793048, 70.01447213240958 ], [ 29.15866913919364, 70.00881134666432 ], [ 29.181683298081502, 70.01902192282165 ], [ 29.21592452636889, 70.01165496567187 ], [ 29.240165395927487, 70.01781834454404 ], [ 29.281953561602208, 70.01198561904484 ], [ 29.307021127482383, 70.02056938060716 ], [ 29.376063604145973, 70.0060603106012 ], [ 29.393930911741418, 70.00895683414842 ], [ 29.5039881930047, 69.99848173529271 ], [ 29.491267736701676, 69.99168350194444 ], [ 29.60703188934619, 69.97971384984291 ], [ 29.659700445317835, 69.96556188547977 ], [ 29.63943305162748, 69.95092055412464 ], [ 29.56407034824729, 69.93537984559502 ], [ 29.556203399380642, 69.92922969285776 ], [ 29.478920627124523, 69.91798747817677 ], [ 29.47041365529923, 69.90132254817905 ], [ 29.428598822001234, 69.90066124143311 ], [ 29.40169119011496, 69.88558344762565 ], [ 29.415985036191316, 69.87141825712759 ], [ 29.35187606983393, 69.8740238057066 ], [ 29.352116078443423, 69.86235835470819 ], [ 29.412758253774825, 69.85820534834369 ], [ 29.46337340275416, 69.88001524482482 ], [ 29.47556050659165, 69.8939820432991 ], [ 29.5126018353231, 69.90182514130596 ], [ 29.524362257188162, 69.91733939756574 ], [ 29.57673746930376, 69.91718068394671 ], [ 29.57127060653202, 69.89929894953647 ], [ 29.607538574188446, 69.9166119601452 ], [ 29.64257983117414, 69.90390164448822 ], [ 29.71500909599388, 69.91286896396318 ], [ 29.741036696312023, 69.90343872976607 ], [ 29.72703619409171, 69.89722244635422 ], [ 29.76237079493345, 69.88070300384061 ], [ 29.754957195662502, 69.85783501656596 ], [ 29.737516570039485, 69.8539333067649 ], [ 29.778451371769346, 69.8307346661173 ], [ 29.727142864584817, 69.82466387018955 ], [ 29.75903734202385, 69.8154188018813 ], [ 29.7276228818038, 69.81104095122316 ], [ 29.689461512894724, 69.78604355622659 ], [ 29.68594138662219, 69.7752907085376 ], [ 29.647353335740686, 69.76669372084035 ], [ 29.62159241165531, 69.76738147985614 ], [ 29.634152862218677, 69.75418179720715 ], [ 29.658447067023825, 69.75650959695287 ], [ 29.62705927442705, 69.74329668816895 ], [ 29.562896972823115, 69.69946527704798 ], [ 29.521108807148394, 69.70729514891993 ], [ 29.439025862702458, 69.69667456258011 ], [ 29.502628144217585, 69.69611906491352 ], [ 29.533695925335035, 69.70004722698441 ], [ 29.538442762278304, 69.69233639032674 ], [ 29.499908046643352, 69.66559314552089 ], [ 29.471960377449285, 69.65966783707725 ], [ 29.49942802942437, 69.652538950356 ], [ 29.546123037782017, 69.66908484513945 ], [ 29.5683105003483, 69.68996891217627 ], [ 29.641353120503407, 69.71193752227643 ], [ 29.650393444794236, 69.72839083411544 ], [ 29.690661555942178, 69.74147148155016 ], [ 29.704448717176277, 69.73906432499494 ], [ 29.775571268455455, 69.74807132287465 ], [ 29.82650642891411, 69.74554513110516 ], [ 29.87368145449074, 69.73835011370932 ], [ 29.882188426316034, 69.72992506576603 ], [ 29.915896302137888, 69.75579538566724 ], [ 29.92605666660634, 69.74994943403313 ], [ 29.950217533295106, 69.76612499703884 ], [ 30.02592691577789, 69.77435165295836 ], [ 30.051927848472754, 69.78103085109237 ], [ 30.07678207336672, 69.76908765126066 ], [ 30.060301482181664, 69.75452567671505 ], [ 30.02544689855891, 69.75317661095332 ], [ 30.03563393065064, 69.73788719898717 ], [ 29.998992616268342, 69.72254488248133 ], [ 29.912162834879137, 69.69910817140517 ], [ 29.896828951494985, 69.70602543996772 ], [ 29.906375960628075, 69.67645180228924 ], [ 29.9265633514486, 69.66688930674292 ], [ 29.921443167779458, 69.64336001272234 ], [ 29.940643856538742, 69.59004546286457 ], [ 29.951950928808095, 69.59016449807883 ], [ 29.938190435197278, 69.62715799744679 ], [ 29.9363237015679, 69.66531539668759 ], [ 29.91578963164478, 69.69291834026316 ], [ 29.924883291182162, 69.69966366907177 ], [ 29.99147234650429, 69.71344530165717 ], [ 30.03662063271188, 69.72973989987716 ], [ 30.08304896483676, 69.72985893509144 ], [ 30.07310194135452, 69.72150001782273 ], [ 30.106943155292758, 69.68746917267661 ], [ 30.108783221298857, 69.70691159100728 ], [ 30.13105068673497, 69.71730733305347 ], [ 30.107209831525527, 69.73239835299586 ], [ 30.098276177727804, 69.75658895376237 ], [ 30.153478157910744, 69.76299040306309 ], [ 30.198813117481276, 69.77935113195767 ], [ 30.181479162351366, 69.78486643021881 ], [ 30.153478157910744, 69.80991672975507 ], [ 30.16046507520926, 69.83107854562519 ], [ 30.13030399328322, 69.85265037167778 ], [ 30.14878465621403, 69.87218537295288 ], [ 30.20780010652555, 69.8799226618804 ], [ 30.22686745716845, 69.87320378534163 ], [ 30.26657554822758, 69.88136431058655 ], [ 30.298256684680396, 69.87940684261856 ], [ 30.29524324325012, 69.8699501561516 ], [ 30.335431351528232, 69.86599554181088 ], [ 30.30751034995744, 69.85325877388405 ], [ 30.23350769536437, 69.84090556386987 ], [ 30.273162451176944, 69.83582672806104 ], [ 30.369779250308728, 69.84462210778206 ], [ 30.38740654929468, 69.82156895461856 ], [ 30.393460099778512, 69.80053940009762 ], [ 30.387539887411066, 69.7795892023862 ], [ 30.40367379949352, 69.78190377599701 ], [ 30.41215410369554, 69.74825648876352 ], [ 30.405460530253066, 69.72784856258377 ], [ 30.422661147266588, 69.69018053033497 ], [ 30.360765593641176, 69.6758698523528 ], [ 30.317084026713808, 69.67415045481336 ], [ 30.385459812795478, 69.66714060330638 ], [ 30.39354010264834, 69.6743223945673 ], [ 30.443301887682818, 69.67583017394804 ], [ 30.43343486707041, 69.7210503292355 ], [ 30.44188850364915, 69.73682910819366 ], [ 30.46634271419396, 69.73492454476535 ], [ 30.45703571367036, 69.75029331354102 ], [ 30.43154146581776, 69.76186618159498 ], [ 30.439701758540455, 69.78368930421104 ], [ 30.42148777184241, 69.79752384133613 ], [ 30.42828801577799, 69.81487653034962 ], [ 30.50727751592382, 69.82409514638805 ], [ 30.556212604636716, 69.81543202801622 ], [ 30.58893377839733, 69.80454691897802 ], [ 30.579733448366838, 69.8177333754921 ], [ 30.627521829278834, 69.81306454986574 ], [ 30.645202463511342, 69.80634567332699 ], [ 30.678430322114213, 69.80858089012827 ], [ 30.64762921722953, 69.79969292746281 ], [ 30.683577173406633, 69.79174402037661 ], [ 30.673523479431285, 69.80126683751816 ], [ 30.73339229368766, 69.79915065593114 ], [ 30.72045849639842, 69.7875248833375 ], [ 30.684057190625612, 69.78388769623483 ], [ 30.68341716766697, 69.76453786084859 ], [ 30.716805032009503, 69.76213070429337 ], [ 30.718618430392326, 69.771150928308 ], [ 30.795874535025163, 69.79192918626546 ], [ 30.85270324022799, 69.7694712091733 ], [ 30.873210642527834, 69.7413524463359 ], [ 30.88659778941278, 69.73922303861396 ], [ 30.890437927164637, 69.71988642936265 ], [ 30.873370648267496, 69.71533663895057 ], [ 30.919798980392372, 69.69446579804867 ], [ 30.946413268422603, 69.67458691726569 ], [ 30.922945759939033, 69.66868806109188 ], [ 30.939106339644763, 69.64371711836515 ], [ 30.952600157022815, 69.63744793041363 ], [ 30.94643993604588, 69.57619769960456 ], [ 30.93889772883796, 69.56101111885715 ], [ 30.890495113156504, 69.54983966302348 ], [ 30.862310025135464, 69.53784733095205 ], [ 30.81643923241235, 69.52877404156798 ], [ 30.744564057775783, 69.53286483682635 ], [ 30.664231704724443, 69.54068306689275 ], [ 30.566182382797486, 69.54208653326398 ], [ 30.51598157275642, 69.54042417503787 ], [ 30.50756864758967, 69.54795929060377 ], [ 30.41771085806192, 69.58991339698245 ], [ 30.303831953255422, 69.6288698081993 ], [ 30.22401986055507, 69.65312388723602 ], [ 30.151679773759398, 69.66937957054546 ], [ 30.085262377568732, 69.65808070088698 ], [ 30.091235925182733, 69.64281774119067 ], [ 30.13777092780072, 69.64350550020644 ], [ 30.167745336363822, 69.59136807635645 ], [ 30.18766605095158, 69.57010045140699 ], [ 30.184999288623903, 69.55094900804453 ], [ 30.169326499972705, 69.53307527390731 ], [ 30.149638020158886, 69.53089818750759 ], [ 30.119983623075104, 69.51384969959723 ], [ 30.11721019025432, 69.46987280099215 ], [ 30.075368689333047, 69.45266559946276 ], [ 30.044460913955255, 69.42966535083893 ], [ 30.008798830823277, 69.41591091696964 ], [ 29.944672971873764, 69.40518377510419 ], [ 29.914236030566265, 69.41875862912838 ], [ 29.87333371676213, 69.42375932969382 ], [ 29.842053653284474, 69.4205789961497 ], [ 29.79698536994671, 69.40647993632624 ], [ 29.787753673478527, 69.3976549022447 ], [ 29.7276228818038, 69.39041018239986 ], [ 29.694998980982113, 69.36342733151116 ], [ 29.6430575644183, 69.34712734064746 ], [ 29.57303949358976, 69.31853607395645 ], [ 29.536524045348898, 69.31755205761353 ], [ 29.526771013264735, 69.32817373169236 ], [ 29.48583308212602, 69.32202539262379 ], [ 29.416171709554256, 69.31856581752082 ], [ 29.395930983487176, 69.32382981921852 ], [ 29.32136830880529, 69.3023241238405 ], [ 29.29358908084686, 69.29829216128363 ], [ 29.276940048426173, 69.27686381412177 ], [ 29.276753375063233, 69.25158867029191 ], [ 29.310407915638535, 69.23932804322216 ], [ 29.313741368548133, 69.23074428165984 ], [ 29.293616754942807, 69.20649455989577 ], [ 29.294434009295742, 69.18594736268979 ], [ 29.25747268343412, 69.15527595581304 ], [ 29.232152587852834, 69.12423507947742 ], [ 29.242112132426694, 69.11300522861248 ], [ 29.15968250887816, 69.06705763590449 ], [ 29.14234855374825, 69.06307656929393 ], [ 29.04146493489218, 69.01083333636458 ], [ 29.01991749528454, 69.02517046661659 ], [ 28.92928728184984, 69.05190887075443 ], [ 28.85456722280305, 69.07663985583962 ], [ 28.80541802840783, 69.1111542278621 ], [ 28.830324714756756, 69.1718984325507 ], [ 28.831542374978262, 69.22435809788293 ], [ 29.219339481431106, 69.3976385041245 ], [ 29.33648392955891, 69.47831738163934 ], [ 29.170550050283147, 69.63903471997537 ], [ 29.133909547254277, 69.6953368854696 ], [ 28.916999983251035, 69.72975587628238 ], [ 28.688572276070513, 69.77063510904617 ], [ 28.404226659518446, 69.8184195236374 ], [ 28.33047519382967, 69.84918677670758 ], [ 28.34528083515931, 69.88082608655212 ], [ 28.160722289313735, 69.9209952017208 ], [ 27.98428034533068, 70.01396953928266 ], [ 27.976993966346463, 70.05424275166467 ], [ 27.95939324132655, 70.09209546602648 ], [ 27.79417888854531, 70.07676634303978 ], [ 27.7410982886697, 70.06413626902975 ], [ 27.692947045584884, 70.07658920650749 ], [ 27.6124536739825, 70.07455846334578 ], [ 27.55258485972612, 70.05768191518936 ], [ 27.525970571695893, 70.02346590415438 ], [ 27.428548732943014, 70.01921059593242 ], [ 27.358201181055257, 69.99153641923378 ], [ 27.30783432643853, 69.98973780213667 ], [ 27.276441620695035, 69.97930383966042 ], [ 27.30548130707889, 69.95804611933922 ], [ 27.291783350791444, 69.95225298672655 ], [ 27.23529347797896, 69.94824887487103 ], [ 27.169981187857875, 69.93510701468372 ], [ 27.125529540571723, 69.93060521088933 ], [ 27.105066225462295, 69.91888318922041 ], [ 27.06217137675025, 69.91775224059117 ], [ 27.034192930848743, 69.91040890286828 ], [ 26.98595691652252, 69.93508436898145 ], [ 26.928892930687528, 69.93932201986934 ], [ 26.885582970536333, 69.9323183139003 ], [ 26.860676284187402, 69.9399079330146 ], [ 26.857050977618837, 69.9589432972923 ], [ 26.789360138941632, 69.9588751678568 ], [ 26.732368770602115, 69.94643689438715 ], [ 26.70273867791969, 69.94848314498749 ], [ 26.68062861598058, 69.96446178156751 ], [ 26.617144239886752, 69.95916131148589 ], [ 26.552912663202452, 69.94790632874188 ], [ 26.495220629941592, 69.94558806932311 ], [ 26.464355556184035, 69.93939014930483 ], [ 26.45561217623566, 69.91924396099405 ], [ 26.40756769092064, 69.90149767901013 ], [ 26.413103130497124, 69.87989952622937 ], [ 26.386996381544503, 69.85606271448684 ], [ 26.360534138813414, 69.84480866882718 ], [ 26.264494574772826, 69.81964513656503 ], [ 26.245896242807973, 69.81737033033076 ], [ 26.244564605623204, 69.79396601104297 ], [ 26.192429889445602, 69.77706495629108 ], [ 26.181775362507448, 69.75965107257821 ], [ 26.15341466926316, 69.75685347646075 ], [ 26.146507754834474, 69.74492350276398 ], [ 26.106719660905515, 69.72958118625814 ], [ 26.048664245031958, 69.72019063046578 ], [ 26.014183008135078, 69.72333845057646 ], [ 25.966047948120487, 69.70529800254718 ], [ 25.942643499461774, 69.68455880877406 ], [ 25.8914852734386, 69.66550056257645 ], [ 25.955291738427476, 69.64652630148046 ], [ 25.95941400160339, 69.62042175819775 ], [ 25.976581659314814, 69.61102130908623 ], [ 25.95434964204577, 69.59552726246736 ], [ 25.937486923591052, 69.57253406023204 ], [ 25.87423132117852, 69.55358100889337 ], [ 25.841456812171355, 69.55101513871912 ], [ 25.841273286021625, 69.54208653326398 ], [ 25.8760596246223, 69.52899205576156 ], [ 25.846363654854283, 69.49254239624301 ], [ 25.86367562382234, 69.47482463370983 ], [ 25.8403600408555, 69.47031898591206 ], [ 25.810789045403055, 69.4285940339105 ], [ 25.793028408300717, 69.42090964952267 ], [ 25.821962779556028, 69.41610856254714 ], [ 25.846762269590148, 69.39417933912745 ], [ 25.81259093737692, 69.37588716355415 ], [ 25.8185493237766, 69.36100848447532 ], [ 25.784845804393328, 69.3559024119394 ], [ 25.75996679214034, 69.34094118790438 ], [ 25.738573121569527, 69.31133112172023 ], [ 25.747720116353463, 69.28618823923955 ], [ 25.72094393210353, 69.25747370026245 ], [ 25.70284745811346, 69.25482558143693 ], [ 25.70099329368526, 69.23084402014219 ], [ 25.713158876586753, 69.21107701903556 ], [ 25.693631984164355, 69.20363312360493 ], [ 25.74278660604726, 69.14447020358436 ], [ 25.720226790365825, 69.10879694939392 ], [ 25.731399530908075, 69.10377338643914 ], [ 25.724279275493174, 69.07959601180754 ], [ 25.75260135880384, 69.05632150829487 ], [ 25.750308532656145, 69.03250560752505 ], [ 25.7774278486838, 69.01827965032388 ], [ 25.76195615401112, 69.00384286251582 ], [ 25.73021713900134, 68.99384896582438 ], [ 25.711505483943593, 68.9790906125594 ], [ 25.713665561429014, 68.96712096045788 ], [ 25.656356839007206, 68.91474546617934 ], [ 25.62814249358037, 68.89330590147593 ], [ 25.585442112522973, 68.88334788417822 ], [ 25.530538992387346, 68.88804189977823 ], [ 25.48159306104713, 68.90506268548548 ], [ 25.419713430527366, 68.89116432063871 ], [ 25.267699973501703, 68.85099516547552 ], [ 25.242581996244645, 68.84108912081642 ], [ 25.231780827945826, 68.82653985344662 ], [ 25.197113698557732, 68.80984899013816 ], [ 25.157114286112453, 68.79989808885321 ], [ 25.121193309578107, 68.7451765262625 ], [ 25.130208490983605, 68.71416302866449 ], [ 25.111537295462536, 68.70251890527192 ], [ 25.107079520647048, 68.6806306990732 ], [ 25.11929757383608, 68.64302775040706 ], [ 25.09119458957562, 68.63561076809718 ], [ 25.069429118308495, 68.6199349188388 ], [ 25.047082080642067, 68.62698558156333 ], [ 24.99628933441962, 68.61229099304363 ], [ 24.95897182269606, 68.61767324976768 ], [ 24.916930807420936, 68.60525229163999 ], [ 24.903156487177753, 68.55459781233981 ], [ 24.8571547601835, 68.56220811429336 ], [ 24.783430968590668, 68.63623755890374 ], [ 24.608399247099474, 68.68189936093347 ], [ 24.467641859782177, 68.6995706821412 ], [ 24.302261462425278, 68.71735246480577 ], [ 24.250973092320756, 68.72713274235585 ], [ 24.208058839834436, 68.74531278513349 ], [ 24.15297121018476, 68.75359559786094 ], [ 24.15854988219195, 68.78970592530295 ], [ 24.075580134029355, 68.77997115135653 ], [ 23.983336825114964, 68.82714877461197 ], [ 23.87145881087661, 68.83652447337609 ], [ 23.775382698802613, 68.81885598801787 ], [ 23.7310611089166, 68.75075461932086 ], [ 23.67351614221687, 68.70552419666826 ], [ 23.440624023809157, 68.69216284163048 ], [ 23.363741265902192, 68.67522016279946 ], [ 23.16759585465584, 68.62852530680556 ], [ 23.045943199312774, 68.68934567489276 ], [ 22.80083106111987, 68.68755264971963 ], [ 22.60575635881586, 68.7261275360977 ], [ 22.535391551678767, 68.74451188363918 ], [ 22.37453134435685, 68.71667459563457 ], [ 22.340776890159184, 68.82723161837437 ], [ 22.19185922862725, 68.91877943732958 ], [ 22.17575625604955, 68.95632327275297 ], [ 21.98361500791552, 69.07289273688733 ], [ 22.21632648070236, 69.07862923535612 ], [ 22.318859006172126, 69.07959667334016 ], [ 22.352150943591862, 69.09004772874532 ], [ 22.41784924736115, 69.10289694027993 ], [ 22.478621562052542, 69.10992789802316 ], [ 22.50070549061526, 69.12599281891322 ], [ 22.494478819028025, 69.14307968133572 ], [ 22.52893306847738, 69.16148825480684 ], [ 22.51628600663131, 69.17767580868079 ], [ 22.53300116058104, 69.20267931150798 ], [ 22.52373033844005, 69.22472599683461 ], [ 22.52979096545162, 69.2383110062726 ], [ 22.50878632663069, 69.26122974837358 ], [ 22.482578957772425, 69.2667209808746 ], [ 22.433678830240694, 69.30744875741435 ], [ 22.399335277175112, 69.32816010580525 ], [ 22.365600554220283, 69.36279711081163 ], [ 22.327770065065852, 69.36794769613516 ], [ 22.325334744622847, 69.39612603065648 ], [ 22.287172166317095, 69.42916880687223 ], [ 22.30181176307108, 69.45271433977979 ], [ 22.273196747865754, 69.47042799300885 ], [ 22.279285048973268, 69.48229614067233 ], [ 22.38054456602964, 69.48654741744731 ], [ 22.510668165154833, 69.51341766680709 ], [ 22.63152094213903, 69.5189906546307 ], [ 22.722015235873478, 69.50847146979005 ], [ 22.70325219882395, 69.54218191447367 ], [ 22.74329661565384, 69.54990779245897 ], [ 22.744099164436197, 69.56034522197702 ], [ 22.770887689309266, 69.58013001004517 ], [ 22.777252731376215, 69.60675499343716 ], [ 22.84679773448162, 69.62145732561729 ], [ 22.894452527695904, 69.64738738876723 ], [ 22.83484252503413, 69.66722668038378 ], [ 22.75508578052567, 69.64545251279912 ], [ 22.5719386135732, 69.69623619401816 ], [ 22.538702024345348, 69.72618589386236 ], [ 22.555140437335645, 69.74786468023733 ], [ 22.536211355710456, 69.76955709249938 ], [ 22.45147327393221, 69.79070446927747 ], [ 22.488196799248907, 69.81918257331496 ], [ 22.546644489881064, 69.84602557090055 ], [ 22.531783500359534, 69.86079603251618 ], [ 22.47751459821481, 69.86308518154885 ], [ 22.448567493858164, 69.87335910042171 ], [ 22.526746814897862, 69.90104690300745 ], [ 22.497190880430466, 69.9187878080107 ], [ 22.43857714522265, 69.9266363189799 ], [ 22.402739190976135, 69.92444255115691 ], [ 22.28210780675948, 69.9456171797092 ], [ 22.243225701959204, 69.96089179914749 ], [ 22.247625883214184, 69.97609828915029 ], [ 22.20143781708489, 70.00649764326879 ], [ 22.186604501659303, 70.02564201464328 ], [ 22.21685228852528, 70.0386956144844 ], [ 22.20163153575649, 70.06517071311829 ], [ 22.170193762764953, 70.06444854110202 ], [ 22.119218078037477, 70.11940174377344 ], [ 22.10557474873745, 70.12667796748445 ], [ 22.12887633752167, 70.13881863288991 ], [ 22.11924575213342, 70.17047156862154 ], [ 22.08152595936276, 70.17158889136368 ], [ 22.006252418397104, 70.16301820837823 ], [ 21.96482429677005, 70.14929694006926 ], [ 21.91348884879531, 70.15831727732898 ], [ 21.912990715068332, 70.14211609756794 ], [ 21.86959773262931, 70.12997543216248 ], [ 21.87648858251918, 70.11136247038486 ], [ 21.829193552552155, 70.10080240788291 ], [ 21.788927742954716, 70.11771213377313 ], [ 21.724585469886645, 70.12218142474168 ], [ 21.721015511509965, 70.14068537942251 ], [ 21.66154387932791, 70.15392974168302 ], [ 21.608547985596573, 70.17822469838103 ], [ 21.628584031059493, 70.18947968112504 ], [ 21.568891006109887, 70.19525705725513 ], [ 21.53986087946541, 70.19253187983527 ], [ 21.526715683892366, 70.18299375886578 ], [ 21.462982240935048, 70.1902427308026 ], [ 21.439791348534598, 70.18247597515601 ], [ 21.40215457805177, 70.19332218128703 ], [ 21.330229602695248, 70.20281942459523 ], [ 21.25697627073345, 70.21884346782399 ], [ 21.19088334036607, 70.22124526515377 ] ] ], [ [ [ 21.343055447350533, 70.31183532378945 ], [ 21.368549695203136, 70.31823677309016 ], [ 21.392177209426368, 70.31487733482078 ], [ 21.390523816783205, 70.30199507940985 ], [ 21.353562490921586, 70.30184959192574 ], [ 21.343055447350533, 70.31183532378945 ] ] ], [ [ [ 21.3818035039717, 70.35516414178352 ], [ 21.41892483557298, 70.36995096062276 ], [ 21.418044804004847, 70.38730364963625 ], [ 21.434045377970914, 70.38982984140576 ], [ 21.45207269130602, 70.36145978200487 ], [ 21.440098928454745, 70.34853784818918 ], [ 21.46377977792453, 70.34176606711075 ], [ 21.411697909664973, 70.32326270435932 ], [ 21.399724146813696, 70.33170097843752 ], [ 21.41569805315649, 70.34396160550727 ], [ 21.3818035039717, 70.35516414178352 ] ] ], [ [ [ 21.677814122343985, 70.3021008884892 ], [ 21.695228080343725, 70.34490066108651 ], [ 21.67885415965178, 70.36835059829758 ], [ 21.70101495459479, 70.36914416639272 ], [ 21.712242023994314, 70.3896579016518 ], [ 21.737176251758104, 70.37467269078878 ], [ 21.805365364476838, 70.35140791946657 ], [ 21.79845845004815, 70.32754797207302 ], [ 21.780031122363894, 70.3132769724956 ], [ 21.777364360036216, 70.29856951046588 ], [ 21.753816848682817, 70.27752672981003 ], [ 21.722002374113615, 70.26182730766139 ], [ 21.70330837019659, 70.26355993133575 ], [ 21.681547589602737, 70.28339913371398 ], [ 21.677814122343985, 70.3021008884892 ] ] ], [ [ [ 21.928756457378512, 70.64251514902985 ], [ 21.958677530695063, 70.6500672720685 ], [ 21.941396910811708, 70.6545641579409 ], [ 21.98131834285705, 70.67031648462921 ], [ 21.993958796290247, 70.65511965560749 ], [ 22.01705295804794, 70.6512576242112 ], [ 22.11710988058243, 70.64982920163996 ], [ 22.119669972417, 70.6367221019354 ], [ 22.14809765883005, 70.63205327630907 ], [ 22.179138772324226, 70.6435335614186 ], [ 22.22644713601724, 70.63739663481627 ], [ 22.2363674918762, 70.64375840571222 ], [ 22.225993786421533, 70.66741996108199 ], [ 22.193245945037646, 70.67692955208862 ], [ 22.248261251857645, 70.67378173197795 ], [ 22.241674348908283, 70.66763157924069 ], [ 22.304743277957872, 70.64652266791025 ], [ 22.39021301055996, 70.62530794750046 ], [ 22.393999813065264, 70.64493553172 ], [ 22.37479912430598, 70.6509137447033 ], [ 22.37935928788631, 70.67214169124802 ], [ 22.34058456364187, 70.68244485034978 ], [ 22.349464882193036, 70.70146403236305 ], [ 22.391039706881543, 70.71286496066307 ], [ 22.426507645839663, 70.68720625892055 ], [ 22.453575283465597, 70.67584500902528 ], [ 22.51504415511858, 70.67941606545337 ], [ 22.480269574365657, 70.6847065194209 ], [ 22.48946990439615, 70.70196662548996 ], [ 22.521577722821394, 70.70880453724298 ], [ 22.513577435838357, 70.71869768616227 ], [ 22.535818233651195, 70.7204038575668 ], [ 22.58219323052952, 70.69930817237127 ], [ 22.604140684486314, 70.7052996114895 ], [ 22.609020859545964, 70.68888597805524 ], [ 22.641182013217765, 70.69141216982473 ], [ 22.638941932862515, 70.6772602054616 ], [ 22.584539981377876, 70.66919226316111 ], [ 22.549685397755123, 70.65378381598069 ], [ 22.568566075035086, 70.65074180494936 ], [ 22.567126023378137, 70.632225216063 ], [ 22.623021361766273, 70.64068994241106 ], [ 22.679236711633735, 70.65837328479752 ], [ 22.69169049170399, 70.62188237855649 ], [ 22.703824260294926, 70.61210826485149 ], [ 22.7209715420619, 70.62214690125487 ], [ 22.69939743483098, 70.63313781937241 ], [ 22.71849145309716, 70.63529367936417 ], [ 22.756306142903636, 70.65399543413939 ], [ 22.766733183604856, 70.64572909981513 ], [ 22.81518825509877, 70.64731623600538 ], [ 22.83161551103727, 70.65636291228986 ], [ 22.79878766678355, 70.65851877228162 ], [ 22.77308007794473, 70.67788183380279 ], [ 22.74134560624536, 70.6866110828492 ], [ 22.776333527984498, 70.69073763694388 ], [ 22.76371974217458, 70.70086885629169 ], [ 22.728705152812164, 70.70205920843439 ], [ 22.752999357617313, 70.70951874852861 ], [ 22.73014520446911, 70.71278560385355 ], [ 22.746332451798118, 70.72952989066079 ], [ 22.71489132395479, 70.72189841081263 ], [ 22.69169049170399, 70.72587947742319 ], [ 22.679236711633735, 70.74077210534178 ], [ 22.689503746595296, 70.74981878162626 ], [ 22.75934625195719, 70.766153058251 ], [ 22.806014592691557, 70.76907603406806 ], [ 22.811268114477084, 70.76283329838637 ], [ 22.783240442413184, 70.74628740360293 ], [ 22.80641460704071, 70.73286287666032 ], [ 22.824681928985306, 70.75102235990387 ], [ 22.867803475823862, 70.73954207479433 ], [ 22.840789173444485, 70.7265936887088 ], [ 22.939486047191856, 70.72738725680394 ], [ 22.919618667850653, 70.7010143437758 ], [ 22.88009725015446, 70.69162378798343 ], [ 22.92993903805877, 70.69118732553112 ], [ 22.957140013801087, 70.66448375913001 ], [ 22.998528165126654, 70.66817385077236 ], [ 22.987274428103852, 70.68322519230999 ], [ 23.010128581252054, 70.693488673007 ], [ 23.04604986980588, 70.68840983719817 ], [ 23.03346275161924, 70.72016578713826 ], [ 23.092744878163526, 70.72755919655788 ], [ 23.135626416392594, 70.75021556567381 ], [ 23.106772048007116, 70.75272853130839 ], [ 23.09711836838092, 70.76452624365598 ], [ 23.01511542680481, 70.7923011269855 ], [ 23.051383394461237, 70.79583250500883 ], [ 23.053410133830273, 70.80511725172185 ], [ 23.10573201069932, 70.7924333883347 ], [ 23.07085075945329, 70.82016859325947 ], [ 23.154187082193236, 70.80186362253183 ], [ 23.19160175765056, 70.78369091315336 ], [ 23.199282033154272, 70.79546217323112 ], [ 23.169494297954106, 70.82020827166423 ], [ 23.18256143335973, 70.82885816390115 ], [ 23.211602475108148, 70.81572461192675 ], [ 23.269231209009273, 70.77393002558327 ], [ 23.29936562331204, 70.76891732044903 ], [ 23.28211167105196, 70.78949718638272 ], [ 23.311579394772806, 70.78451093351833 ], [ 23.3316867827235, 70.79244661446963 ], [ 23.29928562044221, 70.79995905910351 ], [ 23.31885965592737, 70.81094997722106 ], [ 23.291685347808325, 70.83041884782156 ], [ 23.315339529654832, 70.83532574387644 ], [ 23.309445984910663, 70.86831172436399 ], [ 23.3519008411673, 70.84972900480304 ], [ 23.38299528990803, 70.84566858138297 ], [ 23.38174191161402, 70.82889784230589 ], [ 23.44507751689638, 70.83269374302759 ], [ 23.425823492890544, 70.82239058392584 ], [ 23.46529157534018, 70.81159805783207 ], [ 23.433583771264086, 70.81335713377628 ], [ 23.466411615517806, 70.80251170314284 ], [ 23.499986153223276, 70.79850418426244 ], [ 23.500066156093105, 70.78050341463792 ], [ 23.414436417751357, 70.78988074429537 ], [ 23.38059520381312, 70.78453738578817 ], [ 23.448864319401682, 70.77172126105182 ], [ 23.43721056802973, 70.76145778035482 ], [ 23.4046227323855, 70.76715824450483 ], [ 23.39014221294621, 70.7348864753029 ], [ 23.355340964570008, 70.73019119740673 ], [ 23.31819296534545, 70.75229206885608 ], [ 23.31925967027652, 70.72171324492376 ], [ 23.33526024424259, 70.71331464925031 ], [ 23.302459067612148, 70.70777289871933 ], [ 23.276431467294007, 70.71410821734544 ], [ 23.27789818657423, 70.7005911074584 ], [ 23.24656372922401, 70.70204598229947 ], [ 23.270884601652437, 70.68187612654826 ], [ 23.24365695828684, 70.67580533062052 ], [ 23.218082707564406, 70.6836616547623 ], [ 23.208375692691657, 70.67616243626334 ], [ 23.182188086633857, 70.68461393647647 ], [ 23.158880583889946, 70.70078949948218 ], [ 23.155413792863968, 70.68441554445268 ], [ 23.16856093113942, 70.6736759228986 ], [ 23.12695943882764, 70.66105819018604 ], [ 23.16797424342733, 70.66096560724161 ], [ 23.149386910003415, 70.62894513460314 ], [ 23.13242630159938, 70.63181520588053 ], [ 23.075330920163786, 70.62647184737332 ], [ 23.087171344898678, 70.61893295046958 ], [ 23.119519171933415, 70.62099622751693 ], [ 23.114345653017722, 70.60964820375658 ], [ 23.059357013820996, 70.56883235139709 ], [ 23.028209229833713, 70.59381652025874 ], [ 23.01228865873747, 70.58996771499737 ], [ 23.01671548420142, 70.57075014096031 ], [ 22.999994884406878, 70.55822499119219 ], [ 22.919858676460144, 70.56868686391299 ], [ 22.928472318778546, 70.57409635309479 ], [ 22.886524147364167, 70.57512799161844 ], [ 22.880470596880336, 70.56372706331842 ], [ 22.922098756815394, 70.55823821732712 ], [ 22.937085961096944, 70.54935025466166 ], [ 22.933192488098534, 70.52974912271198 ], [ 22.904044775857013, 70.52956395682311 ], [ 22.859909859333936, 70.52107277820522 ], [ 22.847642752626616, 70.53297629963217 ], [ 22.837775732014208, 70.51825561146751 ], [ 22.79985437171462, 70.513613238111 ], [ 22.79041403307464, 70.52334767341127 ], [ 22.74433238005236, 70.50907667383385 ], [ 22.750679274392233, 70.54092520671837 ], [ 22.719504822781676, 70.55237903955808 ], [ 22.71273124646937, 70.51484326865845 ], [ 22.700757483618098, 70.50435494366783 ], [ 22.68390354570717, 70.5085476284371 ], [ 22.680116743201868, 70.52947137387868 ], [ 22.691183806861734, 70.54610985160656 ], [ 22.716598051844507, 70.55716690039868 ], [ 22.670356393082564, 70.54710181172547 ], [ 22.65248908548712, 70.55785465941447 ], [ 22.636008494302068, 70.54275041333717 ], [ 22.605447398026875, 70.55364874851028 ], [ 22.620941287150686, 70.51545167086472 ], [ 22.604354025472528, 70.50795245236576 ], [ 22.591500231053118, 70.52383704040327 ], [ 22.58237990389246, 70.5075688944531 ], [ 22.5583257076968, 70.4937211311931 ], [ 22.53859166647198, 70.50345556649336 ], [ 22.510804003017572, 70.49669701154983 ], [ 22.499256922138727, 70.51378517786495 ], [ 22.47072256523257, 70.53116431914829 ], [ 22.45056184203532, 70.51112672474628 ], [ 22.458428790901973, 70.49095686899507 ], [ 22.42744101265435, 70.48497865601176 ], [ 22.39285310526436, 70.4891581146461 ], [ 22.411573776804666, 70.51518714816635 ], [ 22.35381170478715, 70.50632563777074 ], [ 22.355838444156188, 70.4947792219866 ], [ 22.33543771234945, 70.48602352067034 ], [ 22.299329750432687, 70.48817938066212 ], [ 22.285889268301187, 70.49630022750227 ], [ 22.295276271694615, 70.53883547740121 ], [ 22.239087589450435, 70.50980411125438 ], [ 22.24791457275505, 70.48664514901154 ], [ 22.231353978700167, 70.47918560891732 ], [ 22.20804647595626, 70.48586480705131 ], [ 22.15284449577332, 70.48271698694064 ], [ 22.157831341326077, 70.47016538490267 ], [ 22.0815352711312, 70.48151340866303 ], [ 22.132950448808838, 70.49124784396328 ], [ 22.11313640471419, 70.50673564795322 ], [ 22.136363904588265, 70.52574160383156 ], [ 22.162711516385727, 70.52866457964863 ], [ 22.191912563873807, 70.5431207451149 ], [ 22.22751384094831, 70.54349107689262 ], [ 22.263328459009028, 70.56329060086611 ], [ 22.210126550571847, 70.57597446425325 ], [ 22.25087467893877, 70.58596019611697 ], [ 22.290022749909088, 70.58976932297358 ], [ 22.303409896794033, 70.60722782106643 ], [ 22.269195336129922, 70.6039741918764 ], [ 22.227140494222436, 70.61041531958188 ], [ 22.17761871779745, 70.60636812229671 ], [ 22.17345856856627, 70.6122008477959 ], [ 22.12284341958694, 70.59806210956769 ], [ 22.10865624400369, 70.59888212993266 ], [ 22.100069269308566, 70.58166170226835 ], [ 22.055721011799275, 70.59677917448056 ], [ 22.032333506185537, 70.58102684779224 ], [ 21.985718500697722, 70.59320811805247 ], [ 21.987345225717604, 70.60944981173279 ], [ 22.011239416173602, 70.60806106756633 ], [ 22.0470807018576, 70.62690830982564 ], [ 21.928756457378512, 70.64251514902985 ] ] ], [ [ [ 22.341677936196216, 70.33783790503986 ], [ 22.375625820627562, 70.35284956817273 ], [ 22.41850735885663, 70.35534930767238 ], [ 22.450268498179277, 70.34915947653037 ], [ 22.473469330430078, 70.32551114729552 ], [ 22.483176345302827, 70.33521913032594 ], [ 22.46109555322965, 70.35405314645034 ], [ 22.441068168148785, 70.36015039464792 ], [ 22.45952216345632, 70.36760993474213 ], [ 22.50643051280018, 70.37428913287613 ], [ 22.530698049982053, 70.35487316681531 ], [ 22.551658801877604, 70.3630204659253 ], [ 22.539205021807348, 70.38112704462917 ], [ 22.583499944070084, 70.38270095468451 ], [ 22.578006413675066, 70.36313950113957 ], [ 22.58856679249267, 70.34853784818918 ], [ 22.59603372701017, 70.38317709554158 ], [ 22.63467511313823, 70.38517424191433 ], [ 22.656995913820897, 70.35271730682354 ], [ 22.655449191670844, 70.39108632422304 ], [ 22.69979744918013, 70.38820302681074 ], [ 22.69939743483098, 70.3699774128926 ], [ 22.713504607544397, 70.35295537725207 ], [ 22.71174454440813, 70.33425362247687 ], [ 22.734998711905487, 70.3481278380067 ], [ 22.727398439271603, 70.38280676376385 ], [ 22.776360195607776, 70.39146988213568 ], [ 22.80302781888456, 70.37473882146338 ], [ 22.789053984287523, 70.34836590843524 ], [ 22.82913542207253, 70.32847380151733 ], [ 22.831055490948458, 70.34212317275356 ], [ 22.86708344999539, 70.33939858896028 ], [ 22.892524362601442, 70.32537888594632 ], [ 22.873163668102496, 70.31356794746382 ], [ 22.911565045621064, 70.31781353677276 ], [ 22.955646626897586, 70.32996835476317 ], [ 22.94220614476609, 70.31329019863053 ], [ 22.909404968135647, 70.2912819101256 ], [ 22.950179764125846, 70.30276219523515 ], [ 23.006288443500196, 70.26362606201035 ], [ 23.009168546814088, 70.2484821375283 ], [ 22.990154531417744, 70.23725314898222 ], [ 22.88676415597366, 70.24899795679013 ], [ 22.76430642988667, 70.24565174465567 ], [ 22.64467547186702, 70.25620620032089 ], [ 22.617474496124704, 70.26337476544688 ], [ 22.56853940741181, 70.26161568950269 ], [ 22.556032292094997, 70.27226272811234 ], [ 22.50984396857961, 70.27612475950863 ], [ 22.44733505961883, 70.29091157834787 ], [ 22.397146592611925, 70.29659881636297 ], [ 22.378745932550945, 70.31363407813842 ], [ 22.352664996986253, 70.32447950877184 ], [ 22.341677936196216, 70.33783790503986 ] ] ], [ [ [ 22.81529492559188, 70.41136198905359 ], [ 22.91135170463485, 70.39968331192027 ], [ 22.95204649775522, 70.40302952405473 ], [ 22.87745715545006, 70.41997220288575 ], [ 22.872416974650747, 70.45049812227839 ], [ 22.901964701241422, 70.46113193475313 ], [ 22.94103276934191, 70.45787830556309 ], [ 22.94060608736948, 70.47225511421985 ], [ 22.9838876399477, 70.47921206118716 ], [ 22.981087539503637, 70.49054685881258 ], [ 23.008555191478724, 70.50083679177942 ], [ 23.088824737541838, 70.51627169122969 ], [ 23.145733445614493, 70.49947449988278 ], [ 23.16293406262802, 70.48569286729737 ], [ 23.16829425490665, 70.51534586178538 ], [ 23.228749756875118, 70.51530618338062 ], [ 23.15338705349493, 70.52362542224455 ], [ 23.120292533008442, 70.54445658474171 ], [ 23.141759969746253, 70.54920476717756 ], [ 23.202668821310425, 70.5462156606859 ], [ 23.241710221787635, 70.51042573959558 ], [ 23.251017222311233, 70.50789954782607 ], [ 23.24515034519034, 70.48323280620247 ], [ 23.213629214477184, 70.4646368605066 ], [ 23.26091091054692, 70.46683239890314 ], [ 23.283818398941676, 70.49182979389971 ], [ 23.28477843337964, 70.5130445143095 ], [ 23.321313077268833, 70.52230280875267 ], [ 23.27995159356654, 70.51934015453085 ], [ 23.244376984115313, 70.54855668656654 ], [ 23.3051524975631, 70.54875507859032 ], [ 23.327153286766446, 70.536097667473 ], [ 23.37056817746105, 70.53865031151234 ], [ 23.402569325393188, 70.52896878075177 ], [ 23.36526132042897, 70.55281550201039 ], [ 23.436437206954704, 70.56326414859626 ], [ 23.47534526931553, 70.55491845746249 ], [ 23.498652772059437, 70.53445762674308 ], [ 23.523880343679274, 70.53941742733763 ], [ 23.45486453463896, 70.56481160638177 ], [ 23.493212576910974, 70.57384505653133 ], [ 23.475771951287957, 70.58309012483959 ], [ 23.429530292526017, 70.58020682742728 ], [ 23.41896991370841, 70.59405459068728 ], [ 23.459611371582227, 70.61049467639138 ], [ 23.443450791876497, 70.61374830558141 ], [ 23.390648897788466, 70.60463549862234 ], [ 23.35446093300187, 70.6175971108428 ], [ 23.39022221581604, 70.62841608920638 ], [ 23.414436417751357, 70.6244217964609 ], [ 23.48310554768907, 70.6276489733811 ], [ 23.484412261229636, 70.6161290098668 ], [ 23.551321328031083, 70.6166183768588 ], [ 23.54886790668962, 70.59638239043299 ], [ 23.57913565910877, 70.5942000781714 ], [ 23.586949272728866, 70.58278592373645 ], [ 23.5339607052779, 70.55532846764497 ], [ 23.52929387120446, 70.52240861783203 ], [ 23.553561408386333, 70.5129122529603 ], [ 23.59625627325246, 70.50703984905635 ], [ 23.64263127013079, 70.48934328053497 ], [ 23.61823039483253, 70.48604997294018 ], [ 23.61847040344202, 70.4705357166804 ], [ 23.637111072112493, 70.43774812821664 ], [ 23.583695822689098, 70.42194289698865 ], [ 23.49854610156633, 70.38781946889809 ], [ 23.45833132566494, 70.38723751896165 ], [ 23.42537014329484, 70.39624451684138 ], [ 23.434570473325326, 70.38497584989054 ], [ 23.472198489768868, 70.37894473236756 ], [ 23.44507751689638, 70.36299401365545 ], [ 23.412516348875428, 70.36206818421114 ], [ 23.420409965365355, 70.35052176842701 ], [ 23.316406234585905, 70.34049635815855 ], [ 23.290538640007423, 70.34302254992804 ], [ 23.280644951771738, 70.33320875781827 ], [ 23.31477950956602, 70.33271939082627 ], [ 23.350647462873294, 70.32196654313728 ], [ 23.35414092152255, 70.31422925420976 ], [ 23.327153286766446, 70.30341027584616 ], [ 23.197601972887835, 70.277857383183 ], [ 23.14576011323777, 70.2723817633266 ], [ 23.099838465955152, 70.28006614771445 ], [ 23.05607689615795, 70.29468102679974 ], [ 23.062690466730594, 70.31339600770988 ], [ 23.03892961439098, 70.32777281636663 ], [ 23.08591796660467, 70.34922560720497 ], [ 23.1140256415384, 70.37514883164586 ], [ 23.121279235069686, 70.40801577691913 ], [ 23.088184714583196, 70.37432881128089 ], [ 23.06511722044878, 70.35892036410047 ], [ 23.0309826626545, 70.34841881297491 ], [ 23.01348870178493, 70.33633012565912 ], [ 22.964446942578924, 70.34507260084045 ], [ 22.945886276778285, 70.343353203301 ], [ 22.890230946999637, 70.36389339082994 ], [ 22.891430990047095, 70.3895124141677 ], [ 22.847642752626616, 70.39445898862733 ], [ 22.81529492559188, 70.41136198905359 ] ] ], [ [ [ 22.9251922011155, 70.74827132384075 ], [ 22.933752508187347, 70.7643939823068 ], [ 22.963380237647854, 70.76324330856886 ], [ 22.953486549412165, 70.7479538966027 ], [ 22.9251922011155, 70.74827132384075 ] ] ], [ [ [ 22.98031417842861, 70.8461182699702 ], [ 22.99482136549118, 70.8493586730253 ], [ 23.03311607251664, 70.84200494201045 ], [ 23.063330489689235, 70.84547018935918 ], [ 23.073010836938707, 70.83338150204338 ], [ 23.051303391591407, 70.8303130387422 ], [ 22.999248190955125, 70.83387086903537 ], [ 22.98031417842861, 70.8461182699702 ] ] ], [ [ [ 23.167440890961796, 70.14816190416903 ], [ 23.243043602951474, 70.14956387447043 ], [ 23.286165149790033, 70.1406230072653 ], [ 23.23472330448912, 70.13953846420196 ], [ 23.231416519202796, 70.12908981761609 ], [ 23.195468563025695, 70.1292485312351 ], [ 23.171014352480885, 70.13654935771031 ], [ 23.167440890961796, 70.14816190416903 ] ] ], [ [ [ 23.32565989986295, 70.56823717532575 ], [ 23.341740476698845, 70.57705900731659 ], [ 23.39310231912993, 70.58754733230722 ], [ 23.406489466014875, 70.57627866535638 ], [ 23.32565989986295, 70.56823717532575 ] ] ], [ [ [ 23.407422832829564, 70.65447157499646 ], [ 23.455877904323476, 70.66263210024138 ], [ 23.462784818752166, 70.65472287155993 ], [ 23.407422832829564, 70.65447157499646 ] ] ], [ [ [ 23.594229533883425, 70.60233415114647 ], [ 23.655245055940707, 70.62141946383433 ], [ 23.669245558161016, 70.64629782361664 ], [ 23.640871206994518, 70.6461391099976 ], [ 23.69564650520503, 70.66842514733582 ], [ 23.650444883750886, 70.67284267639872 ], [ 23.62295056415252, 70.69780039299053 ], [ 23.634924327003798, 70.71707087156724 ], [ 23.659485208041716, 70.72717563864524 ], [ 23.668978881928247, 70.74694871034887 ], [ 23.689619622344477, 70.74520286053959 ], [ 23.796636794554207, 70.74794067046778 ], [ 23.813437397218582, 70.72980763949408 ], [ 23.797810169978387, 70.71976900309069 ], [ 23.841918418878183, 70.71890930432097 ], [ 23.795436751506752, 70.7083945270605 ], [ 23.781062902560567, 70.69571066367335 ], [ 23.80407706144843, 70.69317124576894 ], [ 23.855572241995898, 70.71438596617872 ], [ 23.905574035639866, 70.7069925567591 ], [ 23.985896916949535, 70.70282632425968 ], [ 23.992030470303195, 70.69120055166604 ], [ 24.01960479277139, 70.69254961742776 ], [ 24.04304563363168, 70.68516943414305 ], [ 24.087767237866846, 70.65593967597246 ], [ 24.041925593454057, 70.64751462802917 ], [ 24.103901149949298, 70.64851981428299 ], [ 24.113448159082388, 70.63942023345885 ], [ 24.096300877315414, 70.63128616048377 ], [ 24.12584860390609, 70.62171043880254 ], [ 24.128462030987215, 70.6022812466068 ], [ 24.1095280184607, 70.58666118126766 ], [ 24.040138862694512, 70.56633261189744 ], [ 23.99445722402138, 70.54443013247186 ], [ 24.005310946695033, 70.53563475275085 ], [ 23.972749778674082, 70.5183085160072 ], [ 23.89202688301526, 70.50570400942955 ], [ 23.84575855663004, 70.51025379984162 ], [ 23.77364930328962, 70.50975120671471 ], [ 23.73468790568224, 70.52366510064931 ], [ 23.740768123789348, 70.53141561571175 ], [ 23.706873574604558, 70.55788111168431 ], [ 23.680232618951052, 70.56221928393768 ], [ 23.696659874889548, 70.5702475478334 ], [ 23.679779269355347, 70.59537720417917 ], [ 23.649644855052582, 70.60031055250388 ], [ 23.648978164470662, 70.61056080706598 ], [ 23.594229533883425, 70.60233415114647 ] ] ], [ [ [ 23.67527244102157, 70.91734100650805 ], [ 23.693059745747185, 70.9242582750706 ], [ 23.712767119348726, 70.91585967939716 ], [ 23.67527244102157, 70.91734100650805 ] ] ], [ [ [ 23.839491665159997, 70.99731944436218 ], [ 23.90354729627083, 70.9977559068145 ], [ 23.894933653952428, 71.0096991066462 ], [ 23.94093530410488, 71.0120930370665 ], [ 23.88754672230476, 71.02370558352523 ], [ 23.903840640126873, 71.0285331227706 ], [ 23.98859034690049, 71.03649525599172 ], [ 23.995603931822284, 71.02443302094576 ], [ 24.02157819689387, 71.03672010028535 ], [ 24.04800581156116, 71.03350614950007 ], [ 24.06416639126689, 71.02086196451768 ], [ 24.03856547292118, 71.00820455340036 ], [ 24.156916385023543, 71.00305958691695 ], [ 24.106327903667484, 70.99702846939397 ], [ 24.094087464583442, 70.98985990426796 ], [ 24.056939465358884, 70.9882727680777 ], [ 24.06949991592225, 70.97992707694392 ], [ 24.041365573365244, 70.9705629734214 ], [ 24.04875250501291, 70.96252148339076 ], [ 24.100221017937102, 70.97156815967523 ], [ 24.1824639681227, 70.96930649060411 ], [ 24.22625220554318, 70.95967786438321 ], [ 24.181983950903717, 70.95096184147171 ], [ 24.21627851443766, 70.95008891656707 ], [ 24.192197650618727, 70.94146547659999 ], [ 24.134942263443474, 70.94011641083827 ], [ 24.14126249016007, 70.92819966327642 ], [ 24.101261055244898, 70.93587082152933 ], [ 24.082460380834764, 70.91869007226978 ], [ 24.04861916689653, 70.91346574897685 ], [ 23.98579024645643, 70.92140142992814 ], [ 23.986990289503883, 70.92989260854603 ], [ 23.94904226158102, 70.92651994414172 ], [ 23.932161656046816, 70.93848959624326 ], [ 23.972136423338714, 70.94347584910766 ], [ 23.889200114947922, 70.95311770146347 ], [ 23.935681782319353, 70.97889543842025 ], [ 23.998217358903407, 70.98044289620576 ], [ 24.028725119932048, 70.98717499887944 ], [ 23.96005598999433, 70.98762468746668 ], [ 23.87906641810274, 70.98238713803883 ], [ 23.884133266525332, 70.99169833702167 ], [ 23.839491665159997, 70.99731944436218 ] ] ], [ [ [ 23.93744184545562, 71.07083030224099 ], [ 23.989897060441052, 71.0725893781852 ], [ 23.99963074293708, 71.05765707186184 ], [ 24.05091258249833, 71.05662543333818 ], [ 24.039472172112593, 71.07061868408229 ], [ 24.007204347947685, 71.07844855595424 ], [ 24.04056554466694, 71.08769362426249 ], [ 24.0743800909819, 71.07323745879621 ], [ 24.134595584340875, 71.08711167432607 ], [ 24.143129223789447, 71.07507589154993 ], [ 24.074833440577606, 71.06018326363134 ], [ 24.089260624770343, 71.04745972183943 ], [ 24.05797950266668, 71.04215604173699 ], [ 24.01227119637027, 71.04952299888677 ], [ 23.98544356735383, 71.0434257506892 ], [ 23.9510156657035, 71.05075302943422 ], [ 23.93744184545562, 71.07083030224099 ] ] ], [ [ [ 24.155743009599362, 70.99968692251265 ], [ 24.16987684993606, 71.00323152667089 ], [ 24.21139833937801, 70.99749138411612 ], [ 24.156969720270094, 70.994740348053 ], [ 24.155743009599362, 70.99968692251265 ] ] ], [ [ [ 24.181183922205413, 70.86020410365875 ], [ 24.214758459910886, 70.86868205614171 ], [ 24.284040945183968, 70.87770228015634 ], [ 24.26273351418582, 70.86844398571317 ], [ 24.193211020303245, 70.85254617154075 ], [ 24.181183922205413, 70.86020410365875 ] ] ], [ [ [ 24.540530145860064, 71.01016202136836 ], [ 24.555170671039015, 71.0204519543352 ], [ 24.643387168838615, 71.01094236332857 ], [ 24.669601442519692, 71.00171052115523 ], [ 24.70648276551148, 70.99821882153665 ], [ 24.62170639111459, 70.9945948605689 ], [ 24.540530145860064, 71.01016202136836 ] ] ], [ [ [ 24.603065722444118, 71.06543403919412 ], [ 24.675041637668155, 71.09215083173014 ], [ 24.707682808558936, 71.08584196537386 ], [ 24.733150388788264, 71.06895219108252 ], [ 24.75464449314935, 71.08600067899287 ], [ 24.711922960659944, 71.09872422078479 ], [ 24.694002317817947, 71.11195035570361 ], [ 24.71984324477315, 71.11603723139352 ], [ 24.763178132597922, 71.10734766075186 ], [ 24.789205732916063, 71.09346021908709 ], [ 24.79549929200938, 71.10099911599083 ], [ 24.851181289411304, 71.102599478316 ], [ 24.80123283101389, 71.08334222587419 ], [ 24.764804857617804, 71.06448175747995 ], [ 24.79355255551018, 71.04949654661694 ], [ 24.770778405231805, 71.04063503622132 ], [ 24.767204943712716, 71.0280437557786 ], [ 24.719949915266255, 71.03068898276237 ], [ 24.710936258598704, 71.0375268945154 ], [ 24.609972636872804, 71.05723383554444 ], [ 24.603065722444118, 71.06543403919412 ] ] ], [ [ [ 24.924943935394886, 71.0260069310011 ], [ 24.953318286561384, 71.04845168195834 ], [ 24.97745248562687, 71.04790941042667 ], [ 24.990279612423002, 71.0341542301111 ], [ 25.02777429075016, 71.03985469426111 ], [ 25.0556419570744, 71.03751366838048 ], [ 25.017373917672217, 71.01734381262928 ], [ 25.020174018116276, 71.00462027083736 ], [ 24.970065553979204, 70.99636716264803 ], [ 24.954118315259688, 71.00016306336973 ], [ 24.994253088291245, 71.00693484444815 ], [ 24.96057188009267, 71.0096991066462 ], [ 24.924943935394886, 71.0260069310011 ] ] ], [ [ [ 24.981319291002006, 70.20697852615304 ], [ 25.000359974021627, 70.21693780574691 ], [ 25.012680415975503, 70.20824823510524 ], [ 24.981319291002006, 70.20697852615304 ] ] ], [ [ [ 24.985372769740074, 70.22282343578578 ], [ 25.007080215087377, 70.23425081635564 ], [ 25.008786942977093, 70.22407991860307 ], [ 24.985372769740074, 70.22282343578578 ] ] ], [ [ [ 25.066282338761834, 70.22364345615075 ], [ 25.09543005100336, 70.23779542051389 ], [ 25.09897684489917, 70.22966134753881 ], [ 25.066282338761834, 70.22364345615075 ] ] ], [ [ [ 25.07609602412769, 70.16853015194401 ], [ 25.09583006535251, 70.18128014600576 ], [ 25.11057726102457, 70.1778678031967 ], [ 25.088069786978966, 70.16404649220654 ], [ 25.07609602412769, 70.16853015194401 ] ] ], [ [ [ 25.1214576513215, 70.24681564452852 ], [ 25.145031830298173, 70.2484160068537 ], [ 25.122871035355168, 70.23468727880797 ], [ 25.1214576513215, 70.24681564452852 ] ] ], [ [ [ 25.159085667765037, 70.21915979641327 ], [ 25.197647051023267, 70.23099718716561 ], [ 25.20482064168472, 70.22721451257883 ], [ 25.159085667765037, 70.21915979641327 ] ] ], [ [ [ 25.228634829270888, 70.24303296994174 ], [ 25.24620879301029, 70.25366678241647 ], [ 25.255675799273547, 70.27297693939795 ], [ 25.293917171052453, 70.29375519735542 ], [ 25.33687871215135, 70.28855732633232 ], [ 25.33794541708242, 70.26660194236709 ], [ 25.26370275387986, 70.24727855925069 ], [ 25.228634829270888, 70.24303296994174 ] ] ], [ [ [ 25.241835302792897, 71.05058108968028 ], [ 25.257009180437386, 71.06243170656754 ], [ 25.32053145908268, 71.07072449316163 ], [ 25.268369587953295, 71.08925430818292 ], [ 25.276103198703563, 71.1006287842131 ], [ 25.352879286117417, 71.09293117369035 ], [ 25.40682788800635, 71.09574834042806 ], [ 25.447656019243105, 71.0858022869691 ], [ 25.449256076639713, 71.11688370402833 ], [ 25.483950654522808, 71.10361789070475 ], [ 25.498884523557805, 71.11284973287809 ], [ 25.550886388947532, 71.11533624624283 ], [ 25.57387388021212, 71.10765186185499 ], [ 25.553846495131253, 71.09246825896818 ], [ 25.60155487317342, 71.0968328834914 ], [ 25.608781799081427, 71.10236140788746 ], [ 25.65865025460901, 71.09264019872214 ], [ 25.71806571926968, 71.06761635145571 ], [ 25.73830644533676, 71.07954632515249 ], [ 25.69769165508622, 71.09151597725403 ], [ 25.65750354680811, 71.1137755623224 ], [ 25.608248446615892, 71.12167156486895 ], [ 25.579794092579565, 71.1330328147642 ], [ 25.610541862217694, 71.13502996113695 ], [ 25.52869892638125, 71.15378462045184 ], [ 25.55427317710368, 71.16787045414038 ], [ 25.572727172411216, 71.15321589665034 ], [ 25.60384828877522, 71.16466972949003 ], [ 25.656463509500313, 71.17304187289365 ], [ 25.68971803572646, 71.16727527806904 ], [ 25.679931017983883, 71.15090132303953 ], [ 25.70838537202021, 71.15972315503039 ], [ 25.715025610216127, 71.15344074094395 ], [ 25.740413187575626, 71.16867724837044 ], [ 25.785774814769432, 71.1725128274969 ], [ 25.816629254900672, 71.16210385931578 ], [ 25.79102833655496, 71.1352019008909 ], [ 25.751853597961365, 71.11421202477473 ], [ 25.788334906604003, 71.11642078930618 ], [ 25.7938551046223, 71.10807509817239 ], [ 25.836816645721196, 71.12475325430503 ], [ 25.872977942884514, 71.1289459390743 ], [ 25.8283096738959, 71.11185777275918 ], [ 25.827562980444153, 71.10609117793457 ], [ 25.872977942884514, 71.10942416393411 ], [ 25.901298958804457, 71.12701492337615 ], [ 25.928473266923497, 71.12520294289227 ], [ 25.939513662960085, 71.11113033533864 ], [ 25.95572757791237, 71.1342892975815 ], [ 25.97719501465018, 71.14070397301712 ], [ 26.030530261203747, 71.12805978803473 ], [ 26.044930777773207, 71.11064096834664 ], [ 26.019063183194728, 71.09844647195149 ], [ 25.98898210413852, 71.0947960587139 ], [ 25.98380858522282, 71.08266769299334 ], [ 25.912819372060028, 71.08084248637454 ], [ 25.908285876102973, 71.07471878590712 ], [ 25.839910090021302, 71.07249679524077 ], [ 25.84996378399665, 71.0630401087738 ], [ 25.897272147689662, 71.05756448891741 ], [ 25.89580542840944, 71.0473010082204 ], [ 25.935220175612525, 71.04273799167342 ], [ 25.96415454686783, 71.0250149708822 ], [ 25.909699260136644, 71.01994936120828 ], [ 25.889031852097137, 71.02387752327917 ], [ 25.894525382492155, 71.00946103621766 ], [ 25.923913103343168, 71.01165657461418 ], [ 26.00506268097442, 71.00885263401139 ], [ 26.0324236624564, 71.01751575238322 ], [ 26.05186435982517, 71.0096329759716 ], [ 26.101919488715694, 71.04316122799082 ], [ 26.1383207944885, 71.04833264674407 ], [ 26.15472138280372, 71.05752481051266 ], [ 26.22013706270167, 71.06284171675003 ], [ 26.219523707366307, 71.03258032005576 ], [ 26.16658847516189, 71.00766228186869 ], [ 26.115093294614425, 71.00345637096451 ], [ 26.124800309487174, 70.99468744351333 ], [ 25.988928768891963, 70.97209720507198 ], [ 25.963807867765237, 70.98352458564185 ], [ 25.971861489994822, 70.99364257885475 ], [ 25.933966797318515, 70.9929812721088 ], [ 25.935566854715123, 70.9817390574278 ], [ 25.911725999505677, 70.96651577613623 ], [ 25.877911453190716, 70.97318174813533 ], [ 25.775721120794085, 70.9759063319286 ], [ 25.744066651964545, 70.99097089960114 ], [ 25.689291353754033, 70.96053756315294 ], [ 25.727746066519153, 70.95417579225698 ], [ 25.729186118176102, 70.94460007057575 ], [ 25.688357986939344, 70.94182258224279 ], [ 25.61422199422989, 70.95130572097959 ], [ 25.619342177899032, 70.93974607906054 ], [ 25.557659965259834, 70.93203524240288 ], [ 25.49883118831125, 70.94825048381335 ], [ 25.476723728614797, 70.97402822077014 ], [ 25.39181401610152, 70.99316643799767 ], [ 25.40210771868636, 70.99929013846508 ], [ 25.489097505815224, 71.01210626320142 ], [ 25.544112812635227, 71.02490916180284 ], [ 25.540646021609245, 71.03426003919044 ], [ 25.486190734878058, 71.0331754961271 ], [ 25.46493663912646, 71.03849240236447 ], [ 25.442269159341194, 71.0303583293894 ], [ 25.38269368894086, 71.02438011640609 ], [ 25.350372529529402, 71.01696025471662 ], [ 25.303517515432095, 71.01379920847103 ], [ 25.272103055212042, 71.01908966243856 ], [ 25.248955558207797, 71.0384394978248 ], [ 25.30239747525447, 71.04641485718085 ], [ 25.241835302792897, 71.05058108968028 ] ] ], [ [ [ 25.270502997815438, 70.92096496747581 ], [ 25.30333084206916, 70.92267113888035 ], [ 25.297677305934478, 70.91314832173879 ], [ 25.270502997815438, 70.92096496747581 ] ] ], [ [ [ 25.3024774781243, 71.14402373288175 ], [ 25.338585440041065, 71.14887772439695 ], [ 25.350719208632, 71.13862746983487 ], [ 25.3024774781243, 71.14402373288175 ] ] ], [ [ [ 25.35111922298115, 71.10144880457807 ], [ 25.364159690763497, 71.10509921781566 ], [ 25.404774481014037, 71.09700482324534 ], [ 25.35111922298115, 71.10144880457807 ] ] ], [ [ [ 25.774654415863015, 70.68139998569119 ], [ 25.78620149674186, 70.69655713630816 ], [ 25.860390824697873, 70.71275915158371 ], [ 25.86015081608838, 70.70024722795051 ], [ 25.8783914704097, 70.68581751475408 ], [ 25.838550041234186, 70.66858386095485 ], [ 25.80604220845979, 70.66469537728872 ], [ 25.78284137620899, 70.66956259493884 ], [ 25.774654415863015, 70.68139998569119 ] ] ], [ [ [ 25.80726891913052, 70.75791317619658 ], [ 25.84409690687576, 70.76643080708429 ], [ 25.85833741770556, 70.76200005188649 ], [ 25.826549610759635, 70.75390565731617 ], [ 25.80726891913052, 70.75791317619658 ] ] ], [ [ [ 25.829269708333864, 70.96109306081952 ], [ 25.865911022716165, 70.95621261703448 ], [ 25.838843385090232, 70.95310447532856 ], [ 25.829269708333864, 70.96109306081952 ] ] ], [ [ [ 25.91999296272148, 71.05042237606125 ], [ 25.992902244760206, 71.05497216647332 ], [ 25.938793637131614, 71.04702325938712 ], [ 25.91999296272148, 71.05042237606125 ] ] ], [ [ [ 26.548762184341467, 70.42104351981418 ], [ 26.55948256889873, 70.43535419779633 ], [ 26.61223112774021, 70.44871259406435 ], [ 26.62844504269249, 70.44367343666028 ], [ 26.5847901433884, 70.43616099202639 ], [ 26.58393677944354, 70.41961509724294 ], [ 26.548762184341467, 70.42104351981418 ] ] ], [ [ [ 26.72900865006924, 70.5055982003502 ], [ 26.781090518328796, 70.49816511252583 ], [ 26.762956534500585, 70.49290111082813 ], [ 26.72900865006924, 70.5055982003502 ] ] ], [ [ [ 26.843092742447315, 70.5082037489292 ], [ 26.89154781394123, 70.51973693857842 ], [ 26.888027687668696, 70.50803180917526 ], [ 26.843092742447315, 70.5082037489292 ] ] ], [ [ [ 27.15654398644262, 70.78373059155811 ], [ 27.189611839305833, 70.80453530178542 ], [ 27.212305986714373, 70.79238048379503 ], [ 27.197292114809546, 70.77735559452725 ], [ 27.15654398644262, 70.78373059155811 ] ] ], [ [ [ 27.8824900272832, 70.66653381004244 ], [ 27.93569193572038, 70.6751572500095 ], [ 27.921318086774196, 70.66581959875681 ], [ 27.8824900272832, 70.66653381004244 ] ] ], [ [ [ 29.658473734647103, 69.97172526435195 ], [ 29.691514919887037, 69.97706862285915 ], [ 29.672474236867412, 69.96631577517014 ], [ 29.658473734647103, 69.97172526435195 ] ] ], [ [ [ 29.699008522027814, 69.75742220026225 ], [ 29.727409540817586, 69.77490715062494 ], [ 29.7335964294178, 69.79292114638439 ], [ 29.766690949904287, 69.81483685194488 ], [ 29.792585212106044, 69.8091628400647 ], [ 29.795118636317337, 69.84597117354377 ], [ 29.80794576311347, 69.85836406196272 ], [ 29.798398753980383, 69.86983112093733 ], [ 29.802212224108963, 69.90751237932106 ], [ 29.83629344665669, 69.9123134662966 ], [ 29.895255561721658, 69.89850538144134 ], [ 29.94099053564134, 69.90202353332975 ], [ 29.987632208752434, 69.88185367757855 ], [ 29.961604608434293, 69.87293926264326 ], [ 30.000566006041673, 69.87131244804824 ], [ 29.98267203082295, 69.85571883497894 ], [ 30.010593032393743, 69.8533645829634 ], [ 30.00771292907985, 69.83148855580767 ], [ 29.958671169873845, 69.83187211372031 ], [ 29.904829238478023, 69.82439934749118 ], [ 29.91032276887304, 69.81208581588176 ], [ 29.94909749311748, 69.8275074891971 ], [ 29.975018422942515, 69.81983633094418 ], [ 30.001552708102913, 69.82262704541206 ], [ 30.01648657713791, 69.81455910311158 ], [ 30.030460411734946, 69.82681973018133 ], [ 30.075662033189094, 69.8373477335767 ], [ 30.095422742037186, 69.82048441155521 ], [ 30.073155276601074, 69.81056481036609 ], [ 30.020006703410445, 69.80477176327165 ], [ 30.018539984130225, 69.80001035470087 ], [ 29.96363134780333, 69.79166466356709 ], [ 29.878348288564176, 69.76783116844338 ], [ 29.84530710332424, 69.77353163259339 ], [ 29.83245330890483, 69.7928682418447 ], [ 29.81085253405064, 69.79587057447128 ], [ 29.842800346736226, 69.77407390412506 ], [ 29.852667367348634, 69.75935321596042 ], [ 29.823866334209708, 69.75592764701643 ], [ 29.699008522027814, 69.75742220026225 ] ] ], [ [ [ 30.017366608706045, 69.88430051253853 ], [ 30.081795586542754, 69.87890424949164 ], [ 30.075048677853726, 69.86742396438211 ], [ 30.09456937809233, 69.85951473570066 ], [ 30.046540988570847, 69.85456816124102 ], [ 30.03267382446692, 69.87832229955522 ], [ 30.017366608706045, 69.88430051253853 ] ] ], [ [ [ 30.10718316390225, 69.7886491048056 ], [ 30.114703433666303, 69.79755029360597 ], [ 30.14771795128296, 69.80046004328811 ], [ 30.173878889717482, 69.78580548579805 ], [ 30.111796662729134, 69.78196990667159 ], [ 30.10718316390225, 69.7886491048056 ] ] ], [ [ [ 31.061777406717965, 70.40509280110207 ], [ 31.108525750322165, 70.37164390589237 ], [ 31.118392770934573, 70.38119317530376 ], [ 31.130659877641893, 70.36475308959966 ], [ 31.094765256711344, 70.36616828603597 ], [ 31.076844613869348, 70.37766179728044 ], [ 31.061777406717965, 70.40509280110207 ] ] ], [ [ [ 31.11649936968192, 70.39047792201677 ], [ 31.147007130710563, 70.39796391438082 ], [ 31.139780204802555, 70.38648362927128 ], [ 31.11649936968192, 70.39047792201677 ] ] ] ] } },
{ "type": "Feature", "properties": { "ISO": "NO-55", "NAME_1": "Troms" }, "geometry": { "type": "MultiPolygon", "coordinates": [ [ [ [ 16.11412055102832, 68.5389061788557 ], [ 16.05200463162993, 68.53021453138423 ], [ 16.007919796792322, 68.54141501057984 ], [ 15.99718224756634, 68.55628085340516 ], [ 16.030059073546926, 68.56793098687504 ], [ 15.997016202990679, 68.58616242381389 ], [ 16.00271706675499, 68.59612294728346 ], [ 15.962340560773779, 68.61389110406093 ], [ 15.93328276003336, 68.6010146407521 ], [ 15.928910252874328, 68.58324648397463 ], [ 15.905968427337367, 68.56263051679343 ], [ 15.891052089623951, 68.53402977977204 ], [ 15.829117462902946, 68.53449305993341 ], [ 15.804736584376936, 68.51679303259144 ], [ 15.75298602496305, 68.50012857266903 ], [ 15.756472961051898, 68.49213017694174 ], [ 15.703947526951598, 68.4817608768592 ], [ 15.691411161489306, 68.46404722363013 ], [ 15.65966897344239, 68.45550379241888 ], [ 15.648737705544804, 68.44333587523921 ], [ 15.61505833078186, 68.45916915604859 ], [ 15.675443208130044, 68.48550799581149 ], [ 15.662602427612374, 68.49805743782993 ], [ 15.667556090786217, 68.51135630363883 ], [ 15.653248583183554, 68.52544547089948 ], [ 15.631579766059986, 68.52833415896454 ], [ 15.608388873659536, 68.56324368171289 ], [ 15.593168120890745, 68.57030189123032 ], [ 15.632852774473374, 68.57557510953774 ], [ 15.667915854033481, 68.58674833695916 ], [ 15.674612985251748, 68.59695412639651 ], [ 15.645444488127556, 68.63257219527404 ], [ 15.66163383425436, 68.63221792220946 ], [ 15.701041746877557, 68.6483918501963 ], [ 15.736243196917378, 68.6408839864046 ], [ 15.777366903489057, 68.65179832197113 ], [ 15.804100080170244, 68.67659743649182 ], [ 15.777754340832264, 68.68772978625194 ], [ 15.792034174338983, 68.70034735770587 ], [ 15.784064034707324, 68.70927231375589 ], [ 15.880148495822311, 68.70908155133651 ], [ 15.89027721493754, 68.72759913190443 ], [ 15.93693574069787, 68.73082846714695 ], [ 15.972413931697126, 68.75019085271504 ], [ 16.00502344819288, 68.75539748951115 ], [ 15.989743415522607, 68.71183010425477 ], [ 15.916487454381286, 68.66774739657033 ], [ 15.882432899456834, 68.6576690817622 ], [ 15.895366696746073, 68.65411125146903 ], [ 15.803923416529987, 68.64149351875648 ], [ 15.765788715244184, 68.61721033504551 ], [ 15.79029626103555, 68.60107445044454 ], [ 15.800589963620386, 68.56390901132266 ], [ 15.753708281899804, 68.56106539231511 ], [ 15.724987251630708, 68.53965227988154 ], [ 15.740907822726946, 68.53298630788245 ], [ 15.783602687593078, 68.55553686791905 ], [ 15.816670540456286, 68.55949148225977 ], [ 15.82301743479616, 68.6006115357224 ], [ 15.804856783344672, 68.61662838510908 ], [ 15.859952093034504, 68.63431172749554 ], [ 15.9286478905955, 68.64972017467598 ], [ 15.99761036438926, 68.67457208218845 ], [ 16.04963889740226, 68.67051165876836 ], [ 16.06513278652607, 68.63620306478894 ], [ 16.09193374791924, 68.64599040462886 ], [ 16.072493050550463, 68.67406948906152 ], [ 16.034438352134494, 68.67875154082279 ], [ 16.023611297084123, 68.68745433759938 ], [ 16.04515873669176, 68.69775749670114 ], [ 16.055745783132643, 68.73914207286214 ], [ 16.07641319117215, 68.74851940251958 ], [ 16.163909663143276, 68.73353419165656 ], [ 16.242099134590802, 68.73705234354496 ], [ 16.29135423478302, 68.71128783272309 ], [ 16.296714427061655, 68.7233765200389 ], [ 16.250366097806605, 68.73755493667187 ], [ 16.241432444008883, 68.75891514456578 ], [ 16.12865506517137, 68.78232540337208 ], [ 16.08670689375699, 68.82155411954132 ], [ 16.106894284577514, 68.82628907584225 ], [ 16.123134867153073, 68.84426339319694 ], [ 16.162096264760454, 68.84860156545031 ], [ 16.187883856469103, 68.86366613312285 ], [ 16.261379826219915, 68.86149704699616 ], [ 16.287327423668227, 68.83915810511827 ], [ 16.311568293226824, 68.83106371054795 ], [ 16.345622848151272, 68.83377506820631 ], [ 16.301594602121305, 68.8788100576049 ], [ 16.25055277116954, 68.8892057996511 ], [ 16.243912532973624, 68.90093738132408 ], [ 16.25945975734399, 68.92071045302772 ], [ 16.300927911539386, 68.89085906651594 ], [ 16.3568499175508, 68.87723614754955 ], [ 16.435786082450075, 68.85214616960855 ], [ 16.476000858351465, 68.85879891547272 ], [ 16.49949503445831, 68.84081137198312 ], [ 16.488267965058785, 68.8217525115651 ], [ 16.550563533033348, 68.82151444113656 ], [ 16.546296713309065, 68.83206889680179 ], [ 16.594858455296084, 68.83692288831699 ], [ 16.594725117179703, 68.82661972921522 ], [ 16.57061758573749, 68.82446386922345 ], [ 16.542136564077886, 68.80782539149558 ], [ 16.54973683671177, 68.79151756714067 ], [ 16.568964193094327, 68.79799837325089 ], [ 16.595711819240943, 68.79437441228313 ], [ 16.5816313141508, 68.7715064250085 ], [ 16.563604000815694, 68.77405906904782 ], [ 16.57293766896257, 68.73578263459275 ], [ 16.538883114038118, 68.71751734226986 ], [ 16.578937884199846, 68.71952771477753 ], [ 16.59787189672636, 68.73024088406177 ], [ 16.585418116656104, 68.69523130493164 ], [ 16.56523072583558, 68.69642165707434 ], [ 16.539603139866593, 68.68249453700481 ], [ 16.587818202751013, 68.68113224510819 ], [ 16.589551598264006, 68.64477360021634 ], [ 16.5453366788711, 68.61567610339493 ], [ 16.495788234822836, 68.60807107581661 ], [ 16.500055054547122, 68.58110298671713 ], [ 16.512802178473425, 68.56552259978275 ], [ 16.46301372581567, 68.5571240041093 ], [ 16.40541165953782, 68.56849848013948 ], [ 16.313915044075177, 68.56556227818751 ], [ 16.28514067855953, 68.55622462693482 ], [ 16.23953904275623, 68.56410740334644 ], [ 16.20831125589912, 68.55601300877612 ], [ 16.168176482867562, 68.53231177500159 ], [ 16.138468750537225, 68.53023527181934 ], [ 16.13246853529995, 68.54593469396798 ], [ 16.089640332317437, 68.55774563245049 ], [ 16.11412055102832, 68.5389061788557 ] ] ], [ [ [ 15.959875677452612, 68.82513840210432 ], [ 15.969689362818468, 68.8462737657046 ], [ 16.021931236817686, 68.86887723028086 ], [ 16.030358205773148, 68.8565372464016 ], [ 15.959875677452612, 68.82513840210432 ] ] ], [ [ [ 16.059879264740545, 68.7767836528411 ], [ 16.072039700954758, 68.7903404411329 ], [ 16.092867114733927, 68.77633396425387 ], [ 16.128788403287754, 68.76376913608098 ], [ 16.167643130402027, 68.75660057095499 ], [ 16.163269640184634, 68.74624450731355 ], [ 16.0935871405624, 68.75802899352621 ], [ 16.059879264740545, 68.7767836528411 ] ] ], [ [ [ 16.07526648337125, 68.41412303336699 ], [ 16.12857506230154, 68.4404033634507 ], [ 16.185643776113853, 68.44601124465628 ], [ 16.220391689243502, 68.44285019841068 ], [ 16.250206092066946, 68.44825968759247 ], [ 16.124921597912618, 68.44956907494944 ], [ 16.129001744273967, 68.4720931827162 ], [ 16.162976296328587, 68.47547907325541 ], [ 16.146735713753028, 68.49543731084792 ], [ 16.168976511565866, 68.49998710125999 ], [ 16.18492375028538, 68.5182656197178 ], [ 16.222898445831518, 68.52445545085982 ], [ 16.2326854635741, 68.5445459498015 ], [ 16.29127423191319, 68.54492950771414 ], [ 16.303888017723107, 68.55129127861011 ], [ 16.354823178181764, 68.55684625527601 ], [ 16.38693099660701, 68.5535397215463 ], [ 16.45786687452325, 68.52539450643904 ], [ 16.43335932873189, 68.50894119460003 ], [ 16.494828200384873, 68.48898295700752 ], [ 16.511308791569924, 68.46598270838369 ], [ 16.477574248124796, 68.4682972819945 ], [ 16.427359113494614, 68.46405169268554 ], [ 16.422558941304793, 68.45911834436083 ], [ 16.465040465184707, 68.44277084160116 ], [ 16.414585321945033, 68.42191322683418 ], [ 16.291567575769236, 68.41770731593 ], [ 16.26468661150624, 68.42273324719915 ], [ 16.25785969994738, 68.41516789802559 ], [ 16.199244263985012, 68.40399181401918 ], [ 16.151349212579913, 68.387075587458 ], [ 16.101347418935944, 68.40051334053553 ], [ 16.108040992378417, 68.40879290099471 ], [ 16.07526648337125, 68.41412303336699 ] ] ], [ [ [ 16.25156614085406, 68.95767750012584 ], [ 16.261086482363872, 68.9757840788297 ], [ 16.302101286963563, 68.9935600041606 ], [ 16.3430627563167, 68.98602110725687 ], [ 16.381277460472333, 68.98669564013773 ], [ 16.44021290791402, 68.96153953152213 ], [ 16.480881033411116, 68.95843138981621 ], [ 16.506161940277504, 68.96549414586286 ], [ 16.553150292491196, 68.94617076274646 ], [ 16.576697803844596, 68.94529783784182 ], [ 16.562830639740667, 68.96303408476795 ], [ 16.592858383550325, 68.97041426805266 ], [ 16.619792683059877, 68.95377579032478 ], [ 16.609018963256055, 68.94376360619124 ], [ 16.64622029772717, 68.93352657776407 ], [ 16.614405823157966, 68.91971849290881 ], [ 16.61669923875977, 68.90178385395889 ], [ 16.64000674150368, 68.89534272625343 ], [ 16.55915050772847, 68.87634999651 ], [ 16.50578859355163, 68.88226207881871 ], [ 16.46856059145724, 68.88164045047753 ], [ 16.368023651703773, 68.91552580813955 ], [ 16.34764958752031, 68.93898897148554 ], [ 16.30967489197417, 68.94984762825389 ], [ 16.25156614085406, 68.95767750012584 ] ] ], [ [ [ 16.438692853387245, 68.99543811531908 ], [ 16.472774075934975, 69.01536990064174 ], [ 16.518962399450363, 69.02185070675196 ], [ 16.545736693220253, 69.01900708774441 ], [ 16.533762930368976, 68.99858593542976 ], [ 16.572404316497035, 68.99961757395342 ], [ 16.57789784689205, 68.98233101561452 ], [ 16.55744377983876, 68.97952707501173 ], [ 16.52354923065397, 68.98952603301036 ], [ 16.472827411181527, 68.9805587135354 ], [ 16.438692853387245, 68.99543811531908 ] ] ], [ [ [ 16.557716089351345, 68.44735983622523 ], [ 16.517842359272738, 68.44692384796568 ], [ 16.531256173780957, 68.48233021114336 ], [ 16.50248180826531, 68.49806931169675 ], [ 16.454266745380888, 68.50539659044179 ], [ 16.4724007292091, 68.52433641564554 ], [ 16.464107098370018, 68.53552572578687 ], [ 16.53421627996468, 68.56138281955316 ], [ 16.58877823718898, 68.53688801768351 ], [ 16.62888634259726, 68.53784029939766 ], [ 16.62613957739975, 68.5533281033876 ], [ 16.64614029485734, 68.55819532103773 ], [ 16.642433495221866, 68.57253245128973 ], [ 16.626912938474778, 68.56196476948959 ], [ 16.563043980726885, 68.5836159523517 ], [ 16.56043055364576, 68.59858793707981 ], [ 16.589924944989882, 68.63161359597211 ], [ 16.613739132576047, 68.64293516746262 ], [ 16.688381810127762, 68.65264315049303 ], [ 16.72040962568318, 68.64982598375533 ], [ 16.722516367922044, 68.66937421116535 ], [ 16.786918678135475, 68.67975672707662 ], [ 16.79905244672641, 68.6859994627583 ], [ 16.841613973476157, 68.68777176483744 ], [ 16.881188726418902, 68.68025932020353 ], [ 16.9002560770618, 68.6829706778619 ], [ 16.955431389621467, 68.71077201346127 ], [ 16.98599248589666, 68.71594343221452 ], [ 17.0411944660796, 68.71618150264305 ], [ 17.045381282934052, 68.69101216789254 ], [ 17.081702585837032, 68.67359334820445 ], [ 17.113757069015723, 68.67533919801373 ], [ 17.1159704817477, 68.65482546275464 ], [ 17.138717964402794, 68.644178424145 ], [ 17.174505914840235, 68.6438345446371 ], [ 17.20994718617508, 68.65942815770639 ], [ 17.17535927878509, 68.66043334396022 ], [ 17.115143785426117, 68.67289236305375 ], [ 17.0980498389057, 68.68480911061562 ], [ 17.12151734738927, 68.7147398539369 ], [ 17.178426055461923, 68.71995095109492 ], [ 17.257788902333626, 68.73506842330714 ], [ 17.292536815463276, 68.73528004146584 ], [ 17.302137159842918, 68.72575722432428 ], [ 17.33784510741053, 68.72262263034852 ], [ 17.39982066390577, 68.72923569780794 ], [ 17.42387486010143, 68.72065193624562 ], [ 17.433608542597458, 68.70648674574755 ], [ 17.428088344579162, 68.68982181574985 ], [ 17.461289535558755, 68.68031222474322 ], [ 17.524225126491963, 68.67787861591815 ], [ 17.584387284604386, 68.6864094729408 ], [ 17.66609688232445, 68.66916259300665 ], [ 17.685110897720794, 68.67470434353763 ], [ 17.628148854401587, 68.68908115219439 ], [ 17.556999635499132, 68.69460967659046 ], [ 17.546599262421186, 68.6876130512184 ], [ 17.479770198489568, 68.69996626123259 ], [ 17.462809590085534, 68.7344732472358 ], [ 17.399313979063514, 68.74668096976586 ], [ 17.32208454205395, 68.73640426293395 ], [ 17.31365757309849, 68.74464414498837 ], [ 17.266162536042536, 68.75433890188386 ], [ 17.25213536619895, 68.76207619081137 ], [ 17.266829226624456, 68.77366228500026 ], [ 17.319391112102995, 68.7804340660787 ], [ 17.416221252220993, 68.81163451835221 ], [ 17.466383051604623, 68.81979504359711 ], [ 17.489077199013163, 68.81693819845465 ], [ 17.57260019511605, 68.79373955780703 ], [ 17.6197485530694, 68.78404480091153 ], [ 17.739166170102834, 68.77563297910316 ], [ 17.798154952791077, 68.74785809577364 ], [ 17.79836829377729, 68.77387390315896 ], [ 17.770580630322883, 68.78827716408556 ], [ 17.726792392902407, 68.79444054295773 ], [ 17.65140302189894, 68.79605413141783 ], [ 17.5789737570792, 68.81178000583631 ], [ 17.534385490960418, 68.824701939652 ], [ 17.47403665948506, 68.83224083655573 ], [ 17.51241136938035, 68.84993740507711 ], [ 17.556066268684443, 68.86316353999592 ], [ 17.622201974410864, 68.89084584038102 ], [ 17.658016592471583, 68.89568660576131 ], [ 17.69087110434858, 68.89362332871397 ], [ 17.70004476675579, 68.90093738132408 ], [ 17.72857912366195, 68.89265782086491 ], [ 17.688817697356267, 68.8819049731759 ], [ 17.7308192040172, 68.8702395221775 ], [ 17.818582352221092, 68.86389097741646 ], [ 17.85309025674125, 68.8652532693131 ], [ 17.77666084842999, 68.90483909112514 ], [ 17.706284990602562, 68.91262928459233 ], [ 17.721725544479817, 68.93141039617706 ], [ 17.697644680660883, 68.93420111064492 ], [ 17.635215774569936, 68.92228436308307 ], [ 17.512518039873456, 68.90810594645009 ], [ 17.45720938919741, 68.89383494687269 ], [ 17.446809016119463, 68.90817207712469 ], [ 17.454142612520577, 68.92030044284525 ], [ 17.484037018213854, 68.93245526083564 ], [ 17.47014318648665, 68.95249285523765 ], [ 17.4974241650988, 68.95745265583221 ], [ 17.55707963836896, 68.9561697207451 ], [ 17.54515921076424, 68.98369330751116 ], [ 17.488010494082094, 68.97996353746404 ], [ 17.47494335867647, 68.99090155104192 ], [ 17.531345381906867, 69.01419277463397 ], [ 17.552119460439478, 69.03339712253609 ], [ 17.593667617504707, 69.04235121587614 ], [ 17.612334953798456, 69.05363310896189 ], [ 17.696231296627214, 69.08618262699711 ], [ 17.65222971822052, 69.09714709284482 ], [ 17.62097526374013, 69.09303376488506 ], [ 17.644096093121103, 69.10844221206548 ], [ 17.71300523166831, 69.11926119042909 ], [ 17.750659915735127, 69.11440719891388 ], [ 17.79018133343132, 69.11610014418349 ], [ 17.821062441185834, 69.12624458966623 ], [ 17.8916249723762, 69.13371735589536 ], [ 17.92794627527918, 69.14567378186197 ], [ 17.995282024053054, 69.15274976404355 ], [ 18.06013768386219, 69.14763124982996 ], [ 18.054804159206835, 69.13214344584001 ], [ 18.165048113833056, 69.148927411052 ], [ 18.11053949185531, 69.1636084208119 ], [ 18.083231845619885, 69.15817247936026 ], [ 18.082618490284517, 69.17404384126284 ], [ 18.05077734809204, 69.18359311067424 ], [ 18.074911547157527, 69.21266415522581 ], [ 18.077738315224867, 69.22989780902503 ], [ 18.049417299304924, 69.23428888581809 ], [ 17.97509463323253, 69.22590351627954 ], [ 17.97144116884361, 69.23533375047667 ], [ 18.00048221059203, 69.2561516868389 ], [ 17.985655012050135, 69.27105754089241 ], [ 17.997015419566047, 69.30051214335663 ], [ 18.010429234074266, 69.31008786503786 ], [ 18.06181774412863, 69.32226913529809 ], [ 18.08509857924926, 69.34165864908908 ], [ 18.10008578353081, 69.34229350356519 ], [ 18.109766130780283, 69.3666163656809 ], [ 18.096218978155676, 69.37973669152038 ], [ 18.1152596611753, 69.38488165800379 ], [ 18.165288122442544, 69.38402195923408 ], [ 18.177715234889526, 69.39026469491576 ], [ 18.1530476833585, 69.3991526575812 ], [ 18.16592814540119, 69.42081706657824 ], [ 18.160007933033743, 69.43547162406828 ], [ 18.132140266709506, 69.45701699785106 ], [ 18.15280767474901, 69.4668969206354 ], [ 18.19176907235639, 69.45938447600152 ], [ 18.229343753553376, 69.46907923289702 ], [ 18.23278387695608, 69.48038757825262 ], [ 18.269345188468552, 69.48374701652199 ], [ 18.34329450781507, 69.46762435805594 ], [ 18.36974879010564, 69.45785024435094 ], [ 18.372255546693655, 69.44396280268617 ], [ 18.354121562865444, 69.41252427998413 ], [ 18.359268414157864, 69.39956266776369 ], [ 18.335560897064802, 69.37284587522767 ], [ 18.356654987076737, 69.38562232155925 ], [ 18.397003101094512, 69.39585934998642 ], [ 18.478712698814572, 69.37854633937768 ], [ 18.498953424881652, 69.36743638604587 ], [ 18.486712985797606, 69.34202898086681 ], [ 18.500260138422213, 69.3149683088229 ], [ 18.488473048933876, 69.28684954598549 ], [ 18.507193720474177, 69.27310759180483 ], [ 18.482019484100896, 69.24562368344351 ], [ 18.481939481231063, 69.20995279756745 ], [ 18.50914045697338, 69.23533375047667 ], [ 18.512127230780383, 69.25423389727567 ], [ 18.538234833968353, 69.27658606528848 ], [ 18.54282166517196, 69.3228378590996 ], [ 18.528341145732664, 69.33177872630472 ], [ 18.532474627340566, 69.34655231900905 ], [ 18.56652918226502, 69.35739774964249 ], [ 18.587623272276954, 69.34369547386657 ], [ 18.5696492941884, 69.31828806868752 ], [ 18.612717505780406, 69.29731141870627 ], [ 18.697947229773003, 69.27162626469392 ], [ 18.709174299172528, 69.25464390745816 ], [ 18.713627792259754, 69.28018357398639 ], [ 18.651732238634338, 69.30221831476115 ], [ 18.64002515201583, 69.31307697152951 ], [ 18.67551975859723, 69.32240139664728 ], [ 18.72152140874968, 69.32088039113161 ], [ 18.791257243618467, 69.32697763932919 ], [ 18.79123057599519, 69.32139621039344 ], [ 18.874593566358413, 69.3253640508691 ], [ 18.895634321123794, 69.3158147814577 ], [ 18.85488619275687, 69.30696649719701 ], [ 18.944196063110816, 69.29534072460336 ], [ 18.969636975716867, 69.2861617869697 ], [ 19.002198143737818, 69.28839700377098 ], [ 18.972250402797993, 69.29777433342844 ], [ 18.983610810313902, 69.30391126003076 ], [ 18.94987626686877, 69.31495508268799 ], [ 18.955396464887066, 69.32114491382998 ], [ 18.90472798066118, 69.33073386164614 ], [ 18.821391657921232, 69.33173904789997 ], [ 18.759122757569944, 69.3466581280884 ], [ 18.738642022893373, 69.34599682134245 ], [ 18.649518825902366, 69.36528052605411 ], [ 18.607650657357816, 69.37972346538545 ], [ 18.59703694329366, 69.40453569449316 ], [ 18.548501868929915, 69.42687463637105 ], [ 18.481939481231063, 69.443341174345 ], [ 18.452338419393836, 69.44064304282155 ], [ 18.454311823516317, 69.45595890705755 ], [ 18.48089944392327, 69.47517648109459 ], [ 18.47815267872576, 69.48664354006921 ], [ 18.441724705329676, 69.49878513192469 ], [ 18.445804851691022, 69.51086059310558 ], [ 18.58732992842091, 69.52714196519065 ], [ 18.603517175749918, 69.5341385905627 ], [ 18.670719586407408, 69.53506442000702 ], [ 18.68453341526478, 69.5390587127525 ], [ 18.792910636261627, 69.54553951886273 ], [ 18.827098529302464, 69.56283930333655 ], [ 18.853446141099923, 69.55409682815521 ], [ 18.86891336260046, 69.50554368686821 ], [ 18.83507214866222, 69.4949231005284 ], [ 18.854859525133595, 69.48264924732374 ], [ 18.892060859604705, 69.49043944079091 ], [ 18.911048207377775, 69.45987384299352 ], [ 18.90910147087857, 69.450020372479 ], [ 18.953503063634415, 69.4358287297111 ], [ 18.95022294597137, 69.42794595329948 ], [ 18.9967046133428, 69.42172966988764 ], [ 18.987370945195927, 69.38961661430473 ], [ 19.06988057161429, 69.35512285443644 ], [ 19.108921972091505, 69.34586455999327 ], [ 19.15860375425615, 69.34339127276345 ], [ 19.207538842969047, 69.34643328379478 ], [ 19.293915274762544, 69.34478001692993 ], [ 19.32170293821695, 69.33517784297887 ], [ 19.34999728651362, 69.31045819681557 ], [ 19.330369915781908, 69.2927616282942 ], [ 19.293915274762544, 69.28011744331181 ], [ 19.2337797842734, 69.25001476023657 ], [ 19.237806595388193, 69.23550569023061 ], [ 19.265140909246895, 69.22316570635135 ], [ 19.363091089542518, 69.23771445476206 ], [ 19.46784151377372, 69.21974013740738 ], [ 19.53360387277427, 69.21319320062256 ], [ 19.550804489787794, 69.2155342265032 ], [ 19.48816224271063, 69.22672353664451 ], [ 19.41613299224004, 69.25604587775955 ], [ 19.40973276265361, 69.2983166049601 ], [ 19.41719969717111, 69.31978262193336 ], [ 19.352024025882656, 69.3675289689903 ], [ 19.372904774908374, 69.37557045902095 ], [ 19.3216496029704, 69.37079582431525 ], [ 19.26943439659446, 69.38067574709962 ], [ 19.173484288044595, 69.37504141362419 ], [ 19.11886899557374, 69.37460495117188 ], [ 19.073027351160952, 69.39279088668525 ], [ 19.056013407510367, 69.4328131709496 ], [ 19.011158465158818, 69.44007431902004 ], [ 18.96945030235393, 69.45958286802531 ], [ 18.97582386431708, 69.47554681287232 ], [ 18.996411269486757, 69.48936812386249 ], [ 18.99190444115298, 69.50316298258282 ], [ 19.009451737269103, 69.51876982178703 ], [ 19.053373312805963, 69.52916556383323 ], [ 19.083534394732006, 69.54814506744174 ], [ 19.16481731047964, 69.55414973269488 ], [ 19.17268425934629, 69.54561887567225 ], [ 19.2394066527848, 69.51449778020826 ], [ 19.245353532775525, 69.52251281796906 ], [ 19.18089788731554, 69.55748271869443 ], [ 19.169884158902228, 69.57205791937497 ], [ 19.144123234816856, 69.56043214678132 ], [ 19.064200367856337, 69.556411401766 ], [ 19.038679452380457, 69.54944122866378 ], [ 19.034705976512218, 69.5374318981575 ], [ 19.004491559339623, 69.52863651843647 ], [ 18.964170112945126, 69.53995808992698 ], [ 18.943049355309913, 69.56004858886868 ], [ 18.933902360525977, 69.59993861178384 ], [ 18.944249398357368, 69.62652314297068 ], [ 19.01022509834413, 69.66092431989453 ], [ 19.07521409626965, 69.69111958591421 ], [ 19.092094701803852, 69.71087943148292 ], [ 19.098601601883388, 69.73425001188448 ], [ 19.131189437527617, 69.74787293085087 ], [ 19.16745740518404, 69.74324378362928 ], [ 19.208685550769946, 69.76575466526111 ], [ 19.27431457165411, 69.77900725244979 ], [ 19.319276184498765, 69.7793775842275 ], [ 19.361037682550208, 69.77455004498213 ], [ 19.44506736349535, 69.7831734849492 ], [ 19.505976215059523, 69.79768255495516 ], [ 19.58264563198027, 69.80297300892269 ], [ 19.65694163042939, 69.81516750531785 ], [ 19.686142677917466, 69.81645044040496 ], [ 19.732491007172513, 69.80539339161282 ], [ 19.714170349981366, 69.77179900891902 ], [ 19.676275657305055, 69.75214497242965 ], [ 19.700969876459357, 69.73841624438391 ], [ 19.675235619997263, 69.70975521001483 ], [ 19.656461613210407, 69.67245750954375 ], [ 19.63603421378039, 69.66481280356066 ], [ 19.68451595289758, 69.65890072125195 ], [ 19.733051027261325, 69.64641524988859 ], [ 19.738357884293407, 69.63723631225493 ], [ 19.708276805237194, 69.61461962154374 ], [ 19.718570507822033, 69.60772880525103 ], [ 19.693182930462537, 69.58482113957163 ], [ 19.699769833411903, 69.57767902671547 ], [ 19.66768868260993, 69.55399101907585 ], [ 19.64987471026104, 69.54897831394162 ], [ 19.630754024371587, 69.518611108168 ], [ 19.64019436301157, 69.49681443782178 ], [ 19.673555559730826, 69.48401153922038 ], [ 19.6066198253061, 69.45074780989953 ], [ 19.55645802592247, 69.43454579462397 ], [ 19.52936372067326, 69.4131326821904 ], [ 19.487548887375265, 69.39503932962145 ], [ 19.524003528394626, 69.39960234616845 ], [ 19.58355233117168, 69.42757562152175 ], [ 19.614593444665857, 69.43488967413187 ], [ 19.647447956542855, 69.41851571910236 ], [ 19.66182180548904, 69.42014253369737 ], [ 19.64035436875123, 69.43504838775088 ], [ 19.66920873713671, 69.46250584384237 ], [ 19.732757683405282, 69.48640546964067 ], [ 19.70382331214997, 69.50457817901913 ], [ 19.74057129702538, 69.53212821805505 ], [ 19.716143754103847, 69.55512846667888 ], [ 19.74867825450152, 69.5723621204781 ], [ 19.75350509431462, 69.59652626897478 ], [ 19.728810875160317, 69.59738596774451 ], [ 19.72995758296122, 69.60770235298119 ], [ 19.788333010314098, 69.6127018319805 ], [ 19.805933641676774, 69.60533487483073 ], [ 19.8418549302306, 69.60504389986251 ], [ 19.9842867061519, 69.58222881712754 ], [ 20.07428993471104, 69.58188493761965 ], [ 20.14133233962887, 69.58544276791281 ], [ 20.106984440848375, 69.58900059820598 ], [ 20.036288571541622, 69.58667279846027 ], [ 19.965806043221086, 69.59530946456226 ], [ 19.943538577784974, 69.60467356808479 ], [ 19.86148230096231, 69.61344249553596 ], [ 19.83540136539762, 69.62114010605872 ], [ 19.81342724381755, 69.64380970130958 ], [ 19.80921375933982, 69.6653947534971 ], [ 19.76883897769877, 69.67971865761419 ], [ 19.795133254249677, 69.71314110055404 ], [ 19.846815108160083, 69.730745086131 ], [ 19.83548136826745, 69.7523169121836 ], [ 19.85022856393951, 69.77145512941114 ], [ 19.9065239166768, 69.78521030972671 ], [ 19.94143183554611, 69.82339416123735 ], [ 19.993753712415156, 69.84696313366268 ], [ 19.987780164801155, 69.8122577556357 ], [ 19.97503304087485, 69.80594888927942 ], [ 19.952392228712863, 69.76193231226958 ], [ 19.983486677453595, 69.76502722784059 ], [ 20.042928809737543, 69.84281012729818 ], [ 20.078343413449108, 69.87800487231716 ], [ 20.10751779331391, 69.89744729064783 ], [ 20.12650514108698, 69.93401755369838 ], [ 20.15623954104059, 69.94420167758587 ], [ 20.164479836633117, 69.93739021810268 ], [ 20.163599805064983, 69.90855724397964 ], [ 20.15210605943269, 69.89582047605282 ], [ 20.16984002891175, 69.88785834283169 ], [ 20.193094196409106, 69.85513688504253 ], [ 20.201254489131802, 69.87102147308002 ], [ 20.174373524868805, 69.89464335004504 ], [ 20.199014408776552, 69.93860702251521 ], [ 20.25138962089215, 69.96244051763892 ], [ 20.261549985360606, 69.9761956979545 ], [ 20.285364172946775, 69.97751831144639 ], [ 20.350406506118848, 69.93990318373726 ], [ 20.354673325843134, 69.92303986171575 ], [ 20.37510072527315, 69.89873022573497 ], [ 20.39480809887469, 69.89068873570432 ], [ 20.3844610610433, 69.86611457702514 ], [ 20.36520703703746, 69.85579819178847 ], [ 20.35392663239138, 69.82168798983282 ], [ 20.30395150637069, 69.76515948918977 ], [ 20.284030791782936, 69.69910817140517 ], [ 20.25157629425509, 69.682191944844 ], [ 20.271257000233355, 69.67729827492404 ], [ 20.271363670726462, 69.6571680975776 ], [ 20.323792218088617, 69.64742043614241 ], [ 20.350193165132634, 69.63810923715957 ], [ 20.347499735181678, 69.61623321000383 ], [ 20.31965873648072, 69.60214737631529 ], [ 20.312138466716664, 69.5866992507301 ], [ 20.27933729008622, 69.59071999574543 ], [ 20.268590237905677, 69.5802316707548 ], [ 20.224455321382603, 69.57748063469168 ], [ 20.224988673848138, 69.54893863553687 ], [ 20.27768389744306, 69.54941477639395 ], [ 20.229548837428467, 69.52829263892859 ], [ 20.23906917893828, 69.51685203222381 ], [ 20.218641779508264, 69.51185255322449 ], [ 20.207254704369078, 69.49635152309963 ], [ 20.25357636600085, 69.4947114823697 ], [ 20.23624241087094, 69.4680079159686 ], [ 20.194267571833283, 69.45732119895419 ], [ 20.19362754887464, 69.48145889518104 ], [ 20.180853757325064, 69.48218633260157 ], [ 20.15261274427495, 69.44459765716228 ], [ 20.155892861937993, 69.41147941532554 ], [ 20.14109233101938, 69.3971158328037 ], [ 20.081196849139726, 69.37930022906805 ], [ 20.0553825898078, 69.37541174540192 ], [ 19.978899846249988, 69.34940916415151 ], [ 19.98335333933721, 69.33663271781992 ], [ 19.91945771396604, 69.29579041319062 ], [ 19.898123615344613, 69.27257854640807 ], [ 19.921217777102306, 69.2664812982105 ], [ 19.958765790676015, 69.27671832663766 ], [ 19.965592702234872, 69.29450747810348 ], [ 19.99204698452544, 69.30496935082427 ], [ 20.022368072191142, 69.33434459647897 ], [ 20.041995442922854, 69.3350588077646 ], [ 20.059302730429486, 69.34755750526288 ], [ 20.187947345116687, 69.38703751799557 ], [ 20.25522975864401, 69.37497528294959 ], [ 20.26848356741257, 69.39503932962145 ], [ 20.255256426267287, 69.41421722525374 ], [ 20.282457402009605, 69.43824911240124 ], [ 20.32229883118512, 69.4577444352716 ], [ 20.32659231853268, 69.47204188711883 ], [ 20.35579336602076, 69.51575426302554 ], [ 20.38750117009685, 69.548753469648 ], [ 20.397368190709262, 69.58594536103973 ], [ 20.419235641796224, 69.59155324224531 ], [ 20.52219933526788, 69.56910849128808 ], [ 20.53475978583125, 69.54366140770426 ], [ 20.567827638694457, 69.54871379124324 ], [ 20.59249519022548, 69.54274880439486 ], [ 20.637376800200308, 69.51596588118424 ], [ 20.69497886647816, 69.51119124647855 ], [ 20.75082086961974, 69.51238159862125 ], [ 20.788848900412432, 69.49795188542481 ], [ 20.82095671883768, 69.49781962407562 ], [ 20.76850150385225, 69.52260540091349 ], [ 20.717139661421164, 69.52532998470677 ], [ 20.691645413568562, 69.52216893846116 ], [ 20.641296940821995, 69.5380667526336 ], [ 20.594281920985026, 69.56351383621741 ], [ 20.584334897502785, 69.57962326854853 ], [ 20.527479524676686, 69.6048190555689 ], [ 20.48326460528378, 69.61405089774223 ], [ 20.461183813210603, 69.63662791004866 ], [ 20.47097083095318, 69.66130787780718 ], [ 20.50894552649932, 69.68473136274841 ], [ 20.528572897231033, 69.7083929181182 ], [ 20.52454608611624, 69.73100960882937 ], [ 20.486864734426145, 69.74538641748613 ], [ 20.491664906615966, 69.75184077132651 ], [ 20.45929041195795, 69.76240845312665 ], [ 20.495958393963527, 69.76772535936402 ], [ 20.51625245527716, 69.76353267459476 ], [ 20.651350634797343, 69.79079173866245 ], [ 20.695565554190246, 69.79076528639261 ], [ 20.76508804807282, 69.81627850065102 ], [ 20.78266201181222, 69.82699166993527 ], [ 20.79071563404181, 69.8461298871628 ], [ 20.76170125991667, 69.85685628258197 ], [ 20.750314184777483, 69.8689714221676 ], [ 20.76972821452298, 69.88455180910198 ], [ 20.835170562044205, 69.89597918967185 ], [ 20.87069183624888, 69.91945557915275 ], [ 20.97813569043104, 69.93331656854768 ], [ 21.03315099725104, 69.95786427495702 ], [ 21.081339392512188, 69.95626391263184 ], [ 21.070725678448028, 69.94252195845118 ], [ 21.041497963336674, 69.93814410779305 ], [ 20.991576172562535, 69.91973332798605 ], [ 20.96808199645569, 69.91883395081157 ], [ 20.91453340891591, 69.87804455072192 ], [ 20.89215927298669, 69.86575747138234 ], [ 20.84498424741006, 69.8552691463917 ], [ 20.856904675014782, 69.84896028003543 ], [ 20.922693701638607, 69.85321909547929 ], [ 20.95450817620781, 69.83951681970339 ], [ 20.901812952612886, 69.83077434452206 ], [ 20.924187088542105, 69.80069811371665 ], [ 20.96360183574519, 69.78681067205189 ], [ 20.979975756437135, 69.77453681884722 ], [ 21.00200321326376, 69.78343800764759 ], [ 21.014296987594356, 69.77600491982321 ], [ 21.024990704528346, 69.79495797116188 ], [ 21.049711591305922, 69.79282856343995 ], [ 20.993229565205695, 69.8116229011596 ], [ 20.995069631211795, 69.82331480442784 ], [ 21.05480510735179, 69.83532413493413 ], [ 21.05480510735179, 69.85362910566178 ], [ 21.028644168917264, 69.86029507766087 ], [ 21.074725821939545, 69.8801342800391 ], [ 21.123127558186905, 69.87660290201578 ], [ 21.157928806563106, 69.88066332543585 ], [ 21.194756794308343, 69.87570352484128 ], [ 21.195690161123032, 69.86275513875576 ], [ 21.148195124067083, 69.84249270006012 ], [ 21.156382084413053, 69.83627641664827 ], [ 21.128621088581923, 69.82618487570522 ], [ 21.13296791117604, 69.80253654647036 ], [ 21.15267528477758, 69.81958503438072 ], [ 21.174969417836973, 69.82332803056275 ], [ 21.226011248788733, 69.84962158678137 ], [ 21.191743352878067, 69.88464439204641 ], [ 21.1869965159348, 69.89669340095746 ], [ 21.314307749458163, 69.89940475861582 ], [ 21.320387967565267, 69.91278960715367 ], [ 21.23161144967686, 69.92170402208896 ], [ 21.18974328113231, 69.93249654818271 ], [ 21.195343482020434, 69.9515289563309 ], [ 21.211904076075314, 69.9634853822975 ], [ 21.209770666213174, 69.97706862285915 ], [ 21.241051788316838, 70.00883779893415 ], [ 21.28996020940646, 70.01124495548939 ], [ 21.33388178494332, 70.02093971238487 ], [ 21.370469764079065, 70.02129681802768 ], [ 21.43625879070289, 70.01412825290168 ], [ 21.442365676433273, 70.00098147479238 ], [ 21.46833994150486, 69.99891819774504 ], [ 21.52442195325593, 69.98045451339836 ], [ 21.506341304674272, 69.97427790839127 ], [ 21.530528838986317, 69.95597293766362 ], [ 21.564876737766813, 69.95164799154517 ], [ 21.572583680893803, 69.91592420112943 ], [ 21.622532139291216, 69.90580620791653 ], [ 21.68989455568837, 69.88731607130002 ], [ 21.7614171213167, 69.88014750617401 ], [ 21.809925528057168, 69.85995119815297 ], [ 21.823206004449005, 69.8475318574642 ], [ 21.880728067857028, 69.8426117352744 ], [ 21.85907395775628, 69.8368451404498 ], [ 21.90307553616297, 69.80678213577932 ], [ 21.926729718009476, 69.7793114535529 ], [ 21.96515776315132, 69.76810891727666 ], [ 22.00961269115372, 69.76902152058607 ], [ 22.0164129350893, 69.75863900467479 ], [ 22.05558767368289, 69.74848133305714 ], [ 22.055907685162214, 69.73947433517742 ], [ 22.005665882908755, 69.73548004243193 ], [ 21.9585175249554, 69.73768880696338 ], [ 22.014092851864216, 69.72622174798876 ], [ 22.060814527845142, 69.72370878235418 ], [ 22.06876147958162, 69.73499067543995 ], [ 22.12321676631281, 69.73795332966176 ], [ 22.12996367500184, 69.74942038863638 ], [ 22.049614126068892, 69.76716986169744 ], [ 22.09065559829186, 69.77638847773585 ], [ 21.96166430450206, 69.82480935767366 ], [ 21.940356873503912, 69.81528654053211 ], [ 21.88883502533317, 69.83498025542623 ], [ 21.894515229091123, 69.84948932543219 ], [ 21.93907682758663, 69.83982102080653 ], [ 22.011772768639137, 69.84139493086187 ], [ 22.027213322516396, 69.84790218924192 ], [ 22.002919117711247, 69.86222609335901 ], [ 21.908302390325222, 69.87397090116693 ], [ 21.887128297443454, 69.88780543829202 ], [ 21.89104843806514, 69.90476134325795 ], [ 21.872807783743824, 69.91011792790006 ], [ 21.86256741640554, 69.93510209676172 ], [ 21.87139439971015, 69.94619882395861 ], [ 21.91400926170645, 69.94732304542671 ], [ 21.916036001075486, 69.95724264661582 ], [ 21.892915171694515, 69.96039046672651 ], [ 21.870194356662697, 69.97776960800984 ], [ 21.881981446151034, 69.98432977092958 ], [ 21.96326436189867, 69.993059019976 ], [ 21.991905389297933, 69.99184221556347 ], [ 22.011132745680495, 69.98216068480289 ], [ 22.003479137800056, 69.9487911464027 ], [ 21.97635816492757, 69.94712465340294 ], [ 22.0351336066296, 69.93425562412692 ], [ 22.04969412893872, 69.94256163685594 ], [ 22.032200168069153, 69.95720296821108 ], [ 22.04166717433241, 69.99106187360326 ], [ 22.007079266942423, 70.01297757916375 ], [ 22.060174504886497, 70.01977581251202 ], [ 22.075455053024093, 70.03182482142307 ], [ 21.977211528872427, 70.02291040648778 ], [ 21.965211098397873, 70.0172231684727 ], [ 21.907502361626918, 70.01158883499727 ], [ 21.837073168552934, 70.01468375056828 ], [ 21.77584430550944, 70.03544878239083 ], [ 21.81693911297896, 70.04454836321497 ], [ 21.861260702864975, 70.06109425799842 ], [ 21.922142886805872, 70.06108103186351 ], [ 21.9696645914851, 70.06600115405331 ], [ 22.002519103362093, 70.07470395082989 ], [ 22.028946718029385, 70.09569382694606 ], [ 22.059934496277005, 70.10314014090535 ], [ 22.07324164029212, 70.12360097162478 ], [ 22.059614484797684, 70.12826979725112 ], [ 22.034680257033894, 70.1057060110796 ], [ 21.990518672887543, 70.09597157577936 ], [ 21.944837034214412, 70.07708465511527 ], [ 21.89198180487983, 70.07744176075809 ], [ 21.84232669033846, 70.07265389991747 ], [ 21.80560537308633, 70.08819460844708 ], [ 21.800431854170633, 70.07578849389323 ], [ 21.819339199073873, 70.0675486118388 ], [ 21.72752257213191, 70.05190209422985 ], [ 21.59738457054121, 70.08192542049557 ], [ 21.601571387395666, 70.10065362754062 ], [ 21.578423890391417, 70.1113138922852 ], [ 21.55692978603033, 70.09118371493875 ], [ 21.476153555124956, 70.09472831909699 ], [ 21.45607283479754, 70.09964844128679 ], [ 21.447219183869645, 70.11673660760191 ], [ 21.40607104115357, 70.14579442601855 ], [ 21.447245851492923, 70.15062196526392 ], [ 21.48308713717692, 70.16678430213473 ], [ 21.46799326240226, 70.17428352063371 ], [ 21.374976592412843, 70.1579756962788 ], [ 21.32625484468616, 70.15667953505675 ], [ 21.276413056781852, 70.16439037171442 ], [ 21.250625465073202, 70.17727262712536 ], [ 21.25454560569489, 70.18936131444116 ], [ 21.22529122296026, 70.19584212055139 ], [ 21.214037485937457, 70.2098353712955 ], [ 21.188303229475363, 70.20180710739977 ], [ 21.19088334036607, 70.22124526515377 ], [ 21.25697627073345, 70.21884346782399 ], [ 21.330229602695248, 70.20281942459523 ], [ 21.40215457805177, 70.19332218128703 ], [ 21.439791348534598, 70.18247597515601 ], [ 21.462982240935048, 70.1902427308026 ], [ 21.526715683892366, 70.18299375886578 ], [ 21.53986087946541, 70.19253187983527 ], [ 21.568891006109887, 70.19525705725513 ], [ 21.628584031059493, 70.18947968112504 ], [ 21.608547985596573, 70.17822469838103 ], [ 21.66154387932791, 70.15392974168302 ], [ 21.721015511509965, 70.14068537942251 ], [ 21.724585469886645, 70.12218142474168 ], [ 21.788927742954716, 70.11771213377313 ], [ 21.829193552552155, 70.10080240788291 ], [ 21.87648858251918, 70.11136247038486 ], [ 21.86959773262931, 70.12997543216248 ], [ 21.912990715068332, 70.14211609756794 ], [ 21.91348884879531, 70.15831727732898 ], [ 21.96482429677005, 70.14929694006926 ], [ 22.006252418397104, 70.16301820837823 ], [ 22.08152595936276, 70.17158889136368 ], [ 22.11924575213342, 70.17047156862154 ], [ 22.12887633752167, 70.13881863288991 ], [ 22.10557474873745, 70.12667796748445 ], [ 22.119218078037477, 70.11940174377344 ], [ 22.170193762764953, 70.06444854110202 ], [ 22.20163153575649, 70.06517071311829 ], [ 22.21685228852528, 70.0386956144844 ], [ 22.186604501659303, 70.02564201464328 ], [ 22.20143781708489, 70.00649764326879 ], [ 22.247625883214184, 69.97609828915029 ], [ 22.243225701959204, 69.96089179914749 ], [ 22.28210780675948, 69.9456171797092 ], [ 22.402739190976135, 69.92444255115691 ], [ 22.43857714522265, 69.9266363189799 ], [ 22.497190880430466, 69.9187878080107 ], [ 22.526746814897862, 69.90104690300745 ], [ 22.448567493858164, 69.87335910042171 ], [ 22.47751459821481, 69.86308518154885 ], [ 22.531783500359534, 69.86079603251618 ], [ 22.546644489881064, 69.84602557090055 ], [ 22.488196799248907, 69.81918257331496 ], [ 22.45147327393221, 69.79070446927747 ], [ 22.536211355710456, 69.76955709249938 ], [ 22.555140437335645, 69.74786468023733 ], [ 22.538702024345348, 69.72618589386236 ], [ 22.5719386135732, 69.69623619401816 ], [ 22.75508578052567, 69.64545251279912 ], [ 22.83484252503413, 69.66722668038378 ], [ 22.894452527695904, 69.64738738876723 ], [ 22.84679773448162, 69.62145732561729 ], [ 22.777252731376215, 69.60675499343716 ], [ 22.770887689309266, 69.58013001004517 ], [ 22.744099164436197, 69.56034522197702 ], [ 22.74329661565384, 69.54990779245897 ], [ 22.70325219882395, 69.54218191447367 ], [ 22.722015235873478, 69.50847146979005 ], [ 22.63152094213903, 69.5189906546307 ], [ 22.510668165154833, 69.51341766680709 ], [ 22.38054456602964, 69.48654741744731 ], [ 22.279285048973268, 69.48229614067233 ], [ 22.273196747865754, 69.47042799300885 ], [ 22.30181176307108, 69.45271433977979 ], [ 22.287172166317095, 69.42916880687223 ], [ 22.325334744622847, 69.39612603065648 ], [ 22.327770065065852, 69.36794769613516 ], [ 22.365600554220283, 69.36279711081163 ], [ 22.399335277175112, 69.32816010580525 ], [ 22.433678830240694, 69.30744875741435 ], [ 22.482578957772425, 69.2667209808746 ], [ 22.50878632663069, 69.26122974837358 ], [ 22.52979096545162, 69.2383110062726 ], [ 22.52373033844005, 69.22472599683461 ], [ 22.53300116058104, 69.20267931150798 ], [ 22.51628600663131, 69.17767580868079 ], [ 22.52893306847738, 69.16148825480684 ], [ 22.494478819028025, 69.14307968133572 ], [ 22.50070549061526, 69.12599281891322 ], [ 22.478621562052542, 69.10992789802316 ], [ 22.41784924736115, 69.10289694027993 ], [ 22.352150943591862, 69.09004772874532 ], [ 22.318859006172126, 69.07959667334016 ], [ 22.21632648070236, 69.07862923535612 ], [ 21.98361500791552, 69.07289273688733 ], [ 21.84640684022886, 69.14415612641656 ], [ 21.7233401355692, 69.21449295562306 ], [ 21.627092302871546, 69.27658606528848 ], [ 21.441645650604798, 69.29456038264316 ], [ 21.27881113243268, 69.31189079660872 ], [ 21.09616209920719, 69.2609163529703 ], [ 21.003315507317566, 69.22234146659224 ], [ 20.987568946725855, 69.19192848658665 ], [ 21.046724817498923, 69.13952362912472 ], [ 21.05561954865032, 69.12208218931572 ], [ 21.10867079057354, 69.10393250769948 ], [ 21.057552595125134, 69.03629460582279 ], [ 20.881189721919977, 69.0788608754368 ], [ 20.71733139983996, 69.11979304028304 ], [ 20.552333749570646, 69.06007423666736 ], [ 20.060043947091685, 69.04576359567265 ], [ 20.237869135890826, 68.95607713780066 ], [ 20.306592289838786, 68.9261828862025 ], [ 20.33587166135812, 68.80230987086979 ], [ 20.202827878905133, 68.66592218995153 ], [ 20.052235810261138, 68.59107549244592 ], [ 19.93750305025495, 68.55794321163127 ], [ 20.02589411269771, 68.53081407041661 ], [ 20.226531308286315, 68.49080846589311 ], [ 19.9779664794353, 68.38816013052134 ], [ 19.921398341284494, 68.35600848271676 ], [ 19.70758666115838, 68.39391478273012 ], [ 19.449359671911857, 68.43825341935118 ], [ 18.983797483676838, 68.51696945849577 ], [ 18.6212244776057, 68.50695727436221 ], [ 18.48553961037343, 68.5564891496332 ], [ 18.405696746282743, 68.58188332867734 ], [ 18.1259256843913, 68.53651185507051 ], [ 18.023285833859937, 68.60845437510831 ], [ 17.95930332403913, 68.60735067825327 ], [ 17.745686977453136, 68.59748553599339 ], [ 17.54759579869131, 68.59700862994491 ], [ 17.33771545505766, 68.56245338026113 ], [ 17.195525950101207, 68.5574799314699 ], [ 17.138378941978385, 68.5612134245351 ], [ 16.8668683866791, 68.5727681767953 ], [ 16.788523021063742, 68.53834918598251 ], [ 16.76599630696593, 68.53576026743364 ], [ 16.71430109574393, 68.51078401638065 ], [ 16.628926509758987, 68.49897037226559 ], [ 16.56776675772439, 68.50162742024995 ], [ 16.553708316985215, 68.49034518573174 ], [ 16.557716089351345, 68.44735983622523 ] ] ], [ [ [ 16.472080717729778, 69.0447186940266 ], [ 16.512882181343254, 69.04941397192279 ], [ 16.49045471016748, 69.03823788791638 ], [ 16.472080717729778, 69.0447186940266 ] ] ], [ [ [ 16.495548226213344, 69.02420495876751 ], [ 16.513442201432067, 69.03580427909132 ], [ 16.556643751140456, 69.0344552133296 ], [ 16.556217069168028, 69.02206232491066 ], [ 16.495548226213344, 69.02420495876751 ] ] ], [ [ [ 16.511468797309586, 69.05506153153313 ], [ 16.550936879759224, 69.06126458881005 ], [ 16.539069787401054, 69.05041915817662 ], [ 16.511468797309586, 69.05506153153313 ] ] ], [ [ [ 16.631419766808555, 68.72931505461744 ], [ 16.652807200676534, 68.73935369102084 ], [ 16.66848776316328, 68.72961925572058 ], [ 16.64960708588332, 68.7196599761267 ], [ 16.631419766808555, 68.72931505461744 ] ] ], [ [ [ 16.648540380952248, 68.95816686711782 ], [ 16.677688093193773, 68.96194954170461 ], [ 16.685715047800084, 68.97108880093352 ], [ 16.72155633348408, 68.97134009749698 ], [ 16.719876273217643, 68.96414508010113 ], [ 16.76134442741304, 68.95918527950658 ], [ 16.67390129068847, 68.92875194305837 ], [ 16.6724879066548, 68.9429700380961 ], [ 16.651313813773033, 68.94504654127836 ], [ 16.648540380952248, 68.95816686711782 ] ] ], [ [ [ 16.675928030057506, 68.86129865497237 ], [ 16.68360830556122, 68.87436607627217 ], [ 16.730783331137847, 68.87317572412948 ], [ 16.675928030057506, 68.86129865497237 ] ] ], [ [ [ 16.67654138539287, 68.88510569782626 ], [ 16.68096821085682, 68.89633468637234 ], [ 16.718702897793463, 68.89887410427676 ], [ 16.694142016755546, 68.88219594814412 ], [ 16.67654138539287, 68.88510569782626 ] ] ], [ [ [ 16.78166515634995, 69.05753481876295 ], [ 16.81777311826671, 69.06745441995206 ], [ 16.785318620738867, 69.0685389630154 ], [ 16.78214517356893, 69.09636675088461 ], [ 16.814199656747622, 69.12251481961911 ], [ 16.85964128681126, 69.11893053705612 ], [ 16.909349736599186, 69.10616731685946 ], [ 16.9170300121029, 69.11665564185007 ], [ 16.900629423787677, 69.13082083234814 ], [ 16.94641773295391, 69.13888877464862 ], [ 16.97908557146797, 69.13694453281555 ], [ 16.996366191351328, 69.15013098932963 ], [ 17.02602058843511, 69.13720905551394 ], [ 17.084662692020753, 69.1415472277673 ], [ 17.05735504578533, 69.15319945263079 ], [ 17.075515697236817, 69.16716625110506 ], [ 17.17373255376521, 69.18585477974536 ], [ 17.211280567338918, 69.19622406952172 ], [ 17.201120202870463, 69.19987448275931 ], [ 17.12754423024982, 69.18619865925325 ], [ 17.076129052572185, 69.18109337117458 ], [ 17.0393544000735, 69.19082780647483 ], [ 16.985432465807847, 69.1907352235304 ], [ 16.925270307695424, 69.20068127698936 ], [ 16.89414919133142, 69.19773184890246 ], [ 16.898069331953106, 69.20782338984552 ], [ 16.94161756076409, 69.21050829523404 ], [ 16.8785486317145, 69.2243957368988 ], [ 16.909483074715567, 69.23610086630197 ], [ 16.998686274576407, 69.24042581242041 ], [ 16.999086288925557, 69.2440629995231 ], [ 17.090769577751136, 69.22663095370008 ], [ 17.130024319214563, 69.22983167835044 ], [ 17.141198053367532, 69.25149608734748 ], [ 17.115570467398545, 69.24279329057089 ], [ 17.10242332912309, 69.26060889430654 ], [ 17.122130702724633, 69.2732266270191 ], [ 17.173252536546226, 69.28830442082655 ], [ 17.094583047879716, 69.2777896435661 ], [ 17.081515912474092, 69.26650775048034 ], [ 17.051034819068732, 69.26060889430654 ], [ 17.01340680262519, 69.2711898022416 ], [ 17.0274073048455, 69.2769563970662 ], [ 17.069648820115926, 69.2764670300742 ], [ 17.01556688011061, 69.28544757568409 ], [ 16.967378484849462, 69.27607024602665 ], [ 16.95639142405943, 69.28887314462807 ], [ 17.0217804363341, 69.30343511917368 ], [ 16.990765990463203, 69.30571001437973 ], [ 16.920470135505603, 69.29790659477761 ], [ 16.89844267867898, 69.31130466945038 ], [ 16.907936352565514, 69.31766644034634 ], [ 16.96209829544066, 69.31872453113985 ], [ 16.996632867584093, 69.32929221293999 ], [ 17.03794101603983, 69.33127613317781 ], [ 17.077489101359298, 69.32532437246434 ], [ 17.102209988136877, 69.31299761471999 ], [ 17.101489962308403, 69.32892188116226 ], [ 17.15399851254039, 69.33783629609755 ], [ 17.125117476531635, 69.34394677043004 ], [ 17.08799614493035, 69.33578624518512 ], [ 17.058955103181937, 69.33873567327203 ], [ 17.022020444943593, 69.35565189983319 ], [ 17.04250117962016, 69.36389178188762 ], [ 17.178746066941244, 69.3500307924927 ], [ 17.18042612720768, 69.35447477382542 ], [ 17.096583119625475, 69.36245013318147 ], [ 17.038314362765707, 69.37113970382313 ], [ 16.98545913343112, 69.36022814251511 ], [ 16.93233722786377, 69.36444727955421 ], [ 16.88460218219833, 69.36381242507811 ], [ 16.869774983656438, 69.378004067846 ], [ 16.90902972511986, 69.37201262872779 ], [ 16.94193757224341, 69.39302895711378 ], [ 16.940524188209743, 69.40518377510419 ], [ 16.98705919082773, 69.39288346962968 ], [ 17.022633800278957, 69.40043559266833 ], [ 17.06364860487865, 69.40179788456497 ], [ 17.068982129534007, 69.39214280607423 ], [ 17.097863165542762, 69.38259353666284 ], [ 17.127917576975694, 69.39464254557389 ], [ 17.141518064846856, 69.41452142635687 ], [ 17.209013819360393, 69.4169285829121 ], [ 17.26845595164434, 69.41261686292856 ], [ 17.305790624231836, 69.39966847684303 ], [ 17.395340503195275, 69.36155075600699 ], [ 17.411474415277727, 69.3850932761625 ], [ 17.297203649536712, 69.40253854812042 ], [ 17.34437867511334, 69.40198305045384 ], [ 17.29397686712022, 69.42034092572116 ], [ 17.311364157496683, 69.42671592275202 ], [ 17.339311826690754, 69.41371463212683 ], [ 17.41776797437105, 69.4196663928403 ], [ 17.420461404322, 69.42590912852198 ], [ 17.458809446594017, 69.42811789305343 ], [ 17.494944076134058, 69.42354165037152 ], [ 17.489157201882996, 69.43219154260842 ], [ 17.449262437460927, 69.44162177680555 ], [ 17.3901403166563, 69.43446643781446 ], [ 17.2749361841006, 69.4472164318762 ], [ 17.210053856668186, 69.47905173862581 ], [ 17.199360139734196, 69.49997548406739 ], [ 17.21890750759608, 69.50516012895557 ], [ 17.29232347447706, 69.481300181562 ], [ 17.307710693107765, 69.46489977426268 ], [ 17.334324981137993, 69.45516533896242 ], [ 17.349738867391974, 69.46132871783459 ], [ 17.327871416305012, 69.47656522526107 ], [ 17.338458462745894, 69.48988394312433 ], [ 17.391607035936524, 69.47882689433219 ], [ 17.40382080739729, 69.48506963001387 ], [ 17.348378818604857, 69.51027864316914 ], [ 17.30800403696381, 69.53281597707083 ], [ 17.310510793551828, 69.54154522611725 ], [ 17.368646212295214, 69.53055430799971 ], [ 17.384433445275068, 69.5353289427054 ], [ 17.439502087341626, 69.51716945946185 ], [ 17.47875682880505, 69.51670654473969 ], [ 17.493877371202984, 69.49635152309963 ], [ 17.521585031787563, 69.50031936357527 ], [ 17.554706219897326, 69.48934167159265 ], [ 17.54939936286525, 69.47475324477719 ], [ 17.577453702552422, 69.46278359267566 ], [ 17.63500243358372, 69.4630216631042 ], [ 17.682710811625885, 69.46901310222242 ], [ 17.65025631409804, 69.47447549594389 ], [ 17.606974761519822, 69.49196044630658 ], [ 17.557852999443988, 69.52420576323867 ], [ 17.497690841331565, 69.54096327618082 ], [ 17.465449684789935, 69.57506025200153 ], [ 17.4854770698708, 69.58132943995307 ], [ 17.49129061174514, 69.60156542637885 ], [ 17.554119532185236, 69.57180662281151 ], [ 17.58468062846043, 69.56556388712983 ], [ 17.603027953274857, 69.54282816120437 ], [ 17.63158897780429, 69.52579289942892 ], [ 17.628255524894694, 69.51056961813737 ], [ 17.657323234266386, 69.48817777171979 ], [ 17.678523994771428, 69.48194826217303 ], [ 17.657349901889663, 69.51612459480327 ], [ 17.7042849188568, 69.51055639200244 ], [ 17.714445283325254, 69.51447132793842 ], [ 17.677590627956743, 69.52756520150805 ], [ 17.66228341219587, 69.57125112514493 ], [ 17.626175450279106, 69.59661885191922 ], [ 17.667190254878797, 69.59090516163428 ], [ 17.688177674397625, 69.59816630970472 ], [ 17.757460159670707, 69.54128070341886 ], [ 17.79018133343132, 69.53228693167407 ], [ 17.790448009664086, 69.55630559268666 ], [ 17.819302378049567, 69.57351279421604 ], [ 17.862077245785525, 69.56528613829653 ], [ 17.853330265350742, 69.58208332964344 ], [ 17.880051223874077, 69.57994069578659 ], [ 17.893571708875406, 69.56172830800337 ], [ 17.922266071521225, 69.54618759947375 ], [ 17.910052300060457, 69.53536862111015 ], [ 17.919412635830607, 69.51841271614423 ], [ 17.905038786884422, 69.50506754601113 ], [ 17.8695708479263, 69.50004161474197 ], [ 17.844903296395277, 69.48538705725193 ], [ 17.858477116643158, 69.46824598639714 ], [ 17.815088893571833, 69.4579560534303 ], [ 17.849090113249733, 69.44655512513026 ], [ 17.877144452936907, 69.44595994905892 ], [ 17.8957584539841, 69.46534946284991 ], [ 17.884691390324235, 69.48373379038708 ], [ 17.902718703659342, 69.4958357038378 ], [ 17.932853117962107, 69.50246199743212 ], [ 17.94416019023146, 69.51743398216023 ], [ 17.963227540874364, 69.5216266669295 ], [ 18.003495652022306, 69.51236837248632 ], [ 18.032670031887104, 69.49824286039302 ], [ 18.067737956496075, 69.48940780226725 ], [ 18.032910040496596, 69.47349676195991 ], [ 18.00890917954749, 69.47336450061071 ], [ 17.991735230157243, 69.44156887226586 ], [ 17.968107715934014, 69.43954527362328 ], [ 17.945813582874624, 69.42154450399877 ], [ 17.969361094228024, 69.40625509203261 ], [ 17.99861547696265, 69.40429762406463 ], [ 17.992881937958145, 69.41711374880097 ], [ 18.022136320692773, 69.44373795839256 ], [ 18.070031372097876, 69.43617260921899 ], [ 18.0801117336965, 69.42661011367268 ], [ 18.06296445192953, 69.40907225877032 ], [ 18.044270448012504, 69.40542184553273 ], [ 18.06179107650535, 69.37900925409984 ], [ 18.06272444332004, 69.36287336949887 ], [ 18.093578883451276, 69.36151107760223 ], [ 18.083258513243162, 69.35190890365118 ], [ 18.039683616808897, 69.35229246156382 ], [ 17.953760534611103, 69.339066326645 ], [ 17.932293097873295, 69.33950278909731 ], [ 17.90869225127334, 69.32357852265505 ], [ 17.875597730786854, 69.31773257102094 ], [ 17.89527843676512, 69.30093537967403 ], [ 17.911759027950172, 69.30326317941974 ], [ 17.923012764972974, 69.29079093419129 ], [ 17.899865267968725, 69.28322558501773 ], [ 17.89885189828421, 69.27060785230518 ], [ 17.921652716185857, 69.27636122099486 ], [ 17.946186929600497, 69.272591772543 ], [ 17.939520023781302, 69.2604369545526 ], [ 17.96314753800453, 69.25734203898159 ], [ 17.957574004739683, 69.2431503962137 ], [ 17.931599739668098, 69.23501632323863 ], [ 17.85634370678102, 69.23067815098524 ], [ 17.894478408066817, 69.2149787288366 ], [ 17.92370612317817, 69.2158252014714 ], [ 17.93407982863284, 69.19437241063308 ], [ 17.981334857079297, 69.20001997024342 ], [ 18.007042445918117, 69.19084103260975 ], [ 17.957894016219004, 69.17670229438153 ], [ 17.87354432379454, 69.16637268300994 ], [ 17.835782969234618, 69.15864862021733 ], [ 17.73025918392839, 69.1693750156365 ], [ 17.618815186254714, 69.14708897829829 ], [ 17.59820111346176, 69.16126739493127 ], [ 17.53753227050708, 69.15998445984414 ], [ 17.477690123873977, 69.1495490393932 ], [ 17.514944793591646, 69.16546007970054 ], [ 17.532438754461214, 69.17904332026217 ], [ 17.490863929772708, 69.17992947130172 ], [ 17.54326580951159, 69.19335399824433 ], [ 17.534385490960418, 69.20201711661616 ], [ 17.459076122826783, 69.20027126680688 ], [ 17.439822098820947, 69.18040561215881 ], [ 17.35557907688959, 69.1390871666724 ], [ 17.33096486060512, 69.1401452574659 ], [ 17.33021816715337, 69.12931305296739 ], [ 17.272909444731564, 69.11268780137443 ], [ 17.252562048171377, 69.09714709284482 ], [ 17.176479318962716, 69.08265124897379 ], [ 17.204933672999044, 69.0775327347602 ], [ 17.168479031979683, 69.05073658541467 ], [ 17.19218654907274, 69.03870080263854 ], [ 17.191359852751162, 69.05043238431153 ], [ 17.21832081988399, 69.05281308859692 ], [ 17.230534591344757, 69.03413778609155 ], [ 17.22434770274454, 69.0230013804899 ], [ 17.192213216696018, 69.02395366220405 ], [ 17.149811695685933, 69.0135182417531 ], [ 17.088449494526056, 69.0071167924524 ], [ 17.041807821414963, 69.0080426218967 ], [ 17.056128335114597, 69.02677082894176 ], [ 17.037594336937232, 69.04044665244783 ], [ 17.10925024068195, 69.042047014773 ], [ 17.10087660697304, 69.05363310896189 ], [ 17.07882248252314, 69.05404311914438 ], [ 17.048261386247944, 69.04191475342381 ], [ 17.041727818545134, 69.05213855571607 ], [ 17.084822697760416, 69.05725706992965 ], [ 17.105863452525796, 69.06708408817434 ], [ 17.131757714727552, 69.06697827909498 ], [ 17.165518925795958, 69.08390773179107 ], [ 17.138771299649346, 69.08332578185465 ], [ 17.020980407635797, 69.06766603811076 ], [ 17.00023299672646, 69.07840565966484 ], [ 16.963645017590714, 69.07558849292714 ], [ 16.927830399529995, 69.05958486967536 ], [ 16.898522681548812, 69.05565670760447 ], [ 16.81382631002175, 69.05250888749379 ], [ 16.78166515634995, 69.05753481876295 ] ] ], [ [ [ 16.82390667162037, 68.72832309449853 ], [ 16.859454613448325, 68.75448438936797 ], [ 16.860201306900073, 68.77002509789759 ], [ 16.91660333013047, 68.77527587346036 ], [ 16.92249687487464, 68.79294598971191 ], [ 16.950524546938535, 68.82384224088227 ], [ 16.978365545639498, 68.8422001161496 ], [ 17.03279416474741, 68.86698589298747 ], [ 17.04300786446242, 68.84693507245053 ], [ 17.077435766112746, 68.83496542034901 ], [ 17.08095589238528, 68.82044312420814 ], [ 17.11021027511991, 68.80201911826622 ], [ 17.150638392007515, 68.78982462187106 ], [ 17.17562595501786, 68.79117368763278 ], [ 17.183892918233663, 68.77394003383355 ], [ 17.170185759869398, 68.7632929952239 ], [ 17.11786388300035, 68.74875747294811 ], [ 17.068502112315024, 68.74457801431377 ], [ 16.98820589862863, 68.74271312929022 ], [ 16.892842477790854, 68.72636562653055 ], [ 16.82390667162037, 68.72832309449853 ] ] ], [ [ [ 17.098316515138468, 68.90870112252144 ], [ 17.11653050183651, 68.91241766643363 ], [ 17.11463710058386, 68.92594800245558 ], [ 17.161652120420825, 68.92024753830557 ], [ 17.191919872839975, 68.89214200160308 ], [ 17.234614737706103, 68.87180020609792 ], [ 17.271976077916875, 68.86141769018664 ], [ 17.307950701717257, 68.85938086540915 ], [ 17.234294726226782, 68.88353178777092 ], [ 17.189359781005404, 68.91381963673501 ], [ 17.23432139385006, 68.9306697326216 ], [ 17.26845595164434, 68.92635801263806 ], [ 17.3598192289906, 68.92412279583678 ], [ 17.388060242040712, 68.91597549672679 ], [ 17.427581659736905, 68.8897745234526 ], [ 17.47104988567806, 68.88309532531859 ], [ 17.483930347720747, 68.8751596443673 ], [ 17.45371593054815, 68.8549236579415 ], [ 17.37747319559983, 68.83352377164285 ], [ 17.327684742942076, 68.8145839464391 ], [ 17.256402185923235, 68.7965964029495 ], [ 17.21816081414433, 68.79552508602107 ], [ 17.184799617425075, 68.8088305777494 ], [ 17.171972490628942, 68.82503259302497 ], [ 17.184026256350048, 68.8331402137302 ], [ 17.146718251385828, 68.86631136010661 ], [ 17.134531147548337, 68.86734299863028 ], [ 17.126264184332534, 68.88981420185736 ], [ 17.098316515138468, 68.90870112252144 ] ] ], [ [ [ 17.342191930004645, 68.9986917445091 ], [ 17.358912529799188, 69.0065612947858 ], [ 17.352458964966207, 69.03237871014734 ], [ 17.37539312098424, 69.04366060323309 ], [ 17.400300681124754, 69.07365747722899 ], [ 17.440888803752017, 69.08499227485441 ], [ 17.582653889091397, 69.09503091125781 ], [ 17.586627364959636, 69.09036208563145 ], [ 17.54465252592198, 69.07941084591867 ], [ 17.55235946904897, 69.06409498168267 ], [ 17.528278605230035, 69.04489063378055 ], [ 17.474730017690256, 69.036346550623 ], [ 17.442088846799475, 69.01046300458685 ], [ 17.40664757546463, 68.9925019133671 ], [ 17.37504644188164, 68.98563754934423 ], [ 17.342191930004645, 68.9986917445091 ] ] ], [ [ [ 17.405287526677512, 69.14359727867972 ], [ 17.432141823317234, 69.14841159179016 ], [ 17.440355451286482, 69.1388755485137 ], [ 17.405287526677512, 69.14359727867972 ] ] ], [ [ [ 17.809355354567327, 69.59847051080786 ], [ 17.831009464668075, 69.60250448195809 ], [ 17.852796912885204, 69.59288908187212 ], [ 17.809355354567327, 69.59847051080786 ] ] ], [ [ [ 17.8859981038648, 69.6219733525586 ], [ 17.914319119784743, 69.62539892150258 ], [ 17.92303943259625, 69.60947465506031 ], [ 17.8859981038648, 69.6219733525586 ] ] ], [ [ [ 17.951680459995515, 69.6418522333416 ], [ 17.970427799159093, 69.64854465761051 ], [ 18.00528238278185, 69.64201094696062 ], [ 17.968267721673673, 69.63390332625538 ], [ 17.951680459995515, 69.6418522333416 ] ] ], [ [ [ 18.000722219201517, 69.63471012048544 ], [ 18.03760354219331, 69.63346686380306 ], [ 18.034243421660435, 69.62550473058192 ], [ 18.000722219201517, 69.63471012048544 ] ] ], [ [ [ 18.005975740987044, 69.56721715399468 ], [ 18.020056246077186, 69.59347103180855 ], [ 18.017176142763294, 69.60606231225125 ], [ 18.054964164946494, 69.60607553838618 ], [ 18.057764265390556, 69.62233045820142 ], [ 18.090858785877046, 69.613601209155 ], [ 18.15627446577499, 69.6314564912954 ], [ 18.20560956883704, 69.62057138225721 ], [ 18.230917143326707, 69.62800447008159 ], [ 18.26403833143647, 69.61795260754329 ], [ 18.286892484584673, 69.60169768772805 ], [ 18.280598925491354, 69.58353820448451 ], [ 18.30782656885695, 69.6083372074573 ], [ 18.39716310683417, 69.63121842086686 ], [ 18.39924318144976, 69.63780503605643 ], [ 18.31750691610642, 69.62131204581266 ], [ 18.287479172296763, 69.61975136189224 ], [ 18.265771726949463, 69.62722412812138 ], [ 18.216756635366735, 69.6607656062755 ], [ 18.214836566490806, 69.67454723886092 ], [ 18.184862157927704, 69.69484935596131 ], [ 18.185928862858773, 69.70935842596727 ], [ 18.255424689118072, 69.69754748748475 ], [ 18.275958759041192, 69.70027207127804 ], [ 18.34305449920558, 69.68690044887511 ], [ 18.381242535737933, 69.69746813067525 ], [ 18.511167196342416, 69.69725651251655 ], [ 18.60879736515872, 69.68996891217627 ], [ 18.614157557437352, 69.7001794883336 ], [ 18.53975488849513, 69.7094510089117 ], [ 18.463405483053698, 69.70704385235646 ], [ 18.445404837341872, 69.71135557234001 ], [ 18.32257376452901, 69.71392144251425 ], [ 18.32404048380923, 69.73505680611453 ], [ 18.30209302985244, 69.77513199491857 ], [ 18.340921089343436, 69.78605678236151 ], [ 18.39004285141927, 69.79337083497163 ], [ 18.40428336224907, 69.7871016470201 ], [ 18.396789760108295, 69.77415326093457 ], [ 18.426470824815354, 69.77383583369652 ], [ 18.45836530225439, 69.78167893170338 ], [ 18.482019484100896, 69.76927281714953 ], [ 18.47508590204893, 69.74125986339146 ], [ 18.495619971972054, 69.74225182351037 ], [ 18.496500003540188, 69.75698573780994 ], [ 18.54015490284428, 69.77995953416394 ], [ 18.532581297833673, 69.7930137293288 ], [ 18.589249997296836, 69.80442788376376 ], [ 18.637625065920922, 69.80444110989868 ], [ 18.652265591099876, 69.79846289691537 ], [ 18.635358317942394, 69.76863796267342 ], [ 18.639438464303744, 69.75902256258743 ], [ 18.612477497170914, 69.75885062283349 ], [ 18.643065261069385, 69.7396727272012 ], [ 18.654399000962016, 69.71656666949802 ], [ 18.64095851883052, 69.69709779889752 ], [ 18.6563724050845, 69.68515459906581 ], [ 18.716027878354662, 69.68246969367729 ], [ 18.738162005674393, 69.68969116334297 ], [ 18.70080066546362, 69.69166185744588 ], [ 18.680746612759478, 69.70576091726934 ], [ 18.703760771647342, 69.7162756945298 ], [ 18.703254086805085, 69.73554617310653 ], [ 18.72309479852301, 69.77355808486323 ], [ 18.76029613299412, 69.7776185082833 ], [ 18.736588615901063, 69.78789521511523 ], [ 18.777016732788663, 69.78608323463135 ], [ 18.778003434849907, 69.79960034451838 ], [ 18.724374844440295, 69.8018620135895 ], [ 18.731735108464687, 69.80817087994578 ], [ 18.6945071063703, 69.81498233942898 ], [ 18.6590124997889, 69.83008658550628 ], [ 18.679866581191344, 69.83421313960095 ], [ 18.653118955044732, 69.84515115317882 ], [ 18.642718581966786, 69.86279481716052 ], [ 18.704080783126663, 69.88099397880882 ], [ 18.730188386314634, 69.86612780316007 ], [ 18.754642596859444, 69.86368096820009 ], [ 18.734668547025134, 69.87825616888063 ], [ 18.759549439542372, 69.88502794995907 ], [ 18.808857874981143, 69.87752873146009 ], [ 18.824511769844616, 69.864183561327 ], [ 18.820378288236714, 69.85128807978114 ], [ 18.787283767750225, 69.8448601782106 ], [ 18.82355173540665, 69.8425456045998 ], [ 18.837765578613176, 69.84966126518613 ], [ 18.881980498006083, 69.83536381333889 ], [ 18.904514639674964, 69.83717579382277 ], [ 18.91440832791065, 69.82523259399106 ], [ 18.963290081376993, 69.83146210353783 ], [ 18.9963579342402, 69.8176672448175 ], [ 19.054466685360314, 69.77341259737912 ], [ 19.024678950160148, 69.74616675944634 ], [ 18.971290368360027, 69.72856277386938 ], [ 18.946436143466066, 69.73005732711522 ], [ 18.954009748476672, 69.7141595129428 ], [ 18.93147560680779, 69.70483508782502 ], [ 18.890994154673635, 69.6989891361909 ], [ 18.86120641947347, 69.68634495120851 ], [ 18.790697223529655, 69.68245646754238 ], [ 18.759949453891522, 69.67296010267066 ], [ 18.72938835761633, 69.64173319812733 ], [ 18.770083150736703, 69.62989580737498 ], [ 18.79563073383586, 69.63605918624715 ], [ 18.81352470905458, 69.62485664997091 ], [ 18.829791959253416, 69.5959046406336 ], [ 18.807524493817304, 69.60122154687097 ], [ 18.795550730966028, 69.58122363087371 ], [ 18.768776437196138, 69.56648971657414 ], [ 18.7334418363544, 69.55789272887691 ], [ 18.687146842345907, 69.55858048789268 ], [ 18.627864715801618, 69.57513960881106 ], [ 18.567062534730553, 69.55010253540972 ], [ 18.469512368784084, 69.54512950868025 ], [ 18.365961987600336, 69.52904652861896 ], [ 18.288892556330435, 69.52859684003172 ], [ 18.210969761115674, 69.51919305810443 ], [ 18.154541070262002, 69.52748584469853 ], [ 18.100299124517026, 69.55772078912297 ], [ 18.066804589681386, 69.55101513871912 ], [ 18.031763332695693, 69.55411005429012 ], [ 18.005975740987044, 69.56721715399468 ] ] ], [ [ [ 18.04995065177046, 69.74006951124876 ], [ 18.097072342100535, 69.74317765295469 ], [ 18.090512106774447, 69.73009700551998 ], [ 18.04995065177046, 69.74006951124876 ] ] ], [ [ [ 18.063177792915745, 69.64896789392792 ], [ 18.103125892584366, 69.65353091047491 ], [ 18.083338516112992, 69.6615988527754 ], [ 18.145154066868574, 69.6658179898145 ], [ 18.07224478482985, 69.67682213406695 ], [ 18.10856608773283, 69.68268131183599 ], [ 18.169074924947846, 69.67006357912344 ], [ 18.173155071309196, 69.6584378065298 ], [ 18.130006856847363, 69.64514554093638 ], [ 18.063177792915745, 69.64896789392792 ] ] ], [ [ [ 18.120299841974614, 69.77088640560962 ], [ 18.14691413000484, 69.76744761053072 ], [ 18.126806742054146, 69.75895643191285 ], [ 18.120299841974614, 69.77088640560962 ] ] ], [ [ [ 18.137713799974353, 69.70138306661121 ], [ 18.157261167836232, 69.70283794145229 ], [ 18.180702008696525, 69.68220517097892 ], [ 18.15803452891126, 69.67944090878089 ], [ 18.137713799974353, 69.70138306661121 ] ] ], [ [ [ 18.157767852678493, 69.74323055749437 ], [ 18.17411510574716, 69.75362629954056 ], [ 18.216703300120184, 69.7630697598726 ], [ 18.237717387262286, 69.75148366568371 ], [ 18.246917717292778, 69.72577205940152 ], [ 18.21235647752607, 69.72776920577427 ], [ 18.157767852678493, 69.74323055749437 ] ] ], [ [ [ 18.400309886380832, 69.83975489013193 ], [ 18.415430428778766, 69.84743927451977 ], [ 18.42585746947999, 69.82639649386392 ], [ 18.400309886380832, 69.83975489013193 ] ] ], [ [ [ 18.43292438964834, 69.83460992364851 ], [ 18.458391969877663, 69.84595794740886 ], [ 18.524474340357532, 69.85705467460575 ], [ 18.59213010061073, 69.85101033094784 ], [ 18.57428946063856, 69.84168590583008 ], [ 18.594156839979764, 69.83368409420419 ], [ 18.570635996249642, 69.82171444210266 ], [ 18.531194581423282, 69.82562937803863 ], [ 18.47452588196012, 69.82000827069812 ], [ 18.443298095103007, 69.82168798983282 ], [ 18.43292438964834, 69.83460992364851 ] ] ], [ [ [ 18.502740227386955, 69.97144751551865 ], [ 18.52804780187662, 69.97827220113676 ], [ 18.540288240960663, 69.96779710228105 ], [ 18.502740227386955, 69.97144751551865 ] ] ], [ [ [ 18.51362061768388, 70.03677139588271 ], [ 18.530821234697406, 70.05290728048367 ], [ 18.569702629434957, 70.04904524908737 ], [ 18.5539153964551, 70.02568789482073 ], [ 18.5187674689763, 70.02666662880473 ], [ 18.51362061768388, 70.03677139588271 ] ] ], [ [ [ 18.60447721018788, 69.84048232755246 ], [ 18.633758260545786, 69.83512574291035 ], [ 18.628558074006815, 69.82499452356252 ], [ 18.60447721018788, 69.84048232755246 ] ] ], [ [ [ 18.651118883298974, 70.0390859694935 ], [ 18.670452910174642, 70.07044513538602 ], [ 18.713707795129583, 70.07494202125844 ], [ 18.701440688422263, 70.08663392452667 ], [ 18.71810795297025, 70.09329989652575 ], [ 18.696560513362613, 70.10960772088066 ], [ 18.713094439794215, 70.11973894022847 ], [ 18.772536572078167, 70.1057721417542 ], [ 18.781176882019842, 70.10832478579354 ], [ 18.798404166656645, 70.08253382270183 ], [ 18.790777226399484, 70.06387174633137 ], [ 18.81344470618475, 70.05477216550723 ], [ 18.815231436944295, 70.06918865256874 ], [ 18.910114840563086, 70.11402524994355 ], [ 18.920381875524647, 70.0967122393348 ], [ 18.949902934492048, 70.09135565469269 ], [ 18.983237463588026, 70.07549751892502 ], [ 18.955529803003447, 70.06663600852941 ], [ 18.923288646461817, 70.04707455498448 ], [ 18.836698873682103, 70.0397869546442 ], [ 18.82283170957818, 70.04167829193759 ], [ 18.778483452068887, 70.0219316725038 ], [ 18.765656325272754, 70.02724857874115 ], [ 18.726188242823117, 70.00155019859389 ], [ 18.71016100123377, 69.98452816295335 ], [ 18.660692560055338, 70.00484350618868 ], [ 18.683440042710433, 70.02730148328084 ], [ 18.651118883298974, 70.0390859694935 ] ] ], [ [ [ 18.699147272820458, 69.5479069970132 ], [ 18.74157546145382, 69.55362068729814 ], [ 18.74157546145382, 69.54540725751355 ], [ 18.699147272820458, 69.5479069970132 ] ] ], [ [ [ 18.70253406097661, 69.93474499111892 ], [ 18.736721954017447, 69.96193792451201 ], [ 18.813311368068366, 69.95205800172765 ], [ 18.84667256478762, 69.93770764534074 ], [ 18.884273913607885, 69.96463605603545 ], [ 18.84443248443237, 69.96700353418592 ], [ 18.80699114135177, 69.98447525841368 ], [ 18.815204769321017, 70.01176077475121 ], [ 18.848805974649764, 70.01713058552826 ], [ 18.83864561018131, 70.02418011543999 ], [ 18.896034335472947, 70.03050220793119 ], [ 18.93022222851378, 70.02920604670913 ], [ 18.942569338090934, 70.01633701743313 ], [ 18.96465013016411, 70.02206393385298 ], [ 18.97526384422827, 70.03534297331147 ], [ 18.99926470517737, 70.0404218091203 ], [ 19.04073285937277, 70.02783052867758 ], [ 19.044092979905646, 70.01061010101327 ], [ 19.065560416643454, 70.00629838102974 ], [ 19.06494706130809, 70.01998743067072 ], [ 19.09073465301674, 70.01832093767095 ], [ 19.087587873470078, 70.031348680566 ], [ 19.02787906495336, 70.05073819435698 ], [ 19.040199506907232, 70.0624168714903 ], [ 19.022838884154048, 70.06667568693416 ], [ 19.04369296555649, 70.07812951977387 ], [ 19.047666441424735, 70.0604461773874 ], [ 19.074334064701517, 70.06272107259343 ], [ 19.09601484242554, 70.07971665596412 ], [ 19.13788301097009, 70.0827983454002 ], [ 19.147776699205775, 70.07492879512351 ], [ 19.18231127134921, 70.0903107900341 ], [ 19.22001929066258, 70.08851203568514 ], [ 19.224392780879974, 70.08074829448779 ], [ 19.200418587554143, 70.06848766741804 ], [ 19.221859356668677, 70.06235074081572 ], [ 19.236899896196782, 70.07270680445714 ], [ 19.30431564784049, 70.08373740097944 ], [ 19.30847579707167, 70.07502137806794 ], [ 19.278261379899075, 70.05548637679284 ], [ 19.270367763409144, 70.0350123199385 ], [ 19.305782367120713, 70.02346590415438 ], [ 19.34693050983679, 69.99313837678551 ], [ 19.404745917100854, 69.9883505159449 ], [ 19.377011588893, 70.01046461352917 ], [ 19.39485222886517, 70.01797705816307 ], [ 19.394052200166865, 70.03301517356576 ], [ 19.432666918671647, 70.04024986936636 ], [ 19.45360100294392, 70.05235178281708 ], [ 19.533443867034606, 70.04466739842924 ], [ 19.53259050308975, 70.02251362244021 ], [ 19.543737569619445, 70.0006508214194 ], [ 19.533150523178563, 69.98341716762017 ], [ 19.56027149605105, 69.9920009291825 ], [ 19.5606715104002, 70.00766067292638 ], [ 19.598219523973913, 70.0244049597336 ], [ 19.672648860539415, 69.99883884093552 ], [ 19.670728791663485, 69.97663216040682 ], [ 19.61547347623399, 69.95972915998057 ], [ 19.474295078606705, 69.95011375989458 ], [ 19.471148299060044, 69.94051158594353 ], [ 19.49328242637977, 69.92836999408804 ], [ 19.486215506211426, 69.91165215955066 ], [ 19.462694662481304, 69.89738115997324 ], [ 19.434000299835485, 69.89072841410908 ], [ 19.406959329832826, 69.86476551126343 ], [ 19.364957823171896, 69.84471469072649 ], [ 19.354717455833608, 69.8270842528797 ], [ 19.31194258809765, 69.81700593807156 ], [ 19.29970214901361, 69.80868669920761 ], [ 19.258527338674256, 69.8045998235177 ], [ 19.236659887587294, 69.79676995164576 ], [ 19.09790824367819, 69.78650647094875 ], [ 19.067080471170232, 69.79110916590051 ], [ 19.047799779541116, 69.80815765381087 ], [ 19.020678806668627, 69.81631817905578 ], [ 19.01403856847271, 69.83295665678365 ], [ 18.930275563760336, 69.85257101486827 ], [ 18.93182228591039, 69.86750332119162 ], [ 18.886754002572626, 69.87102147308002 ], [ 18.877126990569707, 69.88305725585616 ], [ 18.85283278576456, 69.88545118627647 ], [ 18.724294841570465, 69.91240604924103 ], [ 18.70253406097661, 69.93474499111892 ] ] ], [ [ [ 18.76512297280722, 69.6622998379261 ], [ 18.833925440861318, 69.66839708612368 ], [ 18.819631594784962, 69.65075342214196 ], [ 18.77613670122053, 69.65095181416575 ], [ 18.76512297280722, 69.6622998379261 ] ] ], [ [ [ 18.777523417630924, 70.16095157663553 ], [ 18.825018454686873, 70.17560613412559 ], [ 18.84469916066514, 70.19429466276588 ], [ 18.872966841338528, 70.18750965555253 ], [ 18.887074014051947, 70.19223138571854 ], [ 18.89896777403339, 70.1780000645459 ], [ 18.883367214416474, 70.14173400259848 ], [ 18.844832498781525, 70.14801641668492 ], [ 18.795097381370322, 70.1487703063753 ], [ 18.777523417630924, 70.16095157663553 ] ] ], [ [ [ 18.793603994466825, 70.13061082313175 ], [ 18.84765926684886, 70.1312059992031 ], [ 18.855286207106023, 70.10874802211094 ], [ 18.844165808199605, 70.09017852868492 ], [ 18.821524996037613, 70.07935955032131 ], [ 18.818031537388357, 70.0977571039934 ], [ 18.793603994466825, 70.13061082313175 ] ] ], [ [ [ 18.893207567405607, 69.67823733050328 ], [ 18.928088818651638, 69.69688618073882 ], [ 18.9678769125806, 69.69812943742119 ], [ 18.989344349318408, 69.71147460755428 ], [ 19.01534528201327, 69.7138156334349 ], [ 19.02107882101778, 69.69767974883393 ], [ 19.008198358975093, 69.6845858752643 ], [ 18.976463887275724, 69.67342301739282 ], [ 18.961583353487278, 69.64730140092814 ], [ 18.914434995533927, 69.62703896223252 ], [ 18.896194341212606, 69.64609782265053 ], [ 18.915448365218445, 69.67019584047263 ], [ 18.893207567405607, 69.67823733050328 ] ] ], [ [ [ 18.947822859876457, 70.18635898181459 ], [ 18.985237535333784, 70.19235042093281 ], [ 18.994597871103934, 70.181729834593 ], [ 18.985637549682938, 70.16443005011918 ], [ 18.96446345680117, 70.16068705393715 ], [ 18.947822859876457, 70.18635898181459 ] ] ], [ [ [ 18.951102977539502, 70.12793914387815 ], [ 18.99723796580834, 70.12746300302108 ], [ 19.023238898503198, 70.10263754777844 ], [ 18.977743933193008, 70.09160695125614 ], [ 18.951102977539502, 70.12793914387815 ] ] ], [ [ [ 18.97790393893267, 70.15296299114456 ], [ 19.04702641846609, 70.17043471537232 ], [ 19.07238732820231, 70.17014374040411 ], [ 19.079720924603425, 70.15624307260443 ], [ 19.107561923304388, 70.15030453802588 ], [ 19.094201444042717, 70.1921255766392 ], [ 19.16207054528213, 70.20220389144734 ], [ 19.094734796508256, 70.21255995508878 ], [ 19.12022904436086, 70.22143469161931 ], [ 19.082547692670765, 70.23839059658523 ], [ 19.099721642061013, 70.24394557325114 ], [ 19.15239019803266, 70.23649925929185 ], [ 19.15692369398971, 70.25303192794037 ], [ 19.173537623291146, 70.2590233670586 ], [ 19.19423169895393, 70.25201351555162 ], [ 19.20129861912228, 70.26100728729642 ], [ 19.216765840622813, 70.24493753337005 ], [ 19.246900254925578, 70.23198914728452 ], [ 19.22937962643273, 70.21865720328636 ], [ 19.202231985936965, 70.21716265004052 ], [ 19.24530019752897, 70.2054178422326 ], [ 19.24596688811089, 70.18815773616355 ], [ 19.25940737024239, 70.1829201867357 ], [ 19.220125961155688, 70.14771221558179 ], [ 19.22559282392743, 70.131060511719 ], [ 19.20020524656793, 70.12883852105263 ], [ 19.196098432583305, 70.1170804871098 ], [ 19.114442170109797, 70.10954159020606 ], [ 19.053293309936134, 70.13637741795635 ], [ 18.97790393893267, 70.15296299114456 ] ] ], [ [ [ 19.3302632452888, 70.12678847014021 ], [ 19.36002431286569, 70.15530401702519 ], [ 19.407786026154408, 70.16698269415852 ], [ 19.433440279746673, 70.16122932546882 ], [ 19.465574765795196, 70.14457762160603 ], [ 19.578325477009432, 70.11632659741943 ], [ 19.56640504940471, 70.09822001871555 ], [ 19.499789326459307, 70.09359087149397 ], [ 19.427520067379227, 70.10040233097716 ], [ 19.397598994062676, 70.11000450492823 ], [ 19.354504114847394, 70.11225294786442 ], [ 19.3302632452888, 70.12678847014021 ] ] ], [ [ [ 19.3403702745107, 70.06096199664924 ], [ 19.35711754192852, 70.0627607509982 ], [ 19.35455745009395, 70.08318190331286 ], [ 19.379118331131867, 70.07838081633733 ], [ 19.39319883622201, 70.06268139418869 ], [ 19.366691218684885, 70.05354213495977 ], [ 19.3403702745107, 70.06096199664924 ] ] ], [ [ [ 19.40602596301814, 69.8405087798223 ], [ 19.411546161036433, 69.85343071363799 ], [ 19.437280417498528, 69.86075799238301 ], [ 19.454881048861207, 69.8776080882696 ], [ 19.520536737368644, 69.91929686553372 ], [ 19.590752589456415, 69.93561791602356 ], [ 19.624007115682563, 69.93846153503111 ], [ 19.704543337978446, 69.96990005773314 ], [ 19.719130527910846, 69.97070685196319 ], [ 19.741051314244363, 69.9924241654999 ], [ 19.773932493744635, 70.0071184013947 ], [ 19.83721476378044, 69.99932820792752 ], [ 19.88238971761131, 69.97406629023257 ], [ 19.784519540185517, 69.92493119900915 ], [ 19.76345211779686, 69.88713090541115 ], [ 19.720810588177283, 69.85410524651886 ], [ 19.65192811725335, 69.85742500638348 ], [ 19.592565987839237, 69.84995224015434 ], [ 19.55283122915683, 69.84909254138462 ], [ 19.437627096601126, 69.83429249641046 ], [ 19.40602596301814, 69.8405087798223 ] ] ], [ [ [ 19.493202423509942, 70.24324458810044 ], [ 19.522803485347172, 70.25468519480522 ], [ 19.553257911129258, 70.24344298012423 ], [ 19.556031343950043, 70.25566392878922 ], [ 19.583045646329424, 70.28461593812652 ], [ 19.63064735387848, 70.28633533566597 ], [ 19.662701837057174, 70.26482964028796 ], [ 19.664115221090842, 70.23474018334764 ], [ 19.67667567165421, 70.22292924486513 ], [ 19.68958280132017, 70.23561310825228 ], [ 19.73046426780348, 70.22757161822165 ], [ 19.752598395123208, 70.19955866446358 ], [ 19.74894493073429, 70.1785687883474 ], [ 19.762332077619234, 70.1588882995882 ], [ 19.802040168678364, 70.16083254142126 ], [ 19.824014290258432, 70.18128014600576 ], [ 19.832547929707005, 70.2110257234382 ], [ 19.863215696475304, 70.19839476459072 ], [ 19.911297421243344, 70.19138491308374 ], [ 19.91911103486344, 70.17282864579263 ], [ 19.896470222701453, 70.17650551130006 ], [ 19.891803388628013, 70.16167901405606 ], [ 19.91279080814684, 70.15793601787404 ], [ 19.9585524496898, 70.12805817909242 ], [ 20.01535448726935, 70.11786082907001 ], [ 20.053035838959442, 70.11991087998243 ], [ 20.075783321614537, 70.1069624938969 ], [ 20.11845151885739, 70.10824542898402 ], [ 20.124958418936927, 70.09869615957264 ], [ 20.07063647032212, 70.09019175481983 ], [ 19.99820720550238, 70.08311577263827 ], [ 20.007434203156144, 70.07084191943359 ], [ 19.964659335420183, 70.05182273742032 ], [ 19.882896402453568, 70.04671744934166 ], [ 19.856895469758705, 70.05395214514226 ], [ 19.795266592366062, 70.05262953165038 ], [ 19.722597318936828, 70.06116038867302 ], [ 19.70715676505957, 70.07203227157629 ], [ 19.70219658713009, 70.09074725248642 ], [ 19.684009268055323, 70.09762484264421 ], [ 19.71694378280215, 70.10315336704028 ], [ 19.698809798973937, 70.13166891392525 ], [ 19.651501435280924, 70.14970936195454 ], [ 19.66896872852722, 70.16231386853217 ], [ 19.58707245744422, 70.20699175228795 ], [ 19.52107008983418, 70.2158797149534 ], [ 19.503389455601674, 70.23200237341945 ], [ 19.513469817200296, 70.24624692072702 ], [ 19.493202423509942, 70.24324458810044 ] ] ], [ [ [ 19.709610186401033, 70.24618079005242 ], [ 19.732811018651837, 70.26080889527265 ], [ 19.764012137885672, 70.26277958937554 ], [ 19.77859932781807, 70.24317845742584 ], [ 19.765638862905554, 70.22968779980864 ], [ 19.737371182232167, 70.22476767761884 ], [ 19.709610186401033, 70.24618079005242 ] ] ], [ [ [ 19.8508152516516, 70.01717026393301 ], [ 19.88470980083639, 70.02283104967827 ], [ 19.944365274106552, 70.00744905476768 ], [ 19.974099674060167, 70.00867908531512 ], [ 19.96527269075555, 69.99484454819004 ], [ 19.911857441332156, 69.9955190810709 ], [ 19.859562232086382, 70.00889070347384 ], [ 19.8508152516516, 70.01717026393301 ] ] ], [ [ [ 19.941271829806446, 70.16329260251617 ], [ 19.95351226889049, 70.17331801278463 ], [ 19.99082027385471, 70.18180919140251 ], [ 19.993593706675494, 70.17376770137187 ], [ 20.036421909658007, 70.16933694617407 ], [ 20.060956123072646, 70.16013155627056 ], [ 20.03948868633484, 70.14379727964582 ], [ 20.018714607802224, 70.1526455639065 ], [ 19.971859593704917, 70.15572725334259 ], [ 19.941271829806446, 70.16329260251617 ] ] ], [ [ [ 19.961245879640757, 70.14858514048643 ], [ 19.99495375546261, 70.14943161312124 ], [ 20.006527503964733, 70.13076953675078 ], [ 19.98575342543212, 70.12797882228291 ], [ 19.961245879640757, 70.14858514048643 ] ] ], [ [ [ 20.165146527215036, 70.29523652446633 ], [ 20.166319902639216, 70.30792038785349 ], [ 20.193867557484133, 70.31098885115465 ], [ 20.21816176228928, 70.29841079684685 ], [ 20.241682606019403, 70.27525183460399 ], [ 20.28931098119174, 70.26509416298634 ], [ 20.28664421886406, 70.2520002894167 ], [ 20.246029428613518, 70.23669765131562 ], [ 20.217388401214254, 70.214967111644 ], [ 20.199414423125702, 70.23374822322873 ], [ 20.200667801419712, 70.25869271368563 ], [ 20.183893866378614, 70.28633533566597 ], [ 20.165146527215036, 70.29523652446633 ] ] ], [ [ [ 20.33189917556476, 69.67268235383737 ], [ 20.33952611582192, 69.67920283835235 ], [ 20.37790082571721, 69.67713956130501 ], [ 20.37542073675247, 69.66587089435417 ], [ 20.34837976674981, 69.65556773525242 ], [ 20.33189917556476, 69.67268235383737 ] ] ], [ [ [ 20.36488702555814, 70.08406805435241 ], [ 20.385661104090754, 70.13657580998014 ], [ 20.37456737280761, 70.14035848456692 ], [ 20.413395432298607, 70.1714002232214 ], [ 20.40899527445794, 70.17712713964124 ], [ 20.479264461792262, 70.19344819013108 ], [ 20.509772222820903, 70.19125265173456 ], [ 20.519479237693652, 70.21277157324748 ], [ 20.5389466026857, 70.22447670265063 ], [ 20.610975853156294, 70.23266368016539 ], [ 20.644177044135887, 70.22966134753881 ], [ 20.712472827347728, 70.23737218419649 ], [ 20.747380746217036, 70.23024329747524 ], [ 20.76186126565633, 70.2189746305244 ], [ 20.79466244228677, 70.21557551385027 ], [ 20.810049660917475, 70.2018203335347 ], [ 20.809036291232957, 70.18592251936226 ], [ 20.784502077818317, 70.1531349308985 ], [ 20.757407772569106, 70.12762171664009 ], [ 20.748874133120538, 70.09708257111254 ], [ 20.793062384890167, 70.07035255244159 ], [ 20.793729075472086, 70.0514524056426 ], [ 20.726419994321486, 70.04282896567553 ], [ 20.650417267982654, 70.04901879681753 ], [ 20.639376871946066, 70.06146458977615 ], [ 20.61662938929097, 70.03727398900962 ], [ 20.558787314403627, 70.03148094191518 ], [ 20.535506479282997, 70.04087149770754 ], [ 20.571747779316144, 70.07775918799614 ], [ 20.53523980305023, 70.09774387785848 ], [ 20.548520279442066, 70.07963729915461 ], [ 20.520439272131615, 70.06281365553787 ], [ 20.49038486069868, 70.06713860165632 ], [ 20.49750511611358, 70.04793425375419 ], [ 20.44795667206532, 70.04573871535767 ], [ 20.394914769367798, 70.05893839800666 ], [ 20.36488702555814, 70.08406805435241 ] ] ], [ [ [ 20.51606578191422, 69.84224140349667 ], [ 20.548146932716193, 69.86319160120809 ], [ 20.56044070704679, 69.88217110481659 ], [ 20.549613651996417, 69.8919452185216 ], [ 20.581934811407876, 69.90679816803544 ], [ 20.63206994316823, 69.90059511075852 ], [ 20.674711472787802, 69.90292291050423 ], [ 20.726179985711994, 69.91297477304254 ], [ 20.73954046497366, 69.90533006705945 ], [ 20.696392250511828, 69.88755414172856 ], [ 20.68660523276925, 69.85881375054996 ], [ 20.72730002588962, 69.84158009675073 ], [ 20.735566989105422, 69.83177953077588 ], [ 20.69439217876607, 69.81208581588176 ], [ 20.583774877413973, 69.78921782860711 ], [ 20.558493970547584, 69.7880142503295 ], [ 20.53830657972706, 69.79809256513764 ], [ 20.51606578191422, 69.84224140349667 ] ] ], [ [ [ 20.60916245477347, 69.9544783844178 ], [ 20.628603152142247, 69.96578672977338 ], [ 20.615936031085774, 69.98640627411183 ], [ 20.645857104402324, 69.98853568183377 ], [ 20.68428514954417, 69.963406025488 ], [ 20.658070875863093, 69.93724473061857 ], [ 20.628469814025863, 69.94187387784015 ], [ 20.60916245477347, 69.9544783844178 ] ] ], [ [ [ 20.711566128156317, 70.0128717700844 ], [ 20.720366443837655, 70.02190522023395 ], [ 20.79135565700045, 70.03932403992204 ], [ 20.83794399486499, 70.03396745527992 ], [ 20.86786506818154, 70.0213100441626 ], [ 20.89853283494984, 69.99780720241186 ], [ 20.940374335871113, 69.97877479426367 ], [ 20.96848201080484, 69.98640627411183 ], [ 20.959175010281246, 69.99337644721405 ], [ 20.983789226565715, 70.00221150533983 ], [ 21.000003141518, 69.99754267971348 ], [ 21.06712554930566, 70.00051856007022 ], [ 21.071819051002375, 69.99508261861858 ], [ 21.038511189529675, 69.98299393130277 ], [ 20.994322937760046, 69.98119517695382 ], [ 20.96626859807287, 69.96999264067757 ], [ 20.964561870183154, 69.95840654648869 ], [ 20.935360822695078, 69.94215162667345 ], [ 20.856077978693204, 69.92469312858061 ], [ 20.82957036115608, 69.92244468564441 ], [ 20.789728931980566, 69.93179556303201 ], [ 20.74908747410675, 69.95860493851247 ], [ 20.750447522893868, 69.97665861267666 ], [ 20.71335285891586, 70.00483028005375 ], [ 20.711566128156317, 70.0128717700844 ] ] ], [ [ [ 20.76847483622897, 70.11208100811048 ], [ 20.819623337673843, 70.14965645741486 ], [ 20.843437525260008, 70.15642823849329 ], [ 20.89125257379528, 70.11858826649055 ], [ 20.927653879568087, 70.09569382694606 ], [ 20.879198808074175, 70.0698631854496 ], [ 20.827543621787047, 70.06731054141027 ], [ 20.786342143824417, 70.08752007556623 ], [ 20.76847483622897, 70.11208100811048 ] ] ], [ [ [ 20.913840050710714, 70.01486891645713 ], [ 20.946081207252345, 70.0305815647407 ], [ 20.97141544936529, 70.0593219559193 ], [ 20.997203041073938, 70.06233751468079 ], [ 21.01773711099706, 70.04285541794536 ], [ 20.967895323092755, 70.02759245824905 ], [ 21.007230067426008, 70.03038317271691 ], [ 20.982962530244137, 70.01369179044936 ], [ 20.929840624676785, 70.00418219944274 ], [ 20.913840050710714, 70.01486891645713 ] ] ], [ [ [ 21.19422344184281, 70.04145344764397 ], [ 21.235104908326118, 70.053343742936 ], [ 21.26987948907904, 70.05182273742032 ], [ 21.278706472383657, 70.03737979808898 ], [ 21.22553123156975, 70.02585983457467 ], [ 21.19422344184281, 70.04145344764397 ] ] ], [ [ [ 21.29161360204962, 70.11016321854726 ], [ 21.296280436123055, 70.11760953250655 ], [ 21.333108423868293, 70.12009604587129 ], [ 21.364576219334896, 70.10794122788089 ], [ 21.359776047145075, 70.0955086610572 ], [ 21.298173837375707, 70.101896884223 ], [ 21.29161360204962, 70.11016321854726 ] ] ], [ [ [ 21.548716158061083, 70.01763317865517 ], [ 21.57103695874375, 70.01695864577431 ], [ 21.5601832360701, 70.02887539333616 ], [ 21.627678990583636, 70.04465417229433 ], [ 21.663733617253847, 70.03652009931925 ], [ 21.678320807186246, 70.02648146291587 ], [ 21.73392280171834, 70.01283209167964 ], [ 21.70781519853037, 69.99495035726939 ], [ 21.684561031033013, 69.99094283838899 ], [ 21.662746915192606, 70.00112696227649 ], [ 21.548716158061083, 70.01763317865517 ] ] ], [ [ [ 21.62333216798952, 69.92766900893734 ], [ 21.6473596965619, 69.93075069837343 ], [ 21.674213993201622, 69.94441329574457 ], [ 21.7188022593204, 69.94334197881615 ], [ 21.736936243148616, 69.92555282735033 ], [ 21.732696091047607, 69.91505127622479 ], [ 21.62333216798952, 69.92766900893734 ] ] ], [ [ [ 21.780191128103557, 69.92502378195358 ], [ 21.81024553953649, 69.921532082335 ], [ 21.84523346127563, 69.89452431483078 ], [ 21.833233030801075, 69.88326887401486 ], [ 21.780191128103557, 69.92502378195358 ] ] ] ] } },
{ "type": "Feature", "properties": { "ISO": "NO-31", "NAME_1": "Østfold" }, "geometry": { "type": "MultiPolygon", "coordinates": [ [ [ [ 10.586776269153313, 59.42179293727399 ], [ 10.588029647447321, 59.43659298224815 ], [ 10.610830465348972, 59.441380843088766 ], [ 10.618350735113024, 59.45965936154658 ], [ 10.634671320558414, 59.46570370520448 ], [ 10.625657663890863, 59.48243476587679 ], [ 10.638991475529254, 59.48299026354338 ], [ 10.665259084456885, 59.50423143622301 ], [ 10.675259443185679, 59.486455510892114 ], [ 10.65925886921961, 59.474512311060415 ], [ 10.652005275688325, 59.43101155331241 ], [ 10.632057893477292, 59.41901544894104 ], [ 10.586776269153313, 59.42179293727399 ] ] ], [ [ [ 11.718445855703722, 59.6238768335898 ], [ 11.697956094589642, 59.608787586113586 ], [ 11.691120592891657, 59.5895478335294 ], [ 11.728630562618598, 59.51117515705539 ], [ 11.74688389621732, 59.49125068399518 ], [ 11.75993835234554, 59.45817803443567 ], [ 11.760942336956493, 59.42859885511269 ], [ 11.774098860305513, 59.41429371877502 ], [ 11.779859066933298, 59.386465930905814 ], [ 11.816234458127598, 59.344745980976995 ], [ 11.829748608828453, 59.242454788560536 ], [ 11.800233131116759, 59.225014501951755 ], [ 11.782860220943551, 59.206019989345926 ], [ 11.776356808396887, 59.177637266518126 ], [ 11.77801698459291, 59.13604012306626 ], [ 11.763618484357735, 59.11453659697483 ], [ 11.777629816810276, 59.101359550536344 ], [ 11.775687322816179, 59.086902764409906 ], [ 11.735426820496812, 59.05022159625274 ], [ 11.710520134147881, 59.03367976931421 ], [ 11.697829457733913, 58.99998504244291 ], [ 11.684340439385561, 58.98731087551536 ], [ 11.689210254967474, 58.95736258490996 ], [ 11.658188418719185, 58.930913328811435 ], [ 11.651990693225333, 58.90624090550868 ], [ 11.63079106373536, 58.908675881065406 ], [ 11.57264778815858, 58.887910029126104 ], [ 11.553580336053676, 58.89897424945072 ], [ 11.529156740508263, 58.87708779677721 ], [ 11.500115698759846, 58.889388102251715 ], [ 11.457440526746804, 58.88844143872297 ], [ 11.456250540621244, 58.916633399131385 ], [ 11.463667198334036, 58.93325698139251 ], [ 11.462327676576646, 58.973056631748186 ], [ 11.472594711538207, 58.980278101413866 ], [ 11.466567828677654, 58.99958825839535 ], [ 11.4459537558847, 59.024810497685536 ], [ 11.411979203830079, 59.054979311435375 ], [ 11.407152364016982, 59.07309911627416 ], [ 11.37483120460552, 59.099233958873754 ], [ 11.386511623600752, 59.117353763712536 ], [ 11.320535923613992, 59.117948939783886 ], [ 11.289441474873263, 59.1012311052465 ], [ 11.225119167529662, 59.08826949302605 ], [ 11.203731733661684, 59.09149666994624 ], [ 11.204985111955692, 59.10711673528537 ], [ 11.174717359536544, 59.12711465128263 ], [ 11.178264153432355, 59.144784767534176 ], [ 11.21650552521126, 59.147469672922696 ], [ 11.176210746440042, 59.153117232533035 ], [ 11.188451185524087, 59.17949014556117 ], [ 11.153969948627207, 59.19179045103567 ], [ 11.166317058204356, 59.160510641952655 ], [ 11.134182572155833, 59.15438694148524 ], [ 11.120235405182076, 59.14461282778023 ], [ 11.11911536500445, 59.16064290330184 ], [ 11.098581295081328, 59.1838679962193 ], [ 11.084500789991186, 59.18501866995723 ], [ 11.076127156282277, 59.207714717477934 ], [ 11.061806642582646, 59.21289936236611 ], [ 11.07700718785041, 59.188378108226615 ], [ 11.107461613632497, 59.1595583602385 ], [ 11.106608249687639, 59.13310609040086 ], [ 11.06788686068975, 59.12368908233866 ], [ 11.07122031359935, 59.141187258836254 ], [ 11.034792340203264, 59.12846371704435 ], [ 11.045086042788103, 59.16152905434141 ], [ 11.02545867205639, 59.14982392493825 ], [ 11.007564696837669, 59.17955627623576 ], [ 10.99204414009058, 59.18873521386942 ], [ 10.957722908933363, 59.17816753206928 ], [ 10.943615736219943, 59.20472561098628 ], [ 10.916388092854348, 59.222885094229824 ], [ 10.897427412704555, 59.199051599106106 ], [ 10.860866101192087, 59.17183221344317 ], [ 10.824998147884813, 59.153223041612385 ], [ 10.805904129618638, 59.206788888033614 ], [ 10.76211589219816, 59.234272796394926 ], [ 10.729634727047038, 59.228030060713245 ], [ 10.748995421545983, 59.27018175269953 ], [ 10.740941799316396, 59.28764025079238 ], [ 10.78889018596805, 59.31452898308234 ], [ 10.762089224574883, 59.30832592580541 ], [ 10.750728817058974, 59.31853650196275 ], [ 10.75456895481083, 59.343679384443426 ], [ 10.728834698348734, 59.34340163561013 ], [ 10.689366615899097, 59.30523101023441 ], [ 10.659125531103225, 59.33714567379353 ], [ 10.662832330738699, 59.38026287362889 ], [ 10.653551997838377, 59.36972164409859 ], [ 10.647418444484718, 59.39508937087289 ], [ 10.656325430659162, 59.41785154906818 ], [ 10.653045312996118, 59.43492648924838 ], [ 10.668272525887161, 59.44328540651708 ], [ 10.689046604419776, 59.482514122686304 ], [ 10.685305405044645, 59.48859637800655 ], [ 10.708302749562867, 59.490446756656326 ], [ 10.725903474582777, 59.4718882984271 ], [ 10.752996414511225, 59.48475113584883 ], [ 10.747378573034744, 59.492231747866335 ], [ 10.779342153849203, 59.49570634907665 ], [ 10.772285259383676, 59.51024517061158 ], [ 10.786565092890395, 59.534158602470825 ], [ 10.771344340121605, 59.5515997379579 ], [ 10.805466500419637, 59.56436719416993 ], [ 10.846756251566976, 59.56958590892896 ], [ 10.837153340274666, 59.58278939352816 ], [ 10.870805040941665, 59.595556849740184 ], [ 10.867843912675738, 59.60742499740366 ], [ 10.891726657474766, 59.60818804708122 ], [ 10.879992840794827, 59.61869360603477 ], [ 10.906753691571955, 59.62028783482538 ], [ 10.935894514600204, 59.63197884595657 ], [ 10.951641075191915, 59.64943360733074 ], [ 10.96085654914102, 59.63552157660238 ], [ 10.984545575268449, 59.660770345397346 ], [ 10.95277571312559, 59.672979140238304 ], [ 10.970044348994183, 59.704877341937724 ], [ 10.990301787224645, 59.704945471373215 ], [ 11.032366413058394, 59.69219164104829 ], [ 11.052236413945652, 59.69885469983984 ], [ 11.104651151662178, 59.70252006346954 ], [ 11.105315329964817, 59.69145584314493 ], [ 11.129806904874599, 59.70204315742107 ], [ 11.150119691296947, 59.68566484112773 ], [ 11.23029154724456, 59.68273527540139 ], [ 11.229156909310888, 59.70836556903514 ], [ 11.243519765105436, 59.74646354936473 ], [ 11.237293093518204, 59.756955482431174 ], [ 11.25265221676671, 59.769123399610834 ], [ 11.279634460311385, 59.76146565106104 ], [ 11.343561621940307, 59.754598203963 ], [ 11.373145230503647, 59.72733280387734 ], [ 11.369824338990457, 59.69711058629113 ], [ 11.420467934566615, 59.67400108177075 ], [ 11.453787546082296, 59.67278837781891 ], [ 11.502410932654595, 59.63475852692482 ], [ 11.504209748890908, 59.62523403184242 ], [ 11.477282853538119, 59.624171212648676 ], [ 11.47670169752331, 59.60107533401539 ], [ 11.492863369554172, 59.59364922554629 ], [ 11.52048211730554, 59.60175662837036 ], [ 11.528313886457482, 59.61671785240537 ], [ 11.545416477750415, 59.618094067002396 ], [ 11.532049889409823, 59.638873544828805 ], [ 11.567445058121248, 59.6426206637811 ], [ 11.625311592738596, 59.66518513281751 ], [ 11.62390021384549, 59.67721679112618 ], [ 11.723001151418288, 59.66055233120376 ], [ 11.718445855703722, 59.6238768335898 ] ] ], [ [ [ 10.683926420750634, 59.23195822278414 ], [ 10.705953877577254, 59.24940349474206 ], [ 10.705793871837596, 59.23464312817266 ], [ 10.688833263433562, 59.22057052061903 ], [ 10.683926420750634, 59.23195822278414 ] ] ], [ [ [ 10.718034310921638, 59.31263764578895 ], [ 10.749155427285643, 59.319105225764254 ], [ 10.721261093338128, 59.30410678876631 ], [ 10.718034310921638, 59.31263764578895 ] ] ], [ [ [ 10.753475582256483, 59.218229494738395 ], [ 10.762835918026633, 59.23041076499863 ], [ 10.786783443729185, 59.21180159316785 ], [ 10.774036319802882, 59.193205647471984 ], [ 10.753475582256483, 59.218229494738395 ] ] ], [ [ [ 10.828358268417688, 59.0962448523821 ], [ 10.861852803253328, 59.10218338696065 ], [ 10.914921373574124, 59.12394037890211 ], [ 10.921401606030383, 59.104378925357175 ], [ 10.890067148680163, 59.07659081589273 ], [ 10.857025963440229, 59.0701100097825 ], [ 10.842305435391445, 59.07995025416211 ], [ 10.842892123103535, 59.09613904330275 ], [ 10.828358268417688, 59.0962448523821 ] ] ], [ [ [ 10.840145357906026, 59.108531931721686 ], [ 10.866119622977614, 59.12555396736221 ], [ 10.87633332269262, 59.11864992493458 ], [ 10.86249282621197, 59.104154081063555 ], [ 10.840145357906026, 59.108531931721686 ] ] ], [ [ [ 10.870919795167435, 59.04509938865101 ], [ 10.878333394438378, 59.057108719157306 ], [ 10.896334040150208, 59.044028071722586 ], [ 10.870919795167435, 59.04509938865101 ] ] ], [ [ [ 10.881933523580745, 59.178921421759654 ], [ 10.913961339136161, 59.213190337334325 ], [ 10.938628890667186, 59.20878603440636 ], [ 10.944042418192371, 59.17377645527623 ], [ 10.953162745353032, 59.17131639418133 ], [ 10.938415549680972, 59.138872685225465 ], [ 10.912947969451643, 59.13912398178892 ], [ 10.90244092588059, 59.187558087861646 ], [ 10.881933523580745, 59.178921421759654 ] ] ], [ [ [ 10.886307013798138, 59.07029517567137 ], [ 10.926281781090035, 59.103558904992205 ], [ 10.947935891190783, 59.10035818034185 ], [ 10.920414903969142, 59.06459471152136 ], [ 10.886307013798138, 59.07029517567137 ] ] ], [ [ [ 10.914921373574124, 59.055415773887695 ], [ 10.940922306268988, 59.08541264788359 ], [ 10.954949476112576, 59.08590201487558 ], [ 10.965296513943969, 59.03737532585842 ], [ 10.944495767788077, 59.03036547435144 ], [ 10.936308807442105, 59.0493052995552 ], [ 10.914921373574124, 59.055415773887695 ] ] ], [ [ [ 10.938495552550801, 59.13374094487696 ], [ 10.957002883104888, 59.14680836617676 ], [ 10.951536020333148, 59.129733425996555 ], [ 10.938495552550801, 59.13374094487696 ] ] ], [ [ [ 10.98625726583952, 59.08062478704297 ], [ 11.033192282806656, 59.09590097287421 ], [ 11.043245976782003, 59.074157207067664 ], [ 11.08820758962666, 59.08234418458242 ], [ 11.088100919133552, 59.067676400957446 ], [ 11.054339708065147, 59.03836728597733 ], [ 11.055779759722093, 59.03025966527209 ], [ 11.02836544299356, 59.01748321894051 ], [ 10.988710687180983, 59.030021594843554 ], [ 10.988790690050813, 59.051593420896154 ], [ 11.003564553346152, 59.058431332649185 ], [ 10.98625726583952, 59.08062478704297 ] ] ], [ [ [ 11.034525663970495, 58.99144095928535 ], [ 11.047992813725271, 59.00743135640221 ], [ 11.054099699455655, 58.98677213365901 ], [ 11.034525663970495, 58.99144095928535 ] ] ], [ [ [ 11.057379817118699, 59.01162404117147 ], [ 11.103754813997025, 59.02473114087603 ], [ 11.080100632150518, 58.99486652822932 ], [ 11.057379817118699, 59.01162404117147 ] ] ], [ [ [ 11.07924726820566, 59.025405673756886 ], [ 11.107274940269559, 59.05364347180857 ], [ 11.101194722162454, 59.028434458653294 ], [ 11.07924726820566, 59.025405673756886 ] ] ], [ [ [ 11.117621978100951, 59.10734157957899 ], [ 11.123222178989074, 59.117737321625185 ], [ 11.14588965877434, 59.11846475904572 ], [ 11.13055577539019, 59.0984271646437 ], [ 11.117621978100951, 59.10734157957899 ] ] ] ] } },
{ "type": "Feature", "properties": { "ISO": "NO-46", "NAME_1": "Vestland" }, "geometry": { "type": "MultiPolygon", "coordinates": [ [ [ [ 4.641923017799794, 61.060259757152615 ], [ 4.66416381561263, 61.064373085112365 ], [ 4.706165322273564, 61.096446462290515 ], [ 4.70843207025209, 61.04621360186883 ], [ 4.7422466165670505, 61.03166485345812 ], [ 4.731792908242552, 60.99403649961407 ], [ 4.706965350971867, 60.98543951191684 ], [ 4.678270988326049, 60.99566331420909 ], [ 4.643603078066231, 61.03136065235499 ], [ 4.6569635573279, 61.03737854374305 ], [ 4.641923017799794, 61.060259757152615 ] ] ], [ [ [ 4.663497125030711, 61.30118703083388 ], [ 4.675497555505263, 61.307509123325076 ], [ 4.692138152429976, 61.289442223025965 ], [ 4.671284071027531, 61.289878685478286 ], [ 4.663497125030711, 61.30118703083388 ] ] ], [ [ [ 4.683124495762423, 61.09340445125918 ], [ 4.695204929106806, 61.10770190310643 ], [ 4.705391961198536, 61.09987203123449 ], [ 4.683124495762423, 61.09340445125918 ] ] ], [ [ [ 4.687231309747047, 61.30327676015106 ], [ 4.714218944503152, 61.320272343521744 ], [ 4.742619963292926, 61.3016234932862 ], [ 4.780407985476127, 61.29330425442226 ], [ 4.768727566480896, 61.28305399986017 ], [ 4.699498416454368, 61.28640021199464 ], [ 4.687231309747047, 61.30327676015106 ] ] ], [ [ [ 4.6901647483074935, 60.77892664129435 ], [ 4.721872552383588, 60.78456097476976 ], [ 4.7405132210540595, 60.777683384611976 ], [ 4.746033419072353, 60.7597090672573 ], [ 4.71613901337908, 60.750741747782335 ], [ 4.696431639777538, 60.768147341335506 ], [ 4.717472394542919, 60.77785532436592 ], [ 4.6901647483074935, 60.77892664129435 ] ] ], [ [ [ 4.72765942663465, 61.081448025292566 ], [ 4.742593295669649, 61.09304734561638 ], [ 4.756220451164085, 61.063434029533134 ], [ 4.743099980511907, 61.03892600152855 ], [ 4.72765942663465, 61.081448025292566 ] ] ], [ [ [ 4.72981950412007, 61.22237249285262 ], [ 4.771714340287895, 61.213153876814204 ], [ 4.787901587616902, 61.200284847538185 ], [ 4.738806493164345, 61.206805332053165 ], [ 4.72981950412007, 61.22237249285262 ] ] ], [ [ [ 4.733446300885712, 61.553343293061225 ], [ 4.762914024606557, 61.568222694844906 ], [ 4.767740864419655, 61.553713624838956 ], [ 4.733446300885712, 61.553343293061225 ] ] ], [ [ [ 4.748486840413817, 61.32472955098938 ], [ 4.758433863896058, 61.3324668399169 ], [ 4.786648209322894, 61.32680605417164 ], [ 4.788674948691929, 61.31658225187939 ], [ 4.759047219231424, 61.3115298683404 ], [ 4.748486840413817, 61.32472955098938 ] ] ], [ [ [ 4.749980227317318, 61.08931757556927 ], [ 4.752806995384656, 61.100559790250266 ], [ 4.788488275328992, 61.103191791099114 ], [ 4.795261851641294, 61.08185803547505 ], [ 4.8123024629151585, 61.090005334585044 ], [ 4.82555627168372, 61.07035129809567 ], [ 4.813955855558319, 61.04625328027358 ], [ 4.789074963041081, 61.072626193301716 ], [ 4.787048223672046, 61.03977247416336 ], [ 4.773127724321565, 61.02284302146727 ], [ 4.75742049421154, 61.043065781758145 ], [ 4.760113924162495, 61.07133003207967 ], [ 4.749980227317318, 61.08931757556927 ] ] ], [ [ [ 4.760513938511647, 61.1291811462146 ], [ 4.786781547439277, 61.138399762253016 ], [ 4.7801413092433584, 61.12576880340554 ], [ 4.760513938511647, 61.1291811462146 ] ] ], [ [ [ 4.77432776736902, 61.644352327437645 ], [ 4.799155324639705, 61.6540206320633 ], [ 4.81262247439448, 61.63555694771663 ], [ 4.77432776736902, 61.644352327437645 ] ] ], [ [ [ 4.7799279682571445, 61.5619667330283 ], [ 4.791741725368759, 61.56830205165441 ], [ 4.8617175688470375, 61.57601288831209 ], [ 4.893398705299855, 61.568659157297226 ], [ 4.800755382036312, 61.5569804801639 ], [ 4.7799279682571445, 61.5619667330283 ] ] ], [ [ [ 4.781794701886519, 60.92507543214733 ], [ 4.808462325163302, 60.93131816782902 ], [ 4.815129230982498, 60.9162668262914 ], [ 4.781794701886519, 60.92507543214733 ] ] ], [ [ [ 4.7851281547961175, 61.583684046565004 ], [ 4.826862985224282, 61.6064462247603 ], [ 4.850650505187172, 61.60242547974498 ], [ 4.845396983401646, 61.613628016021224 ], [ 4.881318271955473, 61.6115779651088 ], [ 4.890305260999749, 61.59185779794484 ], [ 4.7851281547961175, 61.583684046565004 ] ] ], [ [ [ 4.785608172015099, 60.65007763491518 ], [ 4.794915172538697, 60.67459888905468 ], [ 4.837876713637593, 60.63654729889323 ], [ 4.800462038180267, 60.628466130457824 ], [ 4.785608172015099, 60.65007763491518 ] ] ], [ [ [ 4.79032834133509, 61.79109629436198 ], [ 4.843076900176566, 61.81122647170842 ], [ 4.885958438405633, 61.79695547213102 ], [ 4.902545700083792, 61.77842565710974 ], [ 4.879878220298527, 61.76098038515182 ], [ 4.846970373174976, 61.74689455146327 ], [ 4.851290528145816, 61.76804314119847 ], [ 4.839876785383352, 61.776653355030625 ], [ 4.79032834133509, 61.79109629436198 ] ] ], [ [ [ 4.7907550233075185, 60.62157531416511 ], [ 4.839823450136799, 60.62515959672812 ], [ 4.844223607977468, 60.583655985352856 ], [ 4.816702620755828, 60.591816510597766 ], [ 4.794115143840393, 60.58889353478071 ], [ 4.7907550233075185, 60.62157531416511 ] ] ], [ [ [ 4.791928398731697, 60.95278418480226 ], [ 4.827609678676032, 60.95573361288916 ], [ 4.819396050706783, 60.948432786413974 ], [ 4.791928398731697, 60.95278418480226 ] ] ], [ [ [ 4.793981805724009, 61.14441765364108 ], [ 4.820036073665426, 61.13326802190451 ], [ 4.806115574314945, 61.11812409742246 ], [ 4.793981805724009, 61.14441765364108 ] ] ], [ [ [ 4.795741868860277, 60.93905545675653 ], [ 4.84089015506787, 60.946951459303065 ], [ 4.852570574063101, 60.93603989799504 ], [ 4.795741868860277, 60.93905545675653 ] ] ], [ [ [ 4.796355224195643, 60.55265392510314 ], [ 4.807128943999463, 60.56170060138761 ], [ 4.867317769735162, 60.58210852756735 ], [ 4.8661177266877065, 60.55864536422136 ], [ 4.832916535708112, 60.54359402268374 ], [ 4.826889652847559, 60.56299676260965 ], [ 4.796355224195643, 60.55265392510314 ] ] ], [ [ [ 4.798061952085357, 61.622886310464395 ], [ 4.80798230794432, 61.63092780049504 ], [ 4.823689538054345, 61.61792650986984 ], [ 4.798061952085357, 61.622886310464395 ] ] ], [ [ [ 4.805102204630427, 61.15474726501268 ], [ 4.84329024116278, 61.164852032090664 ], [ 4.862304256559127, 61.17688781486679 ], [ 4.888091848267775, 61.16296069479727 ], [ 4.912039373970327, 61.11472498074833 ], [ 4.911719362491005, 61.137196183975405 ], [ 4.890918616335115, 61.16739144999507 ], [ 4.898438886099167, 61.18383153569917 ], [ 4.88382502854349, 61.2117519065128 ], [ 4.90761254850638, 61.21302161546501 ], [ 4.938093641911743, 61.196674112705345 ], [ 4.9253465179854405, 61.18414896293722 ], [ 4.937693627562592, 61.17182220519288 ], [ 4.949507384674206, 61.126033326103915 ], [ 4.953267519556232, 61.15425789802068 ], [ 4.9452672325731974, 61.191092683769604 ], [ 4.958547708965035, 61.177059754620736 ], [ 4.954814241706286, 61.206091120767546 ], [ 4.998842487736254, 61.199901289625544 ], [ 4.995375696710273, 61.17364741181168 ], [ 5.015989769503226, 61.155051466115815 ], [ 5.023190027787956, 61.110704235733 ], [ 5.008949516958155, 61.097001959957105 ], [ 4.956627640089107, 61.08188448774489 ], [ 4.936653590254797, 61.055617383796104 ], [ 4.917639574858451, 61.07174004226215 ], [ 4.913106078901397, 61.10070527773437 ], [ 4.9007323017009705, 61.1093683961062 ], [ 4.897638857400864, 61.09317960696556 ], [ 4.860757534409073, 61.076739521261466 ], [ 4.844863630936111, 61.04456033500397 ], [ 4.8195560564464435, 61.06064331506526 ], [ 4.832169842256362, 61.073842997714245 ], [ 4.832543188982237, 61.10895838592372 ], [ 4.8246495724923095, 61.14835904184689 ], [ 4.805102204630427, 61.15474726501268 ] ] ], [ [ [ 4.812329130538435, 60.98181555094908 ], [ 4.826969655717389, 60.990928357908146 ], [ 4.860384187683198, 60.99143095103506 ], [ 4.86310428525743, 60.97840320814002 ], [ 4.836836676329799, 60.974832151711944 ], [ 4.812329130538435, 60.98181555094908 ] ] ], [ [ [ 4.818276010529158, 61.85443625448822 ], [ 4.866651079153242, 61.87649744753281 ], [ 4.915852844098906, 61.87920880519117 ], [ 4.928653303271762, 61.88629801350766 ], [ 4.900678966454417, 61.89238203557032 ], [ 4.935266873844404, 61.90882212127441 ], [ 4.9520408088855, 61.90962891550446 ], [ 5.00932286368403, 61.89125781410222 ], [ 5.106019665685644, 61.87912944838166 ], [ 5.224877262630265, 61.87004309369243 ], [ 5.257358427781386, 61.862424839979184 ], [ 5.250878195325128, 61.83361831812599 ], [ 5.200769731188053, 61.833816710149776 ], [ 5.1389808480557475, 61.82445260662725 ], [ 5.129700515155427, 61.83293055911021 ], [ 5.1546080752959424, 61.8364354848637 ], [ 5.156714817534808, 61.84869611193345 ], [ 5.124713669602669, 61.836170962165326 ], [ 5.116793385489464, 61.825180044047784 ], [ 5.023670045006939, 61.793953139504445 ], [ 5.003242645576924, 61.783610301997925 ], [ 4.959721084389214, 61.77513234951496 ], [ 4.969321428768856, 61.7847212973311 ], [ 4.938706997247109, 61.79747129139285 ], [ 4.925746532334593, 61.78562067450559 ], [ 4.905559141514068, 61.817284041501246 ], [ 4.931560074208932, 61.822005771667264 ], [ 4.9588410528210805, 61.80917642079601 ], [ 4.946547278490483, 61.82459809411135 ], [ 5.002095937776022, 61.83610483149073 ], [ 4.904225760350229, 61.83630322351451 ], [ 4.88291832935208, 61.848391910830316 ], [ 4.834276584495228, 61.847148654147944 ], [ 4.818276010529158, 61.85443625448822 ] ] ], [ [ [ 4.820089408911979, 61.21345807791733 ], [ 4.842623550580861, 61.22127472365436 ], [ 4.840810152198039, 61.1974809069354 ], [ 4.820089408911979, 61.21345807791733 ] ] ], [ [ [ 4.822169483527569, 60.92901682035314 ], [ 4.856597385177895, 60.9329185301542 ], [ 4.87147791896634, 60.91643876604534 ], [ 4.825502936437166, 60.92047273719558 ], [ 4.822169483527569, 60.92901682035314 ] ] ], [ [ [ 4.823236188458639, 61.344343909074 ], [ 4.827343002443264, 61.35377414327112 ], [ 4.8604908581763056, 61.358773622270434 ], [ 4.861664233600484, 61.34664525654988 ], [ 4.833663229159862, 61.33722824848767 ], [ 4.823236188458639, 61.344343909074 ] ] ], [ [ [ 4.826196294642362, 61.68516817979713 ], [ 4.844596954703343, 61.702944105128026 ], [ 4.873637996451759, 61.71770447169743 ], [ 4.898305547982783, 61.65956238259429 ], [ 4.88299833222191, 61.668992616791414 ], [ 4.869611185336965, 61.656903929475604 ], [ 4.839903453006629, 61.66684998293456 ], [ 4.826196294642362, 61.68516817979713 ] ] ], [ [ [ 4.828809721723488, 60.916293278561234 ], [ 4.859424153245234, 60.9155658411407 ], [ 4.876518099765652, 60.90433685259462 ], [ 4.879958223168357, 60.91731169094999 ], [ 4.903959084117461, 60.904138460570834 ], [ 4.922599752787932, 60.88220952887543 ], [ 4.9314800713391005, 60.85434206260147 ], [ 4.883425014194338, 60.8607567380371 ], [ 4.870224540672331, 60.873797707067055 ], [ 4.883958366659874, 60.87788458275698 ], [ 4.871877933315491, 60.89633504096873 ], [ 4.858597456923654, 60.88537057512103 ], [ 4.833369885303817, 60.89403369349286 ], [ 4.828809721723488, 60.916293278561234 ] ] ], [ [ [ 4.836516664850477, 61.62481732616254 ], [ 4.843076900176566, 61.63977608475573 ], [ 4.849583800256101, 61.61891846998875 ], [ 4.836516664850477, 61.62481732616254 ] ] ], [ [ [ 4.851317195769092, 60.544400816913786 ], [ 4.875798073937179, 60.56166092298285 ], [ 4.89534544179906, 60.53704708589893 ], [ 4.916519534680826, 60.52379449871027 ], [ 4.895852126641319, 60.517234335790526 ], [ 4.877051452231187, 60.53501026112143 ], [ 4.856357376568404, 60.51589849616373 ], [ 4.851317195769092, 60.544400816913786 ] ] ], [ [ [ 4.853103926528636, 60.94535109697789 ], [ 4.874918042369044, 60.947057268382416 ], [ 4.879691546935589, 60.9364366820426 ], [ 4.853103926528636, 60.94535109697789 ] ] ], [ [ [ 4.8555573478701, 60.829371119874736 ], [ 4.866944423009286, 60.83603709187382 ], [ 4.895665453278382, 60.81463720557517 ], [ 4.877984819045874, 60.814875276003704 ], [ 4.8555573478701, 60.829371119874736 ] ] ], [ [ [ 4.856090700335636, 60.78872720726919 ], [ 4.870784560761144, 60.80486309187015 ], [ 4.920279669562852, 60.785010663357006 ], [ 4.907345872273613, 60.79535350086352 ], [ 4.912492723566031, 60.81347330570231 ], [ 4.921853059336183, 60.79791937103777 ], [ 4.967321357023097, 60.76939059801788 ], [ 4.951934138392393, 60.773570056652225 ], [ 4.98321526049606, 60.74836104349695 ], [ 4.962547852456553, 60.73243677705469 ], [ 4.903345728782095, 60.75489475414685 ], [ 4.8691845033645365, 60.763293349820295 ], [ 4.886011773652187, 60.771506779604884 ], [ 4.856090700335636, 60.78872720726919 ] ] ], [ [ [ 4.856090700335636, 61.183024741469126 ], [ 4.880651581373553, 61.182112138159724 ], [ 4.883291676077954, 61.169772154280466 ], [ 4.856090700335636, 61.183024741469126 ] ] ], [ [ [ 4.867077761125671, 61.06593376903279 ], [ 4.880384905140785, 61.07953023572934 ], [ 4.899452255783685, 61.06931965957201 ], [ 4.9060391587330505, 61.04776105965433 ], [ 4.879211529716606, 61.03805307662391 ], [ 4.867077761125671, 61.06593376903279 ] ] ], [ [ [ 4.875131383355259, 60.73878532181572 ], [ 4.907585880883103, 60.73112738969772 ], [ 4.901665668515657, 60.74464449958476 ], [ 4.973214901767266, 60.72048035108807 ], [ 4.979935142833015, 60.72868055473774 ], [ 5.041004000136848, 60.709780407938744 ], [ 5.074125188246612, 60.671503973483674 ], [ 5.09271252167053, 60.66210019155639 ], [ 5.05689790360981, 60.69638233326597 ], [ 5.085645601502182, 60.69072154752072 ], [ 5.10812640792451, 60.674519532245164 ], [ 5.113833279305742, 60.65420418900985 ], [ 5.185675856413394, 60.61670809651499 ], [ 5.227330683971729, 60.57192440367986 ], [ 5.220637110529257, 60.563949044323806 ], [ 5.147221143648274, 60.60815078722251 ], [ 5.0940459028343685, 60.60805820427808 ], [ 5.079992065367504, 60.62109917330804 ], [ 5.005296052569236, 60.63783023398035 ], [ 5.008709508348664, 60.65017021785961 ], [ 4.95966774914266, 60.66466606173064 ], [ 4.9457739174154565, 60.67768057849076 ], [ 4.899878937756114, 60.6985778716625 ], [ 4.914466127688513, 60.713391142771584 ], [ 4.875131383355259, 60.73878532181572 ] ] ], [ [ [ 4.87859817438124, 61.3501766345732 ], [ 4.915959514592013, 61.36764835880096 ], [ 4.90537246815113, 61.37641728625214 ], [ 4.929293326230405, 61.38234259469577 ], [ 4.967428027516204, 61.367489645181934 ], [ 4.995535702449933, 61.38217065494183 ], [ 5.01553641990752, 61.37603372833949 ], [ 5.0270568331630905, 61.35227959002529 ], [ 5.015749760893734, 61.35079826291438 ], [ 5.032683701674491, 61.32679282803672 ], [ 5.013536348161762, 61.32029879579158 ], [ 4.976975036649292, 61.3214362433946 ], [ 4.957934353629669, 61.31269376821326 ], [ 4.948547350236242, 61.32446502829101 ], [ 4.912306050203094, 61.33742664051145 ], [ 4.885558424056481, 61.33918571645566 ], [ 4.87859817438124, 61.3501766345732 ] ] ], [ [ [ 4.893398705299855, 60.515263641687625 ], [ 4.9104393165737195, 60.51864953222684 ], [ 4.933026793489154, 60.502447516951285 ], [ 4.916599537550656, 60.492911473674816 ], [ 4.893398705299855, 60.515263641687625 ] ] ], [ [ [ 4.898705562331935, 60.92096210418758 ], [ 4.899052241434533, 60.935828279836336 ], [ 4.923373113862959, 60.93795768755827 ], [ 4.948467347366411, 60.92250956197308 ], [ 4.959827754882321, 60.887050294255715 ], [ 4.940200384150609, 60.886719640882745 ], [ 4.91523948876354, 60.91411096629963 ], [ 4.898705562331935, 60.92096210418758 ] ] ], [ [ [ 4.9027857086932825, 60.67059137017427 ], [ 4.993428960211068, 60.63488080589345 ], [ 4.96422791272299, 60.63424595141735 ], [ 4.935853561556494, 60.64659916143153 ], [ 4.9027857086932825, 60.67059137017427 ] ] ], [ [ [ 4.9045191042062735, 60.455693130013245 ], [ 4.926199881930298, 60.44427897557831 ], [ 4.920092996199915, 60.43517939475415 ], [ 4.9045191042062735, 60.455693130013245 ] ] ], [ [ [ 4.915106150647157, 61.51996052852612 ], [ 4.927906609820012, 61.53628157901595 ], [ 4.99332228971796, 61.5094060728609 ], [ 4.967401359892928, 61.500161004552645 ], [ 4.915106150647157, 61.51996052852612 ] ] ], [ [ [ 4.920359672432682, 60.3475165725122 ], [ 4.931960088558083, 60.35737004302672 ], [ 4.973161566520712, 60.357991671367905 ], [ 4.94897403220867, 60.343257757068336 ], [ 4.920359672432682, 60.3475165725122 ] ] ], [ [ [ 4.920439675302513, 61.779893758085734 ], [ 4.944093857149019, 61.78855687645756 ], [ 4.948280674003474, 61.774471042769015 ], [ 4.9307600455106275, 61.76847960365079 ], [ 4.920439675302513, 61.779893758085734 ] ] ], [ [ [ 4.922306408931887, 60.99309744403484 ], [ 4.929800011072664, 61.01095272617525 ], [ 4.959934425375428, 61.0141534508256 ], [ 4.955854279014081, 60.99386455986013 ], [ 4.970601474686141, 60.989883493249565 ], [ 4.976521687053587, 61.012553088500425 ], [ 5.012496310853967, 61.00706424250911 ], [ 5.035883816467705, 60.972980492823304 ], [ 4.999082496345745, 60.97674994127517 ], [ 4.949400714181099, 60.97144626117272 ], [ 4.929133320490744, 60.97569185048167 ], [ 4.922306408931887, 60.99309744403484 ] ] ], [ [ [ 4.928279956545887, 60.473045819026744 ], [ 4.935826893933217, 60.499656802483415 ], [ 4.95809435936933, 60.497038027769484 ], [ 4.966414657831686, 60.47070479314611 ], [ 4.947747321537938, 60.454595360814984 ], [ 4.928279956545887, 60.473045819026744 ] ] ], [ [ [ 4.930440034031307, 60.96258475077711 ], [ 4.931613409455485, 60.96821908425253 ], [ 4.9727348845482835, 60.96324605752305 ], [ 4.974068265712123, 60.95642137190494 ], [ 4.936493584515136, 60.95044315892163 ], [ 4.930440034031307, 60.96258475077711 ] ] ], [ [ [ 4.941027080472189, 61.27204985560772 ], [ 4.972361537822409, 61.27685094258325 ], [ 4.974228271451784, 61.263809973553286 ], [ 4.941027080472189, 61.27204985560772 ] ] ], [ [ [ 4.941827109170493, 60.57601127936977 ], [ 4.9630278696755346, 60.57964846647245 ], [ 4.947533980551724, 60.566250391799684 ], [ 4.941827109170493, 60.57601127936977 ] ] ], [ [ [ 4.944627209614555, 60.7994139242836 ], [ 4.992122246670505, 60.78434935661106 ], [ 5.0366571775427325, 60.75734158910683 ], [ 5.001535917687209, 60.75989423314616 ], [ 4.963747895504008, 60.78177026030189 ], [ 4.944627209614555, 60.7994139242836 ] ] ], [ [ [ 4.9454539059361355, 60.61419513088041 ], [ 4.9731348988974355, 60.61356027640431 ], [ 5.000389209886308, 60.604301981961136 ], [ 5.039137266507473, 60.614221583150254 ], [ 5.092179169204994, 60.59452786825612 ], [ 5.146901132168952, 60.592305877589766 ], [ 5.217436995736042, 60.557269846189804 ], [ 5.250158169496655, 60.529230440161896 ], [ 5.246691378470673, 60.51269777151337 ], [ 5.229677434820085, 60.50522500528424 ], [ 5.091512478623074, 60.53844905620032 ], [ 5.047830911695704, 60.541940755818885 ], [ 5.027936864731224, 60.55121227639698 ], [ 5.034550435303866, 60.56111865145118 ], [ 4.995775711059424, 60.56670008038692 ], [ 5.014656388339386, 60.57941039604391 ], [ 4.9503607486190635, 60.603984554723084 ], [ 4.9454539059361355, 60.61419513088041 ] ] ], [ [ [ 5.823856379988518, 59.64576453098265 ], [ 5.9210089006474025, 59.64364812440232 ], [ 5.894794626966324, 59.64949407603643 ], [ 5.933996033183195, 59.672970465517345 ], [ 5.917195430518822, 59.67623732084229 ], [ 5.864820218403221, 59.6593078681462 ], [ 5.793937675733532, 59.64835662843342 ], [ 5.782523932971069, 59.68372331320635 ], [ 5.809964917322879, 59.692849346300335 ], [ 5.820365290400824, 59.70501739042565 ], [ 5.856019902721883, 59.708681029798164 ], [ 5.855779894112391, 59.725980814271985 ], [ 5.9119152411100195, 59.74021213544464 ], [ 5.941596305817078, 59.73402230430263 ], [ 5.932982663498677, 59.745595172356595 ], [ 5.956210163372756, 59.74558194622168 ], [ 5.982344434184002, 59.73406198270739 ], [ 5.993251492104206, 59.744431272483745 ], [ 6.010665450103946, 59.73777852661957 ], [ 6.043893308706817, 59.7446825690472 ], [ 6.089654950249776, 59.735728475707155 ], [ 6.114375837027354, 59.7484784697689 ], [ 6.141363471783458, 59.78302513417687 ], [ 6.179151493966659, 59.78996885500925 ], [ 6.211499321001397, 59.80273207520591 ], [ 6.248513982109571, 59.83086406417824 ], [ 6.320676570696545, 59.84050591653406 ], [ 6.357317885078845, 59.854882725190826 ], [ 6.2965157040077795, 59.8437595457241 ], [ 6.227846574070064, 59.835175784161784 ], [ 6.188271821127319, 59.812016821918924 ], [ 6.120829401860336, 59.78170252068498 ], [ 6.095495159747392, 59.78789235182699 ], [ 6.078641221836465, 59.760104242362544 ], [ 6.021012487935337, 59.75289599883179 ], [ 5.979811009972708, 59.764257248727056 ], [ 5.956076825256371, 59.79039209132665 ], [ 5.982771116156431, 59.808392860951166 ], [ 5.980504368177904, 59.84543926485879 ], [ 5.993464833090421, 59.85755440444443 ], [ 5.967010550799852, 59.85414206163537 ], [ 5.970317336086174, 59.83418382404287 ], [ 5.95741020642021, 59.811421645847574 ], [ 5.933116001615061, 59.79305054444533 ], [ 5.914875347293742, 59.793275388738955 ], [ 5.880314107527031, 59.76878058686929 ], [ 5.828258906890752, 59.78869914605704 ], [ 5.7929509736722915, 59.82470068530608 ], [ 5.768336757387821, 59.83339025594774 ], [ 5.7153481899368535, 59.82612910787731 ], [ 5.72374849126904, 59.83510965348719 ], [ 5.6961475011775695, 59.832821532146234 ], [ 5.675053411165635, 59.848256431596496 ], [ 5.7418024722274215, 59.86525201496718 ], [ 5.738095672591949, 59.87731425001315 ], [ 5.760363138028063, 59.86826757372867 ], [ 5.77588369477515, 59.88263115625052 ], [ 5.764843298738562, 59.90121387581146 ], [ 5.791190910536024, 59.92715032638727 ], [ 5.809004882884914, 59.9324407803548 ], [ 5.854606518688213, 59.92941199545839 ], [ 5.870447086914622, 59.94392106546434 ], [ 5.917995459217126, 59.95590394370079 ], [ 5.969037290168888, 59.946777910606805 ], [ 5.987037935880716, 59.95157899758234 ], [ 6.007251994324518, 59.98657535057754 ], [ 5.987277944490208, 59.98945864798984 ], [ 5.98327780099869, 60.00316092376574 ], [ 6.020719144079292, 60.039440211848074 ], [ 6.017465694039525, 60.050219511806915 ], [ 6.04319995050162, 60.06914611087575 ], [ 6.113602475952327, 60.09565128525307 ], [ 6.140190096359279, 60.09389220930886 ], [ 6.1790714910968285, 60.10427472522014 ], [ 6.206645813565022, 60.103626644609115 ], [ 6.235793525806546, 60.115887271678865 ], [ 6.314863028822207, 60.127341104518564 ], [ 6.281901846452103, 60.133848362898625 ], [ 6.277661694351094, 60.16360716646598 ], [ 6.258807684694409, 60.138120404477405 ], [ 6.204619074195986, 60.11509370358374 ], [ 6.135123247936691, 60.10791191232281 ], [ 6.167204398738661, 60.125648159248954 ], [ 6.129123032699415, 60.142776003968834 ], [ 6.083014712053857, 60.192056582676365 ], [ 6.10885563900906, 60.203166536008176 ], [ 6.125309562570835, 60.220109214839184 ], [ 6.160590828166018, 60.21309936333221 ], [ 6.1953120736723895, 60.226669377758924 ], [ 6.204912418052031, 60.258213709540314 ], [ 6.233260101595251, 60.25998601161943 ], [ 6.234433477019429, 60.275910278061694 ], [ 6.251927437888999, 60.27433636800636 ], [ 6.2442204947620095, 60.301740919558156 ], [ 6.282781878020237, 60.304544860160945 ], [ 6.323743347373375, 60.32087913678569 ], [ 6.343824067700792, 60.33594370445823 ], [ 6.376865252940727, 60.34133996750511 ], [ 6.3549177989839345, 60.34951371888494 ], [ 6.356624526873649, 60.37071521315981 ], [ 6.384465525574609, 60.367898046422106 ], [ 6.455428071114128, 60.3737307719213 ], [ 6.495642847015517, 60.384166192372255 ], [ 6.514070174699773, 60.411491387114545 ], [ 6.560311833461715, 60.43560263107155 ], [ 6.583085983740087, 60.435972962849284 ], [ 6.669195739300819, 60.40786742614679 ], [ 6.646421589022447, 60.3865865750624 ], [ 6.6267675506674575, 60.355081921685766 ], [ 6.625380834257065, 60.33673727255336 ], [ 6.607166847559022, 60.32488665566609 ], [ 6.612953721810085, 60.309914670937985 ], [ 6.5914329498257205, 60.275024127022135 ], [ 6.579032505002017, 60.27038175366563 ], [ 6.566765398294697, 60.242778810090044 ], [ 6.572658943038865, 60.22390511556089 ], [ 6.547458039042306, 60.17056411343328 ], [ 6.528044009296808, 60.08910434846825 ], [ 6.552178208362296, 60.072902333192694 ], [ 6.546177993125021, 60.09833619064159 ], [ 6.556445028086582, 60.129906974692815 ], [ 6.569432160622375, 60.140302716739015 ], [ 6.570952215149152, 60.16887116816367 ], [ 6.601086629451916, 60.206790496975934 ], [ 6.6012199675683, 60.222939607711815 ], [ 6.6191139427870205, 60.238281924217645 ], [ 6.617033868171432, 60.27473315205392 ], [ 6.656368612504687, 60.323762434197995 ], [ 6.651381766951928, 60.33651242825974 ], [ 6.686423023937621, 60.38748595223688 ], [ 6.713517329186832, 60.374921124064 ], [ 6.7259177740105365, 60.37862444184127 ], [ 6.708797159866842, 60.39568615588655 ], [ 6.733784722877187, 60.40757645117857 ], [ 6.757198896114202, 60.434822289111345 ], [ 6.802693861424394, 60.45044235445047 ], [ 6.842695296339567, 60.47439488478846 ], [ 6.884270121028072, 60.46842989794008 ], [ 6.941845519682646, 60.47218612025702 ], [ 6.992167324805935, 60.48353414401737 ], [ 7.027315252284735, 60.47860079569265 ], [ 7.058329698155633, 60.464237213170804 ], [ 7.099691181857923, 60.48664228572329 ], [ 7.137639209780785, 60.493308257722376 ], [ 7.131398985934018, 60.4997890638326 ], [ 7.084490636590157, 60.48731681860415 ], [ 7.065503288817087, 60.48787231627074 ], [ 7.011101337332451, 60.50254009989572 ], [ 6.967393102781804, 60.50150846137205 ], [ 6.9313918113581465, 60.490411734175154 ], [ 6.91363117425581, 60.494670549619016 ], [ 6.948699098864779, 60.526598439313055 ], [ 6.9995009212070505, 60.56502036125223 ], [ 7.032542106446984, 60.58336501038464 ], [ 7.021315037047458, 60.586010237368406 ], [ 6.968139796233554, 60.55834116311823 ], [ 6.926378298182112, 60.528913012923844 ], [ 6.920724762047434, 60.55986216863389 ], [ 6.947792399673368, 60.571845046870344 ], [ 6.912911148427337, 60.566356200879035 ], [ 6.908857669689265, 60.533555386280355 ], [ 6.917044630035238, 60.51875534130619 ], [ 6.877309871352832, 60.48489643591401 ], [ 6.837175098321273, 60.488718788905544 ], [ 6.755252159614997, 60.468496028614666 ], [ 6.755278827238274, 60.45981968410792 ], [ 6.70474368112877, 60.439477888602774 ], [ 6.700876875753637, 60.431370267897535 ], [ 6.667435676164551, 60.43429324371459 ], [ 6.660288753126373, 60.44491383005441 ], [ 6.6319677372064305, 60.450534937394906 ], [ 6.630421015056378, 60.46672372653555 ], [ 6.690023153079986, 60.49607251992041 ], [ 6.713890675912706, 60.52214123184541 ], [ 6.64282145988008, 60.47766174011341 ], [ 6.616073833733468, 60.47353518601874 ], [ 6.604900099580496, 60.45925096030641 ], [ 6.571565570484518, 60.454754074434014 ], [ 6.524017198182014, 60.4560105572513 ], [ 6.469828587683591, 60.43572166628583 ], [ 6.408466386523714, 60.43052379526273 ], [ 6.390545743681717, 60.41254947790805 ], [ 6.355157807593425, 60.41053910540039 ], [ 6.343050706625766, 60.39990529292565 ], [ 6.2826218722805764, 60.39257801418063 ], [ 6.2346201503823675, 60.42289231541457 ], [ 6.239980342661001, 60.43588037990485 ], [ 6.217312862875735, 60.4667634049403 ], [ 6.229259958103734, 60.420207410026045 ], [ 6.279021743138211, 60.38248647323756 ], [ 6.248807325965616, 60.37186588689775 ], [ 6.204379065586496, 60.38686432389569 ], [ 6.204939085675308, 60.3700010018742 ], [ 6.168084430306794, 60.36288534128787 ], [ 6.142483511961083, 60.375225325167136 ], [ 6.171897900435374, 60.352185398138545 ], [ 6.209552584502191, 60.34592943632194 ], [ 6.2209396596413775, 60.331870054903234 ], [ 6.178724811994231, 60.32148753899196 ], [ 6.166751049142955, 60.31053629927917 ], [ 6.17392463980441, 60.292112293337254 ], [ 6.194858724076684, 60.27945488221994 ], [ 6.155310638757215, 60.24357237818518 ], [ 6.131629789287432, 60.2535713361838 ], [ 6.081094643177929, 60.25280422035851 ], [ 6.030719502808086, 60.27360893058582 ], [ 6.016212315745516, 60.27010400483233 ], [ 6.006585303742598, 60.23069012277424 ], [ 5.962850401568674, 60.21202804640379 ], [ 5.94580979029481, 60.15503663103858 ], [ 5.92426235068717, 60.15047361449159 ], [ 5.924102344947508, 60.1660143230212 ], [ 5.900874845073431, 60.15840929544288 ], [ 5.896528022479315, 60.134112885597006 ], [ 5.91895549365509, 60.10008204045087 ], [ 5.922715628537116, 60.04467776127593 ], [ 5.896528022479315, 60.01460153047052 ], [ 5.852099762100195, 59.989934788846924 ], [ 5.817885201436083, 59.982554605562214 ], [ 5.82321872609144, 59.992024518164094 ], [ 5.8068448053994945, 60.010686594534555 ], [ 5.779297150554578, 59.982752997586 ], [ 5.765563324567035, 59.97922161956267 ], [ 5.763696590937661, 60.00611035185264 ], [ 5.727321952788129, 60.00162669211516 ], [ 5.721908425262942, 60.027232489318 ], [ 5.706041189413256, 60.04766686776758 ], [ 5.717881614148148, 60.0741720421449 ], [ 5.7506827907785905, 60.0598349118929 ], [ 5.755002945749429, 60.06970160854234 ], [ 5.789137503543711, 60.06449051138432 ], [ 5.792897638425737, 60.05060306971956 ], [ 5.833059079080573, 60.09242410833288 ], [ 5.801404610251032, 60.07758438495396 ], [ 5.800391240566514, 60.09168344477742 ], [ 5.782923947320221, 60.07523013293841 ], [ 5.759776450315973, 60.071315197002434 ], [ 5.729162018794227, 60.10135174940308 ], [ 5.730682073321003, 60.118783795226086 ], [ 5.766736699991213, 60.12374359582065 ], [ 5.756256324043438, 60.13942979183437 ], [ 5.726761932699317, 60.155750842324196 ], [ 5.720335035489612, 60.17068314864755 ], [ 5.768816774606803, 60.186633867359646 ], [ 5.703721106188176, 60.18036467940812 ], [ 5.695987495437909, 60.191355597525664 ], [ 5.686467153928097, 60.161940673466205 ], [ 5.604170868495946, 60.142180827897484 ], [ 5.5794233140950915, 60.15143912234066 ], [ 5.605370911543401, 60.18508640957414 ], [ 5.592437114254162, 60.20594402434113 ], [ 5.62121147976981, 60.20341783257163 ], [ 5.667079791805877, 60.23035946940127 ], [ 5.730228723725299, 60.23239629417877 ], [ 5.736442279948788, 60.246984720994234 ], [ 5.70841460788489, 60.24170749316162 ], [ 5.6810269587796345, 60.24514628824051 ], [ 5.623878242097488, 60.23846709010651 ], [ 5.665906416381699, 60.26587164165831 ], [ 5.665826413511867, 60.28500985888584 ], [ 5.633371915984023, 60.25578010071525 ], [ 5.59833065899833, 60.23599380287669 ], [ 5.594703862232688, 60.26039602180192 ], [ 5.634038606565943, 60.27171759329243 ], [ 5.653585974427824, 60.29749533024921 ], [ 5.658892831459904, 60.33817892125951 ], [ 5.682920360032286, 60.345995566996535 ], [ 5.697240873731918, 60.3688767804061 ], [ 5.748256037060403, 60.37022584616782 ], [ 5.768550098374035, 60.389364063395355 ], [ 5.755482962968411, 60.39957463955268 ], [ 5.740789102542904, 60.392326717617166 ], [ 5.713828135410077, 60.399164629370205 ], [ 5.718734978093005, 60.380925789317146 ], [ 5.687053841640187, 60.37247428910402 ], [ 5.665159722929948, 60.345889757917185 ], [ 5.655212699447708, 60.34551942613946 ], [ 5.662679633965207, 60.369220659913985 ], [ 5.652599272366583, 60.374193686643466 ], [ 5.64110552673429, 60.34424971718725 ], [ 5.6268116806579345, 60.333893653545815 ], [ 5.617798023990382, 60.291450986591315 ], [ 5.604117533249393, 60.278198399402655 ], [ 5.563662748738513, 60.256401729056435 ], [ 5.573103087378494, 60.242382026042485 ], [ 5.531048245471007, 60.19626249358055 ], [ 5.465419224586846, 60.1802059657891 ], [ 5.453978814201106, 60.167363388782924 ], [ 5.456645576528784, 60.14698191487302 ], [ 5.442058386596384, 60.13239348805755 ], [ 5.426457826979465, 60.159202863538006 ], [ 5.402376963160531, 60.15698087287164 ], [ 5.40445703777612, 60.17192640532991 ], [ 5.362028849142758, 60.17752106040058 ], [ 5.3381079910634845, 60.18783744563726 ], [ 5.33624125743411, 60.20634080838869 ], [ 5.366562345099812, 60.201328103254454 ], [ 5.380642850189953, 60.221021818148586 ], [ 5.361282155691009, 60.231113359091644 ], [ 5.310587003841845, 60.21811206846644 ], [ 5.2916529913153285, 60.22493675408455 ], [ 5.283412695722803, 60.20802052752338 ], [ 5.244344627622317, 60.20963411598348 ], [ 5.248638114969879, 60.22407705531483 ], [ 5.287866188810026, 60.22719842315567 ], [ 5.287119495358276, 60.236258325575065 ], [ 5.334427859051289, 60.25734078463567 ], [ 5.32869432004678, 60.26948237649115 ], [ 5.283839377695232, 60.257764020953076 ], [ 5.2621319323479305, 60.24240847831232 ], [ 5.236050996783237, 60.24558275069283 ], [ 5.243357925561075, 60.25484104513601 ], [ 5.2137301961005695, 60.2723259954987 ], [ 5.200929736927714, 60.29051193101208 ], [ 5.2156769325997745, 60.31929200059543 ], [ 5.2771458042527595, 60.32234723776168 ], [ 5.300693315606158, 60.317625507595665 ], [ 5.300773318475988, 60.30391000568484 ], [ 5.327280936013111, 60.311382771913976 ], [ 5.333494492236601, 60.345016833012544 ], [ 5.3233074601448696, 60.331645210609615 ], [ 5.294053077410239, 60.32076010157142 ], [ 5.257518433521047, 60.32056170954764 ], [ 5.234104260284032, 60.35034696538483 ], [ 5.235464309071148, 60.33474012618062 ], [ 5.205623238624428, 60.32761123945937 ], [ 5.182715750229671, 60.339594117695825 ], [ 5.17170202181636, 60.37447143547676 ], [ 5.241784535787745, 60.39946883047333 ], [ 5.314160465360933, 60.38543590132446 ], [ 5.30184002340706, 60.400156589489114 ], [ 5.320747368310299, 60.40413765609968 ], [ 5.282906010880544, 60.43636974689685 ], [ 5.279092540751964, 60.44677871507796 ], [ 5.311760379266023, 60.43703105364279 ], [ 5.320614030193915, 60.442810874602316 ], [ 5.268718835297296, 60.46026937269516 ], [ 5.276132434568241, 60.46758342530527 ], [ 5.254638330207154, 60.48173538966841 ], [ 5.273038990268135, 60.51925793443311 ], [ 5.299119925832828, 60.52679683133684 ], [ 5.372135878364659, 60.50843895606951 ], [ 5.44896530102507, 60.4519369076963 ], [ 5.466565932387747, 60.42745533196156 ], [ 5.4592323359866315, 60.45487310964828 ], [ 5.508620774295233, 60.42516721062061 ], [ 5.555342450276157, 60.422707149525706 ], [ 5.579369978848538, 60.43118510200867 ], [ 5.6236382334879975, 60.42910859882642 ], [ 5.640198827542879, 60.45523021529109 ], [ 5.666359765977403, 60.46266330311547 ], [ 5.694147429431811, 60.453881149529366 ], [ 5.735828924613422, 60.45712155258448 ], [ 5.737108970530708, 60.47362776896317 ], [ 5.724388514227683, 60.50872993103773 ], [ 5.720788385085317, 60.541729137660184 ], [ 5.735588916003931, 60.59590338628768 ], [ 5.741935810343806, 60.65087120301031 ], [ 5.735082231161672, 60.65772234089826 ], [ 5.769056783216294, 60.66609448430187 ], [ 5.800444575813067, 60.656730380779344 ], [ 5.807564831227968, 60.63943059630553 ], [ 5.833539096299555, 60.61555742277705 ], [ 5.938262852907481, 60.635304042210855 ], [ 5.872473826283658, 60.63642826367895 ], [ 5.842792761576598, 60.621667897109546 ], [ 5.803884699215772, 60.65675683304919 ], [ 5.767510061066241, 60.667179027365215 ], [ 5.739562391872172, 60.66474541854015 ], [ 5.7332154975322975, 60.68906828065587 ], [ 5.760549811391, 60.69283772910773 ], [ 5.799724549984594, 60.73352132011803 ], [ 5.772390236125892, 60.719528069373915 ], [ 5.758576407268518, 60.70042953055113 ], [ 5.678200190712295, 60.70042953055113 ], [ 5.665826413511867, 60.71456826877936 ], [ 5.681960325594321, 60.73620622550655 ], [ 5.723295141673335, 60.75554283475787 ], [ 5.766976708600705, 60.78276222042081 ], [ 5.772870253344873, 60.802535292124446 ], [ 5.761696519191902, 60.80532600659232 ], [ 5.736975632414325, 60.76748603458957 ], [ 5.693587409342999, 60.758135157201956 ], [ 5.663959679882493, 60.72706696627765 ], [ 5.654306000256298, 60.730757057919995 ], [ 5.593050469589528, 60.69951692724174 ], [ 5.550435607593229, 60.699754997670276 ], [ 5.5780899329312525, 60.65864817034257 ], [ 5.577956594814869, 60.643292627701825 ], [ 5.545795441143069, 60.62625736592638 ], [ 5.498007060231074, 60.630000362108404 ], [ 5.4637124966971315, 60.60725141004803 ], [ 5.425551127788055, 60.59585048174801 ], [ 5.391736581473094, 60.60702656575441 ], [ 5.408430513644361, 60.58606314190808 ], [ 5.393736653218854, 60.58577216693986 ], [ 5.366055660257553, 60.600916091421915 ], [ 5.3866163978039525, 60.56954369939447 ], [ 5.313147095676416, 60.55527269981706 ], [ 5.298613240990569, 60.54323691704093 ], [ 5.23146416557963, 60.565866833887036 ], [ 5.224770592137157, 60.58915805747908 ], [ 5.201649762756187, 60.61152345162681 ], [ 5.206449934946008, 60.62231597772057 ], [ 5.138954180432471, 60.644840085487324 ], [ 5.114073287915232, 60.65864817034257 ], [ 5.126820411841535, 60.67897673971281 ], [ 5.171888695179297, 60.669321661222064 ], [ 5.19556954464908, 60.65855558739814 ], [ 5.2118901300944716, 60.64032997348001 ], [ 5.25053151622253, 60.62113885171279 ], [ 5.26893217628351, 60.62010721318913 ], [ 5.230450795895113, 60.64227421531307 ], [ 5.236584349248773, 60.663171508484815 ], [ 5.1779955809096805, 60.691329949726985 ], [ 5.138607501329872, 60.70199021447156 ], [ 5.118766789611946, 60.71362921320012 ], [ 5.127167090944133, 60.72509627217474 ], [ 5.194822851197331, 60.69671298663894 ], [ 5.148261180956068, 60.73607396415736 ], [ 5.109273115725411, 60.72846893657904 ], [ 5.063644812298836, 60.751627898821894 ], [ 5.038657249288491, 60.78077830018298 ], [ 4.994122318416264, 60.79370023399867 ], [ 4.982068552695158, 60.78971916738811 ], [ 4.945853920285287, 60.80933352547272 ], [ 4.973588248493141, 60.806701524623875 ], [ 4.988575452774693, 60.81840665402703 ], [ 5.0120429612582615, 60.81261360693259 ], [ 5.017829835509324, 60.822533208121705 ], [ 5.068604990228318, 60.798170667601234 ], [ 5.082338816215861, 60.779389556016504 ], [ 5.115993356791161, 60.76433821447888 ], [ 5.089325733514378, 60.783053195389016 ], [ 5.159994935197853, 60.775606881429724 ], [ 5.159994935197853, 60.76878219581161 ], [ 5.195036192183545, 60.75410118605171 ], [ 5.240104475521308, 60.74317639860877 ], [ 5.273038990268135, 60.742422508918395 ], [ 5.319947339611995, 60.729937037555025 ], [ 5.347735003066403, 60.70958201591496 ], [ 5.333441156990047, 60.697070092281756 ], [ 5.355628619556331, 60.67143784280908 ], [ 5.352588510502778, 60.662840855111845 ], [ 5.381842893237408, 60.64573946266181 ], [ 5.362668872101401, 60.680590328172904 ], [ 5.4254177896716715, 60.650699263256364 ], [ 5.449818664969928, 60.635145328591825 ], [ 5.463632493827301, 60.6394835008452 ], [ 5.385923039598756, 60.68216423822824 ], [ 5.391736581473094, 60.69967564086076 ], [ 5.412884006731583, 60.694781970940795 ], [ 5.468405998393845, 60.65911108506474 ], [ 5.469312697585256, 60.67569665825294 ], [ 5.341548114466189, 60.75261985894081 ], [ 5.320480692077531, 60.749048802512725 ], [ 5.269332190632662, 60.76161363068561 ], [ 5.2687721705438495, 60.77114967396208 ], [ 5.30026663363373, 60.80072331164057 ], [ 5.332347784435699, 60.80572279063988 ], [ 5.331734429100333, 60.81593336679721 ], [ 5.379789486245096, 60.81610530655116 ], [ 5.351175126469108, 60.841221736762 ], [ 5.366509009853258, 60.86374584452875 ], [ 5.4171508264558685, 60.86554459887771 ], [ 5.475899600534621, 60.87635035110639 ], [ 5.501980536099315, 60.862357100362274 ], [ 5.531821606546035, 60.86944630867877 ], [ 5.587636942064341, 60.871006992599185 ], [ 5.5754498382268505, 60.87624454202704 ], [ 5.509687479226304, 60.86885113260742 ], [ 5.5164077202920545, 60.87583453184455 ], [ 5.488300045358325, 60.88780418394609 ], [ 5.522834617501759, 60.91296029256169 ], [ 5.467339293462774, 60.88722223400966 ], [ 5.413044012471244, 60.87640325564607 ], [ 5.388643137172988, 60.87949817121707 ], [ 5.343441515718841, 60.8639177842827 ], [ 5.335654569722021, 60.82964886870803 ], [ 5.310480333348737, 60.83210892980293 ], [ 5.313227098546246, 60.816449186059046 ], [ 5.298266561887971, 60.81011386743293 ], [ 5.286106125673758, 60.822824183089914 ], [ 5.258371797465904, 60.832942176302815 ], [ 5.218103686317962, 60.823300323946995 ], [ 5.207329966514142, 60.84725285428498 ], [ 5.194849518820607, 60.83701582585781 ], [ 5.185595853543564, 60.84840352802292 ], [ 5.155808118343398, 60.84628734643591 ], [ 5.147754496113809, 60.83456899089783 ], [ 5.102152860310511, 60.82990016527149 ], [ 5.066284907003237, 60.84353631037279 ], [ 5.072525130850005, 60.84956742789578 ], [ 5.050284333037168, 60.88353214236731 ], [ 5.032443693065001, 60.89670537274646 ], [ 5.03609715745392, 60.9299691020673 ], [ 5.010736247717699, 60.935233103764986 ], [ 5.0032693132002, 60.95476810504009 ], [ 5.0287902286760815, 60.9656664402132 ], [ 5.071938443137916, 60.95658008552397 ], [ 5.126047050766508, 60.95643459803986 ], [ 5.113326594463483, 60.897842820349474 ], [ 5.12188690153533, 60.87661487380477 ], [ 5.1353007160435515, 60.88138950851046 ], [ 5.123700299918151, 60.89703602611943 ], [ 5.140527570205801, 60.938182531851886 ], [ 5.133113970934855, 60.9632063791183 ], [ 5.169808620563709, 60.96845715468107 ], [ 5.195622879895634, 60.962016026975604 ], [ 5.2478380862715746, 60.96741229002248 ], [ 5.310987018190996, 60.98795247755141 ], [ 5.28119928299083, 60.984963371059756 ], [ 5.241277850945487, 60.969634280688844 ], [ 5.19002267900751, 60.9656664402132 ], [ 5.174128775534547, 60.998705325240415 ], [ 5.161915004073781, 60.97447504606913 ], [ 5.118286772392964, 60.96471415849904 ], [ 5.073298491925032, 60.981127791933304 ], [ 5.04388410345074, 60.97928935917958 ], [ 5.027243506526028, 61.000623114803645 ], [ 5.050044324427677, 61.02491952464952 ], [ 5.020496597837002, 61.0345349247355 ], [ 5.048124255551748, 61.05019466847939 ], [ 5.044337453046445, 61.060854933223965 ], [ 5.088339031453137, 61.07134325821459 ], [ 5.1414342693972115, 61.07053646398454 ], [ 5.158608218787459, 61.08401389546682 ], [ 5.16954194433094, 61.07097292643686 ], [ 5.206956619788267, 61.078009230213674 ], [ 5.23370424593488, 61.066118934921654 ], [ 5.28194597644258, 61.06667443258824 ], [ 5.300293301257007, 61.06082848095412 ], [ 5.296106484402552, 61.049030768606535 ], [ 5.325494205253566, 61.0431054601629 ], [ 5.322854110549165, 61.03112258192645 ], [ 5.359042075335759, 61.03335779872773 ], [ 5.406190433289111, 61.022856247602185 ], [ 5.4629124679988275, 61.03054063199002 ], [ 5.459925694191828, 61.01683835621412 ], [ 5.476672961609648, 60.9903331818368 ], [ 5.492966879431762, 61.023954016800445 ], [ 5.480886446087379, 61.04670296886082 ], [ 5.520514534276678, 61.06533859296144 ], [ 5.565582817614441, 61.064201145358425 ], [ 5.60430420661233, 61.08360388528433 ], [ 5.658732825720244, 61.05839487212906 ], [ 5.678013517349358, 61.06598667357247 ], [ 5.618864728921453, 61.08471488061752 ], [ 5.637985414810906, 61.0977029451078 ], [ 5.669479877900788, 61.10459376140051 ], [ 5.6692932045378495, 61.09511062266371 ], [ 5.703507765201962, 61.095626441925546 ], [ 5.773990293522498, 61.10838966212221 ], [ 5.771856883660356, 61.117436338406684 ], [ 5.795671071246523, 61.12605977837376 ], [ 5.823565405194038, 61.11968478134288 ], [ 5.817885201436083, 61.08311451829234 ], [ 5.803058002894192, 61.06832769945309 ], [ 5.833565763922831, 61.07802245634859 ], [ 5.842632755836938, 61.097226804250724 ], [ 5.874633903769077, 61.09331186831475 ], [ 5.855219874023579, 61.108006104209565 ], [ 5.888821079352326, 61.118785404168406 ], [ 5.893461245802485, 61.12919437234952 ], [ 5.972904095544021, 61.12904888486541 ], [ 6.029839471239953, 61.114910146637186 ], [ 6.077281173049349, 61.10747705881281 ], [ 6.122962811722478, 61.116761805525826 ], [ 6.136829975826405, 61.11008260739182 ], [ 6.161684200720367, 61.118573786009705 ], [ 6.192591976098157, 61.114751433018164 ], [ 6.2250198060027255, 61.09959428240119 ], [ 6.28358190671854, 61.09999106644876 ], [ 6.302302578258842, 61.093946722790854 ], [ 6.324516708448402, 61.07398848519835 ], [ 6.293982279796486, 61.036055930251166 ], [ 6.3424640189136765, 61.06971644361957 ], [ 6.40891973611942, 61.0701529060719 ], [ 6.411906509926419, 61.05630514281189 ], [ 6.383905505485798, 61.02739281187934 ], [ 6.381345413651226, 61.015528968857154 ], [ 6.352251036656256, 61.01117757046887 ], [ 6.417586713684374, 61.00755360950111 ], [ 6.400199423307911, 61.02320012711007 ], [ 6.433133938054738, 61.055392539502485 ], [ 6.434120640115979, 61.06992806177827 ], [ 6.463295019980779, 61.08159351277668 ], [ 6.503616466375275, 61.083048387617744 ], [ 6.537591018429897, 61.1029008161309 ], [ 6.574419006175133, 61.09866845295687 ], [ 6.589752889559284, 61.09045502317228 ], [ 6.605993472134844, 61.126509466961 ], [ 6.625780848606217, 61.14939068037056 ], [ 6.632607760165073, 61.17363418567676 ], [ 6.704797016375323, 61.15010489165618 ], [ 6.764132478166166, 61.15042231889423 ], [ 6.780186387378789, 61.14318762309363 ], [ 6.819974481307749, 61.1482267804977 ], [ 6.851442276774352, 61.14552864897426 ], [ 6.875976490188993, 61.12967051320659 ], [ 6.873976418443234, 61.10209402190085 ], [ 6.88237671977542, 61.08825948477576 ], [ 6.9402721299093155, 61.074319138571326 ], [ 6.957046064950412, 61.088233032505926 ], [ 7.00555447169088, 61.068036724484884 ], [ 7.007661213929746, 61.04698071769412 ], [ 7.036995599534206, 60.999141787692736 ], [ 7.01699488207662, 60.978985158076455 ], [ 6.935391954849665, 60.95832593533325 ], [ 6.922111478457827, 60.942904262017905 ], [ 6.870136280691377, 60.92944005667054 ], [ 6.868296214685279, 60.90880728619718 ], [ 6.840961900826577, 60.879379136002804 ], [ 6.874536438532046, 60.900633534817345 ], [ 6.875949822565715, 60.92555157300441 ], [ 6.942165531161967, 60.944438493668486 ], [ 6.967979790493893, 60.95860368416655 ], [ 6.9910206170050335, 60.960759544158314 ], [ 7.033182129405628, 60.9748718301167 ], [ 7.046489273420741, 60.987370527614985 ], [ 7.070810145849167, 60.969039104617494 ], [ 7.109024850004797, 60.95032412370736 ], [ 7.1550265001572475, 60.93828834093124 ], [ 7.157559924368542, 60.91549971046611 ], [ 7.119425223082742, 60.86389133201286 ], [ 7.141559350402472, 60.867211091877486 ], [ 7.155719858362444, 60.89085942111234 ], [ 7.181880796796968, 60.90354328449949 ], [ 7.196441319106091, 60.92444057767123 ], [ 7.176440601648504, 60.95121027474693 ], [ 7.1216386358147155, 60.95689751276202 ], [ 7.084357298473773, 60.9748056994421 ], [ 7.058676377258231, 61.02056812626123 ], [ 7.035422209760877, 61.04860753228913 ], [ 7.04782265458458, 61.06040524463672 ], [ 7.0265685588329845, 61.08691041901404 ], [ 7.042222453696456, 61.1037472887657 ], [ 7.066409988008498, 61.11200039695505 ], [ 7.096757743297477, 61.10665703844784 ], [ 7.16081337440831, 61.118190228097056 ], [ 7.219188801761186, 61.11942025864451 ], [ 7.240149553656738, 61.14509218652194 ], [ 7.273324077013056, 61.14187823573667 ], [ 7.333166223646156, 61.120769324406226 ], [ 7.384288057467749, 61.12238291286632 ], [ 7.3938884018473905, 61.111894587875696 ], [ 7.427036257580431, 61.10140626288507 ], [ 7.463730907209285, 61.11038680849495 ], [ 7.42596955264936, 61.11251621621688 ], [ 7.412662408634246, 61.13570163072958 ], [ 7.37399435488291, 61.14693061927566 ], [ 7.41975599642587, 61.153900792377875 ], [ 7.456850660403875, 61.1768216841922 ], [ 7.520986294384537, 61.19279885517413 ], [ 7.571201429014719, 61.19541762988806 ], [ 7.609042786444474, 61.19197883480916 ], [ 7.646670802888014, 61.206038216227874 ], [ 7.660351293629004, 61.22302057346364 ], [ 7.692325773937867, 61.220653095313175 ], [ 7.709259714718623, 61.23427601427956 ], [ 7.6806453549426354, 61.23255661674011 ], [ 7.649737579564844, 61.240822951064374 ], [ 7.627683455114945, 61.2147013345997 ], [ 7.542907080718052, 61.20786342284667 ], [ 7.520692950528493, 61.21053510210027 ], [ 7.480718183236595, 61.20245393366487 ], [ 7.430503048606413, 61.19942514876846 ], [ 7.393355049381855, 61.206964045672194 ], [ 7.378581186086517, 61.26752651746548 ], [ 7.311858792648007, 61.29995700028643 ], [ 7.358473798135823, 61.31246892391964 ], [ 7.396528496551792, 61.33658016787665 ], [ 7.391728324361971, 61.3557977419137 ], [ 7.438663341329109, 61.39530420691622 ], [ 7.484558320988452, 61.408212914596994 ], [ 7.4985588232087625, 61.437627838656454 ], [ 7.518559540666351, 61.4491874805755 ], [ 7.548240605373409, 61.452573371114724 ], [ 7.599389106818279, 61.48480546191189 ], [ 7.587495346836834, 61.494751515370844 ], [ 7.523706391958769, 61.457784468272735 ], [ 7.448957043913946, 61.437072340989864 ], [ 7.4364765962204125, 61.40929745766034 ], [ 7.399221926502747, 61.402247927748604 ], [ 7.371194254438848, 61.39056925061528 ], [ 7.363433976065305, 61.37878476440261 ], [ 7.333992919967736, 61.39084699944858 ], [ 7.284471143542751, 61.39554227734476 ], [ 7.303671832302035, 61.38162838341016 ], [ 7.340953169642977, 61.369182590451544 ], [ 7.3472200611130205, 61.34397357729627 ], [ 7.250789935344175, 61.2971266074138 ], [ 7.298391642893232, 61.271957272663286 ], [ 7.330686134681415, 61.26531775293404 ], [ 7.353406949713234, 61.19728251491161 ], [ 7.395488459243998, 61.18207245975497 ], [ 7.364287340010161, 61.16740467612999 ], [ 7.325272607156228, 61.15661215003624 ], [ 7.257483508786647, 61.169877963359816 ], [ 7.262577024832512, 61.179202388477584 ], [ 7.237296117966123, 61.18268086196123 ], [ 7.246256439387121, 61.1715576824945 ], [ 7.196094640003492, 61.16871406348696 ], [ 7.173747171697549, 61.158437356655035 ], [ 7.175880581559691, 61.143557954871355 ], [ 7.1521730644666315, 61.143941512784004 ], [ 7.083770610761684, 61.1343128865631 ], [ 7.040009040964483, 61.13425998202342 ], [ 7.000460955645014, 61.12084868121574 ], [ 6.995554112962086, 61.106366063479626 ], [ 6.9443522762706635, 61.11338914112152 ], [ 6.944192270531003, 61.12781885431796 ], [ 6.927124991633862, 61.14205017549061 ], [ 6.954645978855502, 61.15186396760038 ], [ 6.994300734668078, 61.15058103251325 ], [ 7.049662720590678, 61.1909471962855 ], [ 7.076330343867461, 61.19816866595117 ], [ 7.169027002377558, 61.19949127944306 ], [ 7.151079691912283, 61.20836601597359 ], [ 7.119025208733591, 61.20991347375909 ], [ 7.13427908924791, 61.24857346612681 ], [ 7.16569354946796, 61.25080868292809 ], [ 7.173747171697549, 61.2612176511092 ], [ 7.14630618734574, 61.25989503761732 ], [ 7.112384970537672, 61.24670858110325 ], [ 7.118838535370653, 61.231220777113315 ], [ 7.088837459184273, 61.21087898160816 ], [ 7.057796345690098, 61.20580014579934 ], [ 7.022648418211298, 61.19102655309501 ], [ 6.993767382202542, 61.16699466594751 ], [ 6.995580780585364, 61.157352813591686 ], [ 6.952779245226127, 61.1626300414243 ], [ 6.911257755784176, 61.16120161885306 ], [ 6.888910287478232, 61.174493884446484 ], [ 6.871309656115556, 61.172893522121306 ], [ 6.84856217346046, 61.18482349581808 ], [ 6.789360049786002, 61.18168890184232 ], [ 6.716664108733492, 61.18184761546135 ], [ 6.697650093337146, 61.19898868631614 ], [ 6.628767622413216, 61.210032508973356 ], [ 6.597913182281978, 61.20714921156105 ], [ 6.5829526456237035, 61.22682970032026 ], [ 6.592792998612836, 61.24214556455626 ], [ 6.621887375607806, 61.249618330785395 ], [ 6.678529407447693, 61.27923164686864 ], [ 6.680529479193451, 61.295896576866355 ], [ 6.716797446849876, 61.33533691119428 ], [ 6.74229169470248, 61.34675106562922 ], [ 6.761172371982443, 61.41472017297705 ], [ 6.749278612000998, 61.418476395294 ], [ 6.742078353716266, 61.388823400806 ], [ 6.723411017422519, 61.35362865578701 ], [ 6.6919165543326375, 61.337029856463886 ], [ 6.669169071677542, 61.31658225187939 ], [ 6.654555214121865, 61.28542147801065 ], [ 6.573965656579428, 61.25248840206278 ], [ 6.564818661795492, 61.270370136473026 ], [ 6.564445315069616, 61.297549843731204 ], [ 6.551671523520037, 61.29995700028643 ], [ 6.545084620570672, 61.27276406689333 ], [ 6.5003363487122305, 61.27523735412315 ], [ 6.539164408203226, 61.26207734987892 ], [ 6.555404990778787, 61.242555574738745 ], [ 6.546818016083662, 61.22880039442317 ], [ 6.568072111835258, 61.21356388699668 ], [ 6.505269859018435, 61.219343707956206 ], [ 6.539324413942888, 61.209212488608394 ], [ 6.528390688399407, 61.194981167435735 ], [ 6.545511302543101, 61.160632895051556 ], [ 6.544177921379262, 61.13865105881647 ], [ 6.472095335662118, 61.12736916573072 ], [ 6.476042143907081, 61.11591533289102 ], [ 6.384678866560824, 61.11005615512198 ], [ 6.363371435562675, 61.11218556284391 ], [ 6.335157090135838, 61.1268665726038 ], [ 6.298302434767324, 61.13588679661844 ], [ 6.276301645563978, 61.132434775404626 ], [ 6.231820049938305, 61.15712796929807 ], [ 6.203872380744237, 61.16501074570969 ], [ 6.225153144119109, 61.18619901384964 ], [ 6.194538712597363, 61.174216135613186 ], [ 6.183418313690945, 61.16034192008334 ], [ 6.137683339771262, 61.15317335495734 ], [ 6.052586953895048, 61.146242860259875 ], [ 6.005491931188249, 61.16382039356699 ], [ 6.019305760045623, 61.17363418567676 ], [ 6.061813951548815, 61.18098791669163 ], [ 6.080774631698608, 61.206831784323 ], [ 6.0592805273375205, 61.21546845042499 ], [ 6.051813592820022, 61.19463728792785 ], [ 5.997998329047474, 61.180961464421785 ], [ 5.981224394006377, 61.1696531190662 ], [ 5.931089262246026, 61.16069902572615 ], [ 5.866526946292935, 61.15990545763102 ], [ 5.850446369457035, 61.166161419447626 ], [ 5.8273788753226174, 61.16077838253566 ], [ 5.8128716882600475, 61.188619396539785 ], [ 5.835165821319438, 61.20672597524365 ], [ 5.8195119264559665, 61.20869666934656 ], [ 5.795911079856014, 61.189611356658695 ], [ 5.799244532765612, 61.15972029174216 ], [ 5.728895342561459, 61.167603068153774 ], [ 5.725908568754459, 61.1457667194028 ], [ 5.703827776681283, 61.137751681641994 ], [ 5.6709199295577335, 61.14784322258505 ], [ 5.613557871889373, 61.14252631634769 ], [ 5.5481688596147025, 61.10816481782859 ], [ 5.4961936618482525, 61.09868167909179 ], [ 5.416457468250672, 61.071475519563776 ], [ 5.391043223267898, 61.07052323784962 ], [ 5.378056090732105, 61.0913808526166 ], [ 5.346828303874992, 61.10218660484528 ], [ 5.342801492760199, 61.13590002275336 ], [ 5.331147741388244, 61.12336164685031 ], [ 5.287039492488446, 61.11022809487592 ], [ 5.271145589015483, 61.11438110124043 ], [ 5.239624458302326, 61.104130846678345 ], [ 5.224983933123372, 61.10693478728114 ], [ 5.230290790155451, 61.12557041138176 ], [ 5.196929593436197, 61.13502709784872 ], [ 5.197089599175857, 61.14714223743436 ], [ 5.238237741891933, 61.14482766382356 ], [ 5.265438717634251, 61.129974714309725 ], [ 5.290026266295445, 61.13787071685626 ], [ 5.251331544920833, 61.152035907354325 ], [ 5.200956404550991, 61.16338393111467 ], [ 5.172795394370708, 61.14697029768041 ], [ 5.1058863275692605, 61.166597881899946 ], [ 5.075911919006156, 61.16862148054253 ], [ 5.077191964923442, 61.18134502233443 ], [ 5.098366057805207, 61.20216295869666 ], [ 5.14252764195156, 61.20468915046615 ], [ 5.216503628921355, 61.188844240833404 ], [ 5.240344484130799, 61.17462614579567 ], [ 5.2897062548161236, 61.170274747407376 ], [ 5.297653206552605, 61.17721846823976 ], [ 5.262531946697083, 61.18156986662805 ], [ 5.259118490917654, 61.19363210167402 ], [ 5.3011466652018635, 61.18135824846935 ], [ 5.31344043953246, 61.18470446060381 ], [ 5.282159317428794, 61.19876384202252 ], [ 5.2191437236257565, 61.218140129678595 ], [ 5.174475454637145, 61.22507062437606 ], [ 5.0628981188470865, 61.21876175801978 ], [ 5.013243004305717, 61.22030921580528 ], [ 5.008336161622789, 61.22714712755831 ], [ 5.042790730896392, 61.23678897991414 ], [ 5.007216121445164, 61.24857346612681 ], [ 5.031376988133929, 61.258823720688895 ], [ 5.01022956287544, 61.266997472068724 ], [ 4.996869083613772, 61.251827095316834 ], [ 4.9751883058897475, 61.266217130108515 ], [ 4.980521830545104, 61.28378143728071 ], [ 5.024976758547501, 61.28846348904197 ], [ 5.0658582250308095, 61.30096218654026 ], [ 5.080338744470103, 61.297100155143966 ], [ 5.129273833182999, 61.29971892985789 ], [ 5.136874105816882, 61.317415498379276 ], [ 5.155861453589951, 61.30523422811904 ], [ 5.22442391303456, 61.305207775849205 ], [ 5.200929736927714, 61.31700548819679 ], [ 5.218770376899881, 61.33093260826631 ], [ 5.198742991819017, 61.33244038764706 ], [ 5.199836364373366, 61.34548135667702 ], [ 5.279172543621795, 61.349303709668554 ], [ 5.303040066454515, 61.33677855990043 ], [ 5.291759661808436, 61.35743778264363 ], [ 5.35240183713984, 61.35057341862076 ], [ 5.367709052900714, 61.361723050357334 ], [ 5.40139026109929, 61.365280880650495 ], [ 5.401683604955334, 61.37447304441908 ], [ 5.426697835588957, 61.377581186125 ], [ 5.462459118403123, 61.371100380014774 ], [ 5.510647513664269, 61.36979099265781 ], [ 5.53707512833156, 61.37440691374448 ], [ 5.561476003629817, 61.36213306053981 ], [ 5.6603062154935735, 61.37440691374448 ], [ 5.640838850501522, 61.37647019079182 ], [ 5.57131635661895, 61.369222268856305 ], [ 5.528381483143329, 61.3796180109025 ], [ 5.450432020305294, 61.37943284501363 ], [ 5.404403702529566, 61.38431328879868 ], [ 5.391976590082585, 61.374592079633345 ], [ 5.317413915400701, 61.37247589804633 ], [ 5.270825577536161, 61.36044011527021 ], [ 5.19159606878084, 61.359527511960806 ], [ 5.174635460376806, 61.35079826291438 ], [ 5.171675354193083, 61.33435817721029 ], [ 5.07753864402604, 61.32209755014054 ], [ 5.0695383570430055, 61.33435817721029 ], [ 5.11044649114959, 61.33913281191598 ], [ 5.103512909097627, 61.34939629261299 ], [ 5.114579972757491, 61.36574379537265 ], [ 5.1012461611191, 61.370095193760946 ], [ 5.104846290261466, 61.34333872282017 ], [ 5.051271035098409, 61.34653944747052 ], [ 5.0268434921768765, 61.38080836304519 ], [ 5.0551378404735425, 61.40276374701044 ], [ 5.095592624984422, 61.39939108260614 ], [ 5.105619651336492, 61.37627179876804 ], [ 5.104606281651975, 61.41146654378702 ], [ 5.164795107387674, 61.42720564434042 ], [ 5.083405521146933, 61.42449428668206 ], [ 5.051404373214793, 61.41282883568366 ], [ 5.000149201276817, 61.40502541608156 ], [ 4.978228414943301, 61.42080419503971 ], [ 5.0025492873717265, 61.43063121328439 ], [ 5.051724384694115, 61.44011435202119 ], [ 5.075885251382879, 61.450060405480144 ], [ 5.124046979020749, 61.45500697993978 ], [ 5.236744354988433, 61.455588929876214 ], [ 5.240691163233397, 61.48201474744402 ], [ 5.3262675663285926, 61.46230780641498 ], [ 5.38149621413481, 61.46340557561324 ], [ 5.326720915924298, 61.477980776293776 ], [ 5.413497362066949, 61.47652590145271 ], [ 5.435444816023741, 61.45770511146323 ], [ 5.468566004133506, 61.45360500963839 ], [ 5.45120538138032, 61.44887005333745 ], [ 5.481633139539129, 61.443050553973166 ], [ 5.546515466971542, 61.44045823152908 ], [ 5.602570811099339, 61.45814157391555 ], [ 5.634945305757354, 61.45451761294779 ], [ 5.686040471955669, 61.477769158135075 ], [ 5.6943074351714715, 61.49096884078406 ], [ 5.7516961604631085, 61.492820499672696 ], [ 5.796817779047425, 61.48114182253938 ], [ 5.798284498327648, 61.46716179793018 ], [ 5.81649848502569, 61.45971548397088 ], [ 5.841672721398973, 61.46281039954189 ], [ 5.805538091858932, 61.47335162907219 ], [ 5.814898427629084, 61.4892362171097 ], [ 5.759109759734054, 61.50325592012365 ], [ 5.715081513704085, 61.507554413972265 ], [ 5.633745262709898, 61.484289642650054 ], [ 5.630198468814086, 61.47323259385792 ], [ 5.530248216772704, 61.45478213564616 ], [ 5.480779775594272, 61.454649874296976 ], [ 5.451658730976026, 61.46158036899444 ], [ 5.443471770630053, 61.471579326993066 ], [ 5.478993044834728, 61.46508529474793 ], [ 5.470246064399943, 61.484104476761196 ], [ 5.419897591653378, 61.49059850900633 ], [ 5.356908665473616, 61.48751681957025 ], [ 5.285332764598731, 61.49807127523547 ], [ 5.245384664930111, 61.498362250203684 ], [ 5.1707419873783955, 61.517963382153376 ], [ 5.185702524036671, 61.52489387685084 ], [ 5.159888264704746, 61.53345118614332 ], [ 5.182742417852948, 61.53609641312708 ], [ 5.181542374805493, 61.55627949501321 ], [ 5.212023468210855, 61.554150087291276 ], [ 5.243571266547289, 61.54146622390412 ], [ 5.3012533356949705, 61.54356917935622 ], [ 5.277492483355357, 61.55354168508501 ], [ 5.317653924010192, 61.54663764265739 ], [ 5.353361871577804, 61.5622444818616 ], [ 5.328427643814012, 61.55961248101275 ], [ 5.280345919045973, 61.56938659471776 ], [ 5.229490761457148, 61.58566796680283 ], [ 5.204663204186463, 61.582242397858856 ], [ 5.1772755550812075, 61.594357537444495 ], [ 5.209943393595267, 61.600058001594505 ], [ 5.234850953735782, 61.59685727694416 ], [ 5.250718189585467, 61.607147209911 ], [ 5.303360077933837, 61.60653880770473 ], [ 5.397736796710371, 61.59401365793661 ], [ 5.354161900276107, 61.58308887049366 ], [ 5.370989170563758, 61.578089391494345 ], [ 5.458485642534882, 61.57174084673331 ], [ 5.444031790718865, 61.5786184368911 ], [ 5.461125737239283, 61.58662024851699 ], [ 5.3902965298161485, 61.60731914966494 ], [ 5.3400547275626895, 61.613244458108575 ], [ 5.311947052628961, 61.608813702910766 ], [ 5.264932032791992, 61.6120012014262 ], [ 5.197676286887947, 61.60839046659336 ], [ 5.093219206512789, 61.59434431130958 ], [ 5.039457277986794, 61.589966460651446 ], [ 5.004736032480423, 61.57933264817672 ], [ 4.994442329895585, 61.59115681279414 ], [ 5.006656101356351, 61.6004018811024 ], [ 5.055031169980436, 61.603007429681405 ], [ 5.079058698552817, 61.612860900195926 ], [ 5.134954036940954, 61.61063890952957 ], [ 5.135887403755641, 61.60378777164161 ], [ 5.203223152529517, 61.61778102238573 ], [ 5.275385741116492, 61.61766198717146 ], [ 5.322987448665549, 61.63129813227277 ], [ 5.359015407712482, 61.62766094517009 ], [ 5.415337428073047, 61.642050979961766 ], [ 5.375842678000132, 61.63825507924007 ], [ 5.329814360224405, 61.64005383358903 ], [ 5.285732778947883, 61.62526701474978 ], [ 5.2238372253224705, 61.62648381916232 ], [ 5.233197561092621, 61.635596626121384 ], [ 5.15412805807696, 61.62887774958262 ], [ 5.104126264432993, 61.63895606439077 ], [ 4.991482223711862, 61.62729061339236 ], [ 5.009056187451262, 61.64742079073881 ], [ 4.974308274321614, 61.66917778268027 ], [ 4.978415088306239, 61.69609296724008 ], [ 4.970601474686141, 61.723537197196634 ], [ 4.992282252410166, 61.739606951123 ], [ 5.0342037562012685, 61.75760772074752 ], [ 5.059244654458167, 61.75783256504114 ], [ 5.097992711079333, 61.74865362740748 ], [ 5.108713095636599, 61.706396126341836 ], [ 5.121993572028437, 61.71278434950763 ], [ 5.117406740824831, 61.742807675773356 ], [ 5.148314516202621, 61.73386680856824 ], [ 5.17178202468619, 61.70675323198465 ], [ 5.175782168177708, 61.72291556885545 ], [ 5.224690589267327, 61.726063388966125 ], [ 5.195356203662866, 61.73544071862357 ], [ 5.147567822750871, 61.741934750868715 ], [ 5.1508212727906395, 61.75525346873197 ], [ 5.27431903618542, 61.7630039837944 ], [ 5.285866117064267, 61.77198452940428 ], [ 5.267492124626564, 61.77747337539559 ], [ 5.227704030697604, 61.77596559601484 ], [ 5.190049346630786, 61.76797701052388 ], [ 5.157648184349496, 61.7724209918566 ], [ 5.130473876230454, 61.757647399152276 ], [ 5.092072498711887, 61.76374464734985 ], [ 5.096552659422386, 61.77641528460209 ], [ 5.156981493767576, 61.807430570986725 ], [ 5.2205837752827025, 61.811424863732206 ], [ 5.232770879120192, 61.81650369954104 ], [ 5.3094136284176665, 61.82552392355567 ], [ 5.295359790950801, 61.8350996452369 ], [ 5.346428289525841, 61.849423549353986 ], [ 5.30333341031056, 61.863615192121884 ], [ 5.335841243084958, 61.88567638516648 ], [ 5.384749664174578, 61.90854437244112 ], [ 5.433311406161599, 61.91776298847954 ], [ 5.467792643058479, 61.90634883404459 ], [ 5.543342019801605, 61.90207679246581 ], [ 5.5465421345948185, 61.888480325769265 ], [ 5.59593057290342, 61.8993257564027 ], [ 5.650412527257887, 61.88862581325337 ], [ 5.7079879259124615, 61.88461829437297 ], [ 5.739109042276467, 61.85897281876537 ], [ 5.778417118986445, 61.85172489682986 ], [ 5.691453999480856, 61.84230788876766 ], [ 5.676146783719982, 61.830100166237585 ], [ 5.639585472207513, 61.816688865429896 ], [ 5.667719814764519, 61.813395557835115 ], [ 5.693774082705936, 61.83331411702286 ], [ 5.789830861748907, 61.8445166532991 ], [ 5.810124923062539, 61.84180529564074 ], [ 5.856419917071034, 61.85499175215481 ], [ 5.906501713584833, 61.85925056759867 ], [ 5.9785042964321455, 61.850084856099926 ], [ 5.984984528888404, 61.842797255759656 ], [ 5.969037290168888, 61.820352504802415 ], [ 5.963357086410933, 61.790183691052576 ], [ 5.941889649673123, 61.764723381333845 ], [ 5.91066186281601, 61.744778369876265 ], [ 5.9450097615965065, 61.7481774865504 ], [ 5.967090553669682, 61.76550372329406 ], [ 5.980904382527056, 61.7870358709419 ], [ 5.982824451402984, 61.81014192864508 ], [ 6.0060786189003394, 61.841818521775664 ], [ 6.03623970082638, 61.84605088494968 ], [ 6.134803236457369, 61.77482814841183 ], [ 6.179258164459766, 61.76430014501644 ], [ 6.212432687816084, 61.77316165541205 ], [ 6.18328497557456, 61.78342513610906 ], [ 6.151817180107956, 61.80325111235238 ], [ 6.098428598307837, 61.824955199754164 ], [ 6.079627923897705, 61.846857679179735 ], [ 6.11058903452205, 61.83304959432448 ], [ 6.134376554484941, 61.82978273899953 ], [ 6.189551867044605, 61.833605091991075 ], [ 6.248567317356125, 61.84654025194168 ], [ 6.294888978987896, 61.847571890465346 ], [ 6.336517138922954, 61.83939813908552 ], [ 6.384678866560824, 61.816635960890224 ], [ 6.475748800051037, 61.80417694179669 ], [ 6.530044081042567, 61.80900448104207 ], [ 6.564818661795492, 61.829769512864615 ], [ 6.609966948003084, 61.846751870100384 ], [ 6.611673675892799, 61.85538853620237 ], [ 6.582765972260766, 61.863072920590206 ], [ 6.592739663366283, 61.86987115393848 ], [ 6.688929780525639, 61.872979295644406 ], [ 6.757118893244372, 61.86390616709009 ], [ 6.795626941256046, 61.849648393647605 ], [ 6.803653895862357, 61.83487480094328 ], [ 6.813360910735106, 61.859845743670014 ], [ 6.836508407739354, 61.875386452199635 ], [ 6.787546651403181, 61.86983147553373 ], [ 6.763412452337692, 61.87898396089755 ], [ 6.710583890626386, 61.881523378801965 ], [ 6.699463491719968, 61.89988125406929 ], [ 6.676369329962274, 61.8861128476188 ], [ 6.630207674070163, 61.89067586416579 ], [ 6.5559916784908765, 61.878071357588155 ], [ 6.534124227403915, 61.858734748336836 ], [ 6.52537724696913, 61.83450446916555 ], [ 6.443027626290425, 61.82965047765035 ], [ 6.402652844649375, 61.83487480094328 ], [ 6.329183542521839, 61.86173708096341 ], [ 6.234273471279769, 61.86177675936816 ], [ 6.211846000103995, 61.85525627485318 ], [ 6.1359766118815475, 61.846593156481354 ], [ 6.0784812160968045, 61.864104559113876 ], [ 6.0696008975456355, 61.87284703429522 ], [ 6.037413076250559, 61.8764180907233 ], [ 5.959676954398737, 61.87340253196181 ], [ 5.910955206672055, 61.882845992293845 ], [ 5.858606662179731, 61.875598070358336 ], [ 5.807778172214182, 61.857160838281494 ], [ 5.808418195172825, 61.86622074070089 ], [ 5.774843657467356, 61.87186830031123 ], [ 5.733748849997833, 61.89468338304619 ], [ 5.81036493167203, 61.90067482216442 ], [ 5.847006246054329, 61.897077313466504 ], [ 5.90071483933377, 61.90264551626733 ], [ 5.965410493403246, 61.89903478143449 ], [ 5.981811081718467, 61.91183768003591 ], [ 5.907808427125395, 61.91929722013012 ], [ 5.857326616262444, 61.91215510727396 ], [ 5.842659423460214, 61.91691651584473 ], [ 5.760869822870322, 61.918715270193694 ], [ 5.708627948871104, 61.91023731771073 ], [ 5.627078356890703, 61.91621553069404 ], [ 5.607931003377972, 61.92256407545507 ], [ 5.550968960058764, 61.92188954257421 ], [ 5.5015005188803325, 61.93307885271553 ], [ 5.4590189950004175, 61.926426106851366 ], [ 5.448725292415579, 61.94007547808759 ], [ 5.382456248572774, 61.93057911321588 ], [ 5.382856262921926, 61.9265186897958 ], [ 5.323174122028486, 61.90931148826641 ], [ 5.306640195596881, 61.91327932874206 ], [ 5.239491120185942, 61.90952310642511 ], [ 5.2241572368017914, 61.91437709794032 ], [ 5.180395667004591, 61.89541082046673 ], [ 5.146687791182738, 61.91165251414704 ], [ 5.1861558736323765, 61.9126047958612 ], [ 5.122526924493973, 61.91938980307455 ], [ 5.158981565513335, 61.96002048954517 ], [ 5.15636813843221, 61.977346726288836 ], [ 5.173622090692288, 61.987067935454164 ], [ 5.190209352370447, 61.98185683829615 ], [ 5.198796327065571, 61.95094736099087 ], [ 5.225623956082015, 61.93449404915185 ], [ 5.2089300239107486, 61.95398937202219 ], [ 5.201889771365678, 61.97909257609812 ], [ 5.252398249851905, 61.98034905891541 ], [ 5.288159532666071, 61.94973055657833 ], [ 5.304026768515756, 61.95822173519622 ], [ 5.274532377171634, 61.9786561136458 ], [ 5.298666576237123, 61.98794086035881 ], [ 5.312880419443648, 61.97594475598744 ], [ 5.3431215042395195, 62.0327642315987 ], [ 5.351788481804474, 62.022474298631856 ], [ 5.387389758878979, 62.02566179714729 ], [ 5.408003831671932, 62.01309696897441 ], [ 5.426404491732912, 62.01866517177523 ], [ 5.392856621650719, 62.035078805209494 ], [ 5.339761383706645, 62.03563430287608 ], [ 5.344294879663698, 62.05848906401581 ], [ 5.314693817826469, 62.074942375854825 ], [ 5.262558614320358, 62.085721675813666 ], [ 5.233730913558157, 62.103537279549315 ], [ 5.119406812570589, 62.100574625327496 ], [ 5.120100170775785, 62.1273443224032 ], [ 5.154474737179559, 62.1208106117533 ], [ 5.162688365148807, 62.12672269406201 ], [ 5.1435143440128, 62.14497476024999 ], [ 5.102739548022599, 62.151667184518914 ], [ 5.090845788041155, 62.16782952138971 ], [ 5.1150866575997505, 62.167009501024744 ], [ 5.093885897094708, 62.184785426355646 ], [ 5.099219421750065, 62.19397759012422 ], [ 5.143594346882631, 62.2004980746392 ], [ 5.159461582732317, 62.18773485444254 ], [ 5.17708888171827, 62.19495632410822 ], [ 5.178742274361431, 62.21330097324062 ], [ 5.213196843635034, 62.20726985571764 ], [ 5.253278281420038, 62.1778020271185 ], [ 5.282479328908115, 62.17457485019831 ], [ 5.285226094105624, 62.158068633819624 ], [ 5.3028800607148545, 62.1706995926671 ], [ 5.329201004889039, 62.167221119183445 ], [ 5.326534242561361, 62.155925999962776 ], [ 5.297546536059498, 62.150132952868326 ], [ 5.316480548586013, 62.141932749218654 ], [ 5.316907230558442, 62.12098255150724 ], [ 5.354988596597688, 62.10146077636706 ], [ 5.393709985595576, 62.090496310519356 ], [ 5.400670235270817, 62.08106607632224 ], [ 5.440645002562714, 62.072641028378946 ], [ 5.447685255107785, 62.06007620020607 ], [ 5.477419655061397, 62.05811873223808 ], [ 5.471206098837907, 62.0497730411043 ], [ 5.489206744549736, 62.03437782005879 ], [ 5.478993044834728, 62.013784727990185 ], [ 5.49142003239303, 62.01479171050611 ], [ 5.503165065883687, 62.00792477945828 ], [ 5.471727292892147, 61.99468041719777 ], [ 5.442863210823332, 61.97421433477465 ], [ 5.475961429571466, 61.98594622356713 ], [ 5.517444899390407, 61.97534528340389 ], [ 5.551567059688441, 61.960411311143076 ], [ 5.6801685835367515, 61.97405082412946 ], [ 5.703553194608803, 61.96881848348334 ], [ 5.721901120219181, 61.97988270380795 ], [ 5.784223184283394, 61.97312426380671 ], [ 5.802571109893773, 61.96599792485379 ], [ 5.842864593587153, 61.973383155661594 ], [ 5.926910822966821, 61.996588041391675 ], [ 5.94661477927842, 61.98790835130943 ], [ 5.964768986217196, 61.994108129939605 ], [ 6.011206119209979, 61.9751953986458 ], [ 6.036361872422399, 61.95658243686818 ], [ 6.063676205118393, 61.96853233985425 ], [ 6.088693587851096, 61.96171939630461 ], [ 6.141883200254034, 61.97354666630679 ], [ 6.1318928516185185, 61.987022668647974 ], [ 6.1704151931715305, 61.994121755826704 ], [ 6.181844594796095, 62.01064995687813 ], [ 6.2575332472009, 62.005553875103 ], [ 6.235809081885444, 61.99181898090693 ], [ 6.313517943294107, 61.964730717353554 ], [ 6.348331955990723, 61.96268683428866 ], [ 6.377500453114915, 61.97853374098513 ], [ 6.420976457841769, 61.98169494679216 ], [ 6.432654926329824, 61.95075055718969 ], [ 6.472311905816509, 61.9429020462205 ], [ 6.501342032460985, 61.92344427944273 ], [ 6.524007117038511, 61.93043435952466 ], [ 6.5374567276669335, 61.94622676267273 ], [ 6.599031591140679, 61.94915632839907 ], [ 6.621669001622262, 61.958272046868494 ], [ 6.666833126201656, 61.96240069065958 ], [ 6.706490105688341, 61.95303970622237 ], [ 6.774789774476297, 61.95835380219109 ], [ 6.793995597060917, 61.96994943211258 ], [ 6.840875515588792, 61.96354526517592 ], [ 6.851917479870151, 61.97576768590397 ], [ 6.895808596036155, 61.98225360816323 ], [ 6.911665853011641, 61.9752907798555 ], [ 6.959569713089417, 61.98901204816447 ], [ 6.983424783792504, 61.981599565582464 ], [ 7.0608292301457904, 61.98883491163218 ], [ 7.074527907637702, 62.0093418717166 ], [ 7.1936648906734195, 62.01654996599212 ], [ 7.194882550894922, 62.030693636801175 ], [ 7.234069070750573, 62.03408648268889 ], [ 7.240766201968841, 62.01893449623449 ], [ 7.311445843007917, 62.01798068413754 ], [ 7.349110287586687, 62.00767951349049 ], [ 7.3808801497295455, 62.00296495655414 ], [ 7.399006682572378, 61.97790695017856 ], [ 7.388794941169317, 61.93307778162192 ], [ 7.414227435341169, 61.891518825969115 ], [ 7.412511641392687, 61.857508611769305 ], [ 7.491548859406626, 61.77841033715798 ], [ 7.514767425903018, 61.76032878497723 ], [ 7.513826506640947, 61.72736776408407 ], [ 7.629089116244608, 61.74136155013503 ], [ 7.684575678610836, 61.74272413884496 ], [ 7.75251558415153, 61.75481030070202 ], [ 7.84184756585636, 61.743132915457934 ], [ 7.9082100479282875, 61.72168576916367 ], [ 7.904418696784061, 61.67913212375261 ], [ 7.895646008370049, 61.643650313746086 ], [ 7.933006037893445, 61.60237750172236 ], [ 7.947313545496108, 61.55667627639137 ], [ 8.016111348011043, 61.54027070832384 ], [ 8.117896672890337, 61.522843198723855 ], [ 8.195577860203057, 61.54779219800264 ], [ 8.26232777961819, 61.533975548483966 ], [ 8.28756655511844, 61.48955515654031 ], [ 8.322048478663737, 61.45588558951798 ], [ 8.274836470984543, 61.43126361152959 ], [ 8.214645312307962, 61.43024166999714 ], [ 8.192256968689867, 61.43879872709549 ], [ 8.150358387431776, 61.426739817012624 ], [ 8.161594070384739, 61.3873610032957 ], [ 8.158134808391832, 61.37144596716374 ], [ 8.18038478153021, 61.35667550554812 ], [ 8.21276347378382, 61.35553093103178 ], [ 8.22543820972583, 61.342109432238985 ], [ 8.251147444857114, 61.33913898885134 ], [ 8.244173572679415, 61.32190224167075 ], [ 8.211103028027225, 61.30465186860306 ], [ 8.176870171345417, 61.30508789699024 ], [ 8.140838498427296, 61.279375848033894 ], [ 8.135691116581851, 61.26902017383844 ], [ 8.067142380930406, 61.24803630770555 ], [ 8.051174427571148, 61.23277531415435 ], [ 8.006729829486279, 61.23495545609023 ], [ 8.053222310670948, 61.22025312391011 ], [ 8.060583620191855, 61.19331474511483 ], [ 8.04821329930522, 61.17441563970813 ], [ 8.075610654289044, 61.17971610978975 ], [ 8.082971963809948, 61.16216596720587 ], [ 8.14393799717294, 61.10958366888975 ], [ 8.213178585222968, 61.09187001566068 ], [ 8.25170092677598, 61.07393834823802 ], [ 8.214423919540415, 61.05390829420208 ], [ 8.239994784191982, 61.04957526210451 ], [ 8.282668240136484, 61.033333204682165 ], [ 8.25731876825246, 61.008547716048575 ], [ 8.228703753047135, 61.00902462209705 ], [ 8.232827193342679, 60.994567555884714 ], [ 8.223113585666596, 60.968092457250805 ], [ 8.18387171761906, 60.96900539168646 ], [ 8.153928345808456, 60.98223612805986 ], [ 8.138181785216744, 60.972725258864564 ], [ 8.040879663880256, 60.89321820764026 ], [ 7.980079675092924, 60.901639005867615 ], [ 7.935192291472962, 60.89725147022165 ], [ 7.879041550804096, 60.92405359014593 ], [ 7.851505825340556, 60.91992494635485 ], [ 7.803020809247972, 60.89673368651187 ], [ 7.704445679498094, 60.79276816794435 ], [ 7.7215482707910255, 60.7900702422987 ], [ 7.726225193005437, 60.76112885809982 ], [ 7.70441800540215, 60.73912305043448 ], [ 7.685212182817531, 60.732010337368656 ], [ 7.614698586354114, 60.744191880435416 ], [ 7.438829706634723, 60.66003840171025 ], [ 7.54631589527833, 60.657408605500095 ], [ 7.635841595654762, 60.63290926049558 ], [ 7.621700132627758, 60.596146617101724 ], [ 7.639577598607103, 60.55958836201435 ], [ 7.673173951082214, 60.53739179192962 ], [ 7.732119775441349, 60.52097259797499 ], [ 7.69404021942343, 60.42635443795758 ], [ 7.673699758905137, 60.29433321785264 ], [ 7.609744923180272, 60.24409457211759 ], [ 7.583067094690973, 60.175719870653396 ], [ 7.488255641989379, 60.09892437096184 ], [ 7.442648731874893, 60.05732453764774 ], [ 7.43642206028766, 60.01922655731814 ], [ 7.376479968474568, 60.00001405650816 ], [ 7.319858768174666, 59.9859248892475 ], [ 7.285266148245596, 59.98830941948987 ], [ 7.232906758720956, 59.962720003517425 ], [ 7.146729623953657, 59.880269760679674 ], [ 7.1581866996741645, 59.869478058097044 ], [ 7.141333175244722, 59.85363115140058 ], [ 7.158131351482279, 59.8284641379282 ], [ 7.145456615540267, 59.811786052118684 ], [ 7.096279747049101, 59.78277653848431 ], [ 6.977225786301214, 59.77206659122428 ], [ 6.815996503335805, 59.72260462105388 ], [ 6.771275164291504, 59.70260181879214 ], [ 6.71174818391756, 59.694194646451884 ], [ 6.657285563101232, 59.701729762017784 ], [ 6.652138181255786, 59.718189833633716 ], [ 6.669794254467584, 59.74803052638114 ], [ 6.690134714985877, 59.769450420901215 ], [ 6.678207179634334, 59.781631963967975 ], [ 6.6857345337308995, 59.83063065397699 ], [ 6.6567044070864245, 59.84456993647955 ], [ 6.602297134461983, 59.833219572525856 ], [ 6.569558678961111, 59.83172072494493 ], [ 6.538065557777686, 59.84285307470505 ], [ 6.4869238284745485, 59.820424864539625 ], [ 6.442008770758644, 59.806417452601565 ], [ 6.425459661384577, 59.789916503324335 ], [ 6.328019169568373, 59.78157746041958 ], [ 6.302420630820862, 59.76743378961052 ], [ 6.274137704766854, 59.740045756540965 ], [ 6.2684091669066, 59.70322860959871 ], [ 6.224960836275688, 59.691919123306306 ], [ 6.213254693691691, 59.655701515396416 ], [ 6.189537993468321, 59.635330814182986 ], [ 6.178108591843756, 59.61478297643727 ], [ 6.188873815165682, 59.606253171113124 ], [ 6.183034580921655, 59.58605960643199 ], [ 6.118111151838777, 59.58533743441573 ], [ 6.059193001575585, 59.59825477538584 ], [ 6.042505521721802, 59.59106030699742 ], [ 6.0082726650399945, 59.5953115837724 ], [ 6.004647358471427, 59.585105794335036 ], [ 5.969418234335663, 59.57897414514036 ], [ 5.969556604815379, 59.597655236353475 ], [ 5.924143413372496, 59.609945786517024 ], [ 5.899319749311395, 59.61158089296894 ], [ 5.8915156542553975, 59.625697312003794 ], [ 5.834147253365027, 59.631638198779086 ], [ 5.823856379988518, 59.64576453098265 ] ] ], [ [ [ 4.946627281360313, 60.33101035613351 ], [ 4.973508245623311, 60.335533694275746 ], [ 4.964787932811802, 60.319001025627216 ], [ 4.946627281360313, 60.33101035613351 ] ] ], [ [ [ 4.947240636695679, 60.283568210179695 ], [ 4.972468208315516, 60.302124477470805 ], [ 4.974734956294043, 60.288832211877384 ], [ 5.004042674275227, 60.284705657782716 ], [ 5.037190530008267, 60.29410943971 ], [ 5.059671336430595, 60.27937552541043 ], [ 5.036497171803071, 60.3061981270258 ], [ 5.018763202324011, 60.30118542189157 ], [ 4.996122390162022, 60.32835190301483 ], [ 4.976681692793248, 60.36945873034253 ], [ 4.963587889764347, 60.38466878549917 ], [ 4.970681477555972, 60.39575228656115 ], [ 4.95742766878741, 60.41951965101027 ], [ 4.971241497644784, 60.44782357973655 ], [ 5.00020253652337, 60.42570948215228 ], [ 4.981668538346006, 60.45396050633888 ], [ 5.016896468694636, 60.435047133404964 ], [ 5.000255871769924, 60.42217810412895 ], [ 5.006442760370137, 60.41240399042394 ], [ 5.04844426703107, 60.39983916225106 ], [ 5.0611647233340955, 60.37456401842119 ], [ 5.122180245391374, 60.336195001021686 ], [ 5.138394160343658, 60.319265548325596 ], [ 5.131433910668418, 60.27285504089545 ], [ 5.088312363829861, 60.275844147387104 ], [ 5.1162066977773755, 60.26711489834068 ], [ 5.14583442723788, 60.23960453770953 ], [ 5.158474880671076, 60.19065461237497 ], [ 5.131940595510677, 60.17823527168619 ], [ 5.0967126651620465, 60.17309030520277 ], [ 5.0731118185620945, 60.207068245809225 ], [ 5.059751339300426, 60.23611283809096 ], [ 5.045750837080115, 60.2395119547651 ], [ 5.056311215897721, 60.21731850037131 ], [ 5.038550578795384, 60.202730073555855 ], [ 4.999029161099192, 60.21058639769763 ], [ 4.978335085436409, 60.228150704869826 ], [ 4.9882554412953715, 60.23653607440836 ], [ 4.947240636695679, 60.283568210179695 ] ] ], [ [ [ 4.947453977681894, 61.257897891244575 ], [ 4.971614844370659, 61.26146894767266 ], [ 4.987828759322943, 61.24625889251601 ], [ 4.948040665393983, 61.24566371644467 ], [ 4.947453977681894, 61.257897891244575 ] ] ], [ [ [ 4.953720869151938, 60.94040452251825 ], [ 4.9799884780795685, 60.93697895357427 ], [ 4.992042243800674, 60.948419560279056 ], [ 5.023643377383662, 60.90838404987978 ], [ 5.022550004829314, 60.882553408383316 ], [ 5.039030596014365, 60.84771576900714 ], [ 4.995162355724058, 60.84567894422964 ], [ 4.969001417289534, 60.85905056663257 ], [ 4.963694560257455, 60.913555468633035 ], [ 4.953720869151938, 60.94040452251825 ] ] ], [ [ [ 4.962361179093615, 60.56051024924491 ], [ 5.039750621842839, 60.53132016947907 ], [ 5.069325016056791, 60.52315964423416 ], [ 5.078925360436433, 60.5090605844107 ], [ 5.095672627854253, 60.52449548386096 ], [ 5.148341183825899, 60.50038423990395 ], [ 5.1713553427137615, 60.50493403031602 ], [ 5.2107700899168465, 60.48710520044545 ], [ 5.235517644317701, 60.46172424753623 ], [ 5.230317457778728, 60.439649828356714 ], [ 5.252611590838119, 60.41496986059819 ], [ 5.176528861629458, 60.38960213382389 ], [ 5.145247739525791, 60.41127976895584 ], [ 5.141647610383426, 60.42667499000135 ], [ 5.170075296796476, 60.4262914320887 ], [ 5.176795537862225, 60.43582747536517 ], [ 5.1504212584414875, 60.44607772992726 ], [ 5.114179958408339, 60.4404830748566 ], [ 5.09295253028002, 60.45833835699701 ], [ 5.12487367534233, 60.46952766713834 ], [ 5.072818474706049, 60.4652159471548 ], [ 5.095725963100806, 60.494234087166696 ], [ 5.069725030405943, 60.50078102395151 ], [ 5.058471293383141, 60.49366536336519 ], [ 5.0208432769396, 60.50615083472856 ], [ 5.017989841248984, 60.517393049409556 ], [ 4.9904955216506215, 60.53403152713743 ], [ 4.962361179093615, 60.56051024924491 ] ] ], [ [ [ 4.971454838630998, 60.76472177239153 ], [ 4.981081850633917, 60.766123742692926 ], [ 5.016763130578252, 60.74416835872768 ], [ 4.994042315546434, 60.74562323356875 ], [ 4.971454838630998, 60.76472177239153 ] ] ], [ [ [ 4.983268595742613, 62.01480314037894 ], [ 4.984335300673685, 62.035158162019 ], [ 5.03311038364692, 62.02654794818685 ], [ 5.08044541496321, 62.0017092668093 ], [ 5.094632590546458, 62.01791128208486 ], [ 5.11185987518326, 62.01592736184704 ], [ 5.120820196604258, 62.032499708900325 ], [ 5.136154079988408, 62.021667504401805 ], [ 5.157594849102942, 61.99156482132657 ], [ 5.136660764830667, 61.98413173350219 ], [ 5.1430609944170955, 61.95650233765677 ], [ 5.111433193210831, 61.92748419764487 ], [ 5.0646315143600775, 61.92719322267666 ], [ 5.015163073181645, 61.94019451330186 ], [ 5.011349603053065, 61.94842116922137 ], [ 5.033617068489179, 61.96524481283811 ], [ 5.053617785946766, 61.95015379289573 ], [ 5.067858296776568, 61.97060139748024 ], [ 5.038203899692785, 61.986618246866925 ], [ 4.9901755101713, 61.99139288157262 ], [ 4.983268595742613, 62.01480314037894 ] ] ], [ [ [ 4.994122318416264, 60.79178244443544 ], [ 5.030763632798563, 60.780817978587734 ], [ 5.046310857168928, 60.76731409483562 ], [ 5.031937008222742, 60.76485403374072 ], [ 4.994122318416264, 60.79178244443544 ] ] ], [ [ [ 5.009616207540074, 61.91439032407524 ], [ 5.0138830272643595, 61.922312778891616 ], [ 5.1218068986655, 61.901508068664306 ], [ 5.042684060403285, 61.89673343395861 ], [ 5.009616207540074, 61.91439032407524 ] ] ], [ [ [ 5.019589898645592, 61.19982193281603 ], [ 5.068951669330916, 61.19455793111834 ], [ 5.065031528709229, 61.17073766212954 ], [ 5.026576815944108, 61.182654409691395 ], [ 5.019589898645592, 61.19982193281603 ] ] ], [ [ [ 5.022550004829314, 61.16486525822558 ], [ 5.023430036397448, 61.17248351193882 ], [ 5.060871379478051, 61.16296069479727 ], [ 5.063911488531604, 61.15128201766395 ], [ 5.096232647943065, 61.126575597635586 ], [ 5.089085724904887, 61.11512176479589 ], [ 5.031083644277885, 61.12150998796168 ], [ 5.022550004829314, 61.16486525822558 ] ] ], [ [ [ 5.0294035840114475, 60.01565962126403 ], [ 5.0640181590247115, 60.016479641629 ], [ 5.099992782825091, 60.00908623220938 ], [ 5.09188582534895, 59.98672083806164 ], [ 5.0785253460872815, 59.98164200225282 ], [ 5.044844137888704, 59.99387617705273 ], [ 5.06900500457747, 60.00765780963814 ], [ 5.0294035840114475, 60.01565962126403 ] ] ], [ [ [ 5.030363618449411, 60.16228455297409 ], [ 5.038710584535044, 60.17553714016275 ], [ 5.056684562623596, 60.165114945846724 ], [ 5.030363618449411, 60.16228455297409 ] ] ], [ [ [ 5.037990558706571, 60.128928240708824 ], [ 5.037990558706571, 60.13432450375571 ], [ 5.089432404007486, 60.14329182323066 ], [ 5.085592266255628, 60.125410088820416 ], [ 5.041297343992892, 60.11678664885334 ], [ 5.037990558706571, 60.128928240708824 ] ] ], [ [ [ 5.039270604623857, 60.18513931411382 ], [ 5.058257952396926, 60.20802052752338 ], [ 5.084818905180602, 60.17377806421855 ], [ 5.075831916136326, 60.16254907567247 ], [ 5.043430753855035, 60.173711933543956 ], [ 5.039270604623857, 60.18513931411382 ] ] ], [ [ [ 5.041164005876508, 60.97575798115626 ], [ 5.075991921875986, 60.977834484338516 ], [ 5.065031528709229, 60.96706841051459 ], [ 5.041164005876508, 60.97575798115626 ] ] ], [ [ [ 5.050844353125981, 61.477822062674754 ], [ 5.0509510236190875, 61.499446793267026 ], [ 5.112179886662581, 61.5080702332341 ], [ 5.126127053636338, 61.49464570629149 ], [ 5.115273330962688, 61.47606298673055 ], [ 5.050844353125981, 61.477822062674754 ] ] ], [ [ [ 5.0541244707890245, 60.71292822804942 ], [ 5.082125475229647, 60.707426155923194 ], [ 5.089405736384208, 60.69664685596435 ], [ 5.0541244707890245, 60.71292822804942 ] ] ], [ [ [ 5.055724528185632, 59.886043499059575 ], [ 5.076045257122541, 59.90519494242203 ], [ 5.091352472883414, 59.889350032789274 ], [ 5.055724528185632, 59.886043499059575 ] ] ], [ [ [ 5.055777863432185, 61.56883109705117 ], [ 5.102286198426895, 61.5754573906455 ], [ 5.15951491797887, 61.55620013820369 ], [ 5.162181680306548, 61.54228624426909 ], [ 5.0588179724857385, 61.561662531925165 ], [ 5.055777863432185, 61.56883109705117 ] ] ], [ [ [ 5.062471436874658, 59.82501811254413 ], [ 5.090712449924771, 59.81462237049793 ], [ 5.083538859263316, 59.80318176379315 ], [ 5.062471436874658, 59.82501811254413 ] ] ], [ [ [ 5.071031743946505, 60.44302249276102 ], [ 5.072631801343112, 60.4517252895376 ], [ 5.098872742647466, 60.44923877617286 ], [ 5.071031743946505, 60.44302249276102 ] ] ], [ [ [ 5.071831772644808, 60.73024123865816 ], [ 5.090819120417878, 60.73796530145075 ], [ 5.097859372962948, 60.717120912818686 ], [ 5.071831772644808, 60.73024123865816 ] ] ], [ [ [ 5.076658612457907, 61.62735674406696 ], [ 5.096525991799109, 61.633348183185184 ], [ 5.099752774215601, 61.622767275250126 ], [ 5.076658612457907, 61.62735674406696 ] ] ], [ [ [ 5.077085294430335, 59.86313583338017 ], [ 5.10116615824927, 59.871150871140976 ], [ 5.132020598380508, 59.86367810491184 ], [ 5.159621588471977, 59.84681478289034 ], [ 5.135434054159935, 59.82939596320226 ], [ 5.110206482540099, 59.82683009302801 ], [ 5.0839388736124675, 59.840492690399145 ], [ 5.077085294430335, 59.86313583338017 ] ] ], [ [ [ 5.078098664114853, 60.37896832134916 ], [ 5.10132616398893, 60.39415192423597 ], [ 5.121193543330134, 60.38827952033201 ], [ 5.135140710303891, 60.395937452450006 ], [ 5.153221358885549, 60.388596947570065 ], [ 5.161034972505647, 60.35942009393914 ], [ 5.1370341115565425, 60.364393120668616 ], [ 5.162741700395361, 60.34928887459132 ], [ 5.143941025985229, 60.33280911048247 ], [ 5.119860162166295, 60.34936823140084 ], [ 5.108873101376259, 60.37637599890507 ], [ 5.078098664114853, 60.37896832134916 ] ] ], [ [ [ 5.07985872725112, 60.06974128694709 ], [ 5.101966186947573, 60.066051195304745 ], [ 5.096419321306002, 60.05651515202827 ], [ 5.07985872725112, 60.06974128694709 ] ] ], [ [ [ 5.086712306433253, 60.096114199975226 ], [ 5.113699941189358, 60.0959554863562 ], [ 5.111246519847893, 60.082425150334245 ], [ 5.086712306433253, 60.096114199975226 ] ] ], [ [ [ 5.088419034322968, 60.70247958146355 ], [ 5.138287489850551, 60.688155677346465 ], [ 5.168875253749021, 60.67051201336476 ], [ 5.095805965970636, 60.69561521744068 ], [ 5.088419034322968, 60.70247958146355 ] ] ], [ [ [ 5.09271252167053, 59.89937544305774 ], [ 5.098206052065547, 59.90780049100103 ], [ 5.122393586377589, 59.90162388599394 ], [ 5.09271252167053, 59.89937544305774 ] ] ], [ [ [ 5.092979197903297, 60.36243565270063 ], [ 5.113166588723822, 60.357780053209204 ], [ 5.119246806830929, 60.34405132516347 ], [ 5.092979197903297, 60.36243565270063 ] ] ], [ [ [ 5.0983393901819305, 59.887921610218044 ], [ 5.112579901011733, 59.89466693902664 ], [ 5.130980561072713, 59.87842524534633 ], [ 5.103619579590734, 59.874219334442145 ], [ 5.0983393901819305, 59.887921610218044 ] ] ], [ [ [ 5.099272756996618, 59.9888634719185 ], [ 5.1014061668587605, 59.99833338452037 ], [ 5.181809051038261, 60.01723353131937 ], [ 5.205649906247705, 60.011228866066226 ], [ 5.222237167925863, 59.98924702983114 ], [ 5.194876186443884, 59.975306683626705 ], [ 5.1423409685886226, 59.96778101285789 ], [ 5.123086944582785, 59.971510782905 ], [ 5.099272756996618, 59.9888634719185 ] ] ], [ [ [ 5.102979556632091, 61.57871101983553 ], [ 5.143114329663649, 61.583340167057116 ], [ 5.144981063293024, 61.5741215510187 ], [ 5.102979556632091, 61.57871101983553 ] ] ], [ [ [ 5.1055929837132155, 59.76953447655966 ], [ 5.126873747088088, 59.80728186561799 ], [ 5.165221789360102, 59.8374374532329 ], [ 5.203596499255392, 59.81701630091824 ], [ 5.204876545172677, 59.83016307902755 ], [ 5.159194906499549, 59.85348075488943 ], [ 5.15404805520713, 59.87649422964818 ], [ 5.182715750229671, 59.87117732341081 ], [ 5.209303370636624, 59.856972454508 ], [ 5.223917228192301, 59.84001654954207 ], [ 5.273225663631072, 59.80939804720499 ], [ 5.245357997306834, 59.80093332085695 ], [ 5.268318820948144, 59.79527253511169 ], [ 5.28890622611782, 59.81122325382379 ], [ 5.320214015844763, 59.78088250032002 ], [ 5.320187348221486, 59.76966673790886 ], [ 5.348188352662108, 59.75645382912495 ], [ 5.338187993933315, 59.749470429887815 ], [ 5.347868341182787, 59.72661566874809 ], [ 5.311467035409978, 59.74375673960288 ], [ 5.279305881738178, 59.7266950255576 ], [ 5.267385454133457, 59.749417525348136 ], [ 5.2197570789611225, 59.746415192721564 ], [ 5.197276272538795, 59.762127841005125 ], [ 5.175995509163922, 59.748928158356144 ], [ 5.178208921895895, 59.77128032636895 ], [ 5.158448213047799, 59.767206676813956 ], [ 5.131140566812373, 59.74883557541171 ], [ 5.1055929837132155, 59.76953447655966 ] ] ], [ [ [ 5.110739835005635, 60.141836948389596 ], [ 5.1473544817646575, 60.14740515119042 ], [ 5.1432743354033095, 60.1332664129622 ], [ 5.179595638306288, 60.1020659606887 ], [ 5.161968339320334, 60.09073116306327 ], [ 5.139647538637667, 60.09259604808682 ], [ 5.139194189041962, 60.121852258527255 ], [ 5.124767004849223, 60.12334681177308 ], [ 5.110739835005635, 60.141836948389596 ] ] ], [ [ [ 5.116340035893759, 61.887448687245595 ], [ 5.1472478112715505, 61.89112555275303 ], [ 5.165861812318744, 61.884287641 ], [ 5.116340035893759, 61.887448687245595 ] ] ], [ [ [ 5.121940236781883, 59.814423978474146 ], [ 5.136074077118578, 59.82341775021895 ], [ 5.147301146518104, 59.81128938449839 ], [ 5.121940236781883, 59.814423978474146 ] ] ], [ [ [ 5.12271359785691, 61.61758263036195 ], [ 5.170501978768905, 61.61857459048086 ], [ 5.14484772517664, 61.611101824251726 ], [ 5.12271359785691, 61.61758263036195 ] ] ], [ [ [ 5.123166947452615, 59.72906250370807 ], [ 5.147701160867255, 59.75453603956172 ], [ 5.142367636211899, 59.7321045147394 ], [ 5.123166947452615, 59.72906250370807 ] ] ], [ [ [ 5.131993930757231, 59.88794806248788 ], [ 5.147727828490533, 59.89359562209822 ], [ 5.162555027032424, 59.879853667917565 ], [ 5.131993930757231, 59.88794806248788 ] ] ], [ [ [ 5.1510346137768535, 59.653580951726354 ], [ 5.151327957632898, 59.6750469686996 ], [ 5.1695152767076635, 59.70130084651346 ], [ 5.168021889804164, 59.717886419701664 ], [ 5.205383230014936, 59.74263251813478 ], [ 5.225223941732863, 59.7366014006118 ], [ 5.241624530048084, 59.74400803616634 ], [ 5.250184837119932, 59.70350961104491 ], [ 5.2358909910435765, 59.67599925041375 ], [ 5.211783459601365, 59.663765075613846 ], [ 5.198076301237098, 59.6469414319971 ], [ 5.228690732758845, 59.65762814901151 ], [ 5.225997302807889, 59.646240446846406 ], [ 5.248531444476771, 59.62966809979312 ], [ 5.233650910688326, 59.612579933478 ], [ 5.249571481784566, 59.60259420161429 ], [ 5.203916510734714, 59.576856143062265 ], [ 5.176022176787199, 59.58215982316471 ], [ 5.185222506817689, 59.60595363988367 ], [ 5.164635101648012, 59.616164216041 ], [ 5.170315305405968, 59.62640124446817 ], [ 5.1510346137768535, 59.653580951726354 ] ] ], [ [ [ 5.151941312968264, 60.826210073629134 ], [ 5.175702165307877, 60.84065301296049 ], [ 5.173248743966413, 60.810867757123305 ], [ 5.151941312968264, 60.826210073629134 ] ] ], [ [ [ 5.157141499507237, 60.32021783003975 ], [ 5.1773822255743145, 60.33684308163271 ], [ 5.192022750753268, 60.318604241579656 ], [ 5.179035618217475, 60.29942634594736 ], [ 5.161248313491861, 60.30412162384354 ], [ 5.157141499507237, 60.32021783003975 ] ] ], [ [ [ 5.164795107387674, 60.24062295009828 ], [ 5.198316309846589, 60.23419504852773 ], [ 5.19010268187734, 60.22633872438595 ], [ 5.164795107387674, 60.24062295009828 ] ] ], [ [ [ 5.165541800839423, 61.14581962394247 ], [ 5.194102825368858, 61.146507382958255 ], [ 5.194182828238688, 61.135172585332825 ], [ 5.165541800839423, 61.14581962394247 ] ] ], [ [ [ 5.179488967813181, 59.898542196557855 ], [ 5.212476817806561, 59.89040812358278 ], [ 5.209863390725436, 59.87898074301292 ], [ 5.179488967813181, 59.898542196557855 ] ] ], [ [ [ 5.181622377675323, 60.04791816433104 ], [ 5.198609653702634, 60.08020315966788 ], [ 5.22151714209739, 60.06300918427341 ], [ 5.215090244887685, 60.056039011171194 ], [ 5.232770879120192, 60.03634529627707 ], [ 5.255865040877886, 60.04835462678336 ], [ 5.237277707453969, 60.054438648846016 ], [ 5.22450391590439, 60.08868111215085 ], [ 5.199676358633705, 60.12234162551925 ], [ 5.211543450991874, 60.12583332513782 ], [ 5.30109332995531, 60.0665141100269 ], [ 5.302933395961408, 60.03138549568251 ], [ 5.291199641719624, 60.012405992074 ], [ 5.259625175759913, 59.99127062847372 ], [ 5.252664926084672, 60.005964864368536 ], [ 5.2238372253224705, 60.007075859701715 ], [ 5.197862960250884, 60.02281496025511 ], [ 5.208956691534025, 60.028211223301994 ], [ 5.181622377675323, 60.04791816433104 ] ] ], [ [ [ 5.187969272015198, 61.880531418683056 ], [ 5.309680304650434, 61.89250107078459 ], [ 5.334054512325413, 61.88813644626138 ], [ 5.294559762252498, 61.868535314311686 ], [ 5.242317888253281, 61.87226508435879 ], [ 5.187969272015198, 61.880531418683056 ] ] ], [ [ [ 5.208876688664195, 59.89942834759742 ], [ 5.212210141573793, 59.90397813800949 ], [ 5.260078525355618, 59.87909977822719 ], [ 5.275705752595813, 59.85972349057111 ], [ 5.267465457003287, 59.852158141397545 ], [ 5.227997374553649, 59.87846492375109 ], [ 5.208876688664195, 59.89942834759742 ] ] ], [ [ [ 5.253998307248511, 59.831446014114675 ], [ 5.2208771191387475, 59.84669574767607 ], [ 5.235410973824594, 59.85550435353201 ], [ 5.2591718261642075, 59.844486983144634 ], [ 5.253998307248511, 59.831446014114675 ] ] ], [ [ [ 5.222797188014676, 59.91547164925395 ], [ 5.243357925561075, 59.91741589108702 ], [ 5.2612252331565195, 59.900023523668764 ], [ 5.234370936516799, 59.90042030771633 ], [ 5.222797188014676, 59.91547164925395 ] ] ], [ [ [ 5.302845776649381, 59.481186628628215 ], [ 5.245678008786156, 59.504694350945165 ], [ 5.256158384733931, 59.52043345149857 ], [ 5.234397604140076, 59.52233801492688 ], [ 5.240904504219611, 59.54687249520129 ], [ 5.28642613715308, 59.56441035010365 ], [ 5.289546249076463, 59.58926225761612 ], [ 5.314533812086808, 59.595544671702555 ], [ 5.314560479710085, 59.61865072940574 ], [ 5.3746159673294, 59.63538179007805 ], [ 5.376696041944989, 59.64704724107645 ], [ 5.408670522253852, 59.652866740440736 ], [ 5.414484064128191, 59.61866395554066 ], [ 5.420190935509422, 59.62756514434103 ], [ 5.448111937080213, 59.605887509209076 ], [ 5.472459477131916, 59.61462998439042 ], [ 5.469046021352487, 59.63043521561841 ], [ 5.417844184661065, 59.65317094154387 ], [ 5.413524029690226, 59.66346087451071 ], [ 5.447551916991401, 59.665193498185076 ], [ 5.4332847385383225, 59.678935452365735 ], [ 5.526194738034633, 59.73385036454869 ], [ 5.540168572631668, 59.694542291569945 ], [ 5.524621348261303, 59.6595194863049 ], [ 5.531128248340838, 59.6489782567746 ], [ 5.5129409292660725, 59.63610922749859 ], [ 5.528301480273499, 59.58438181383107 ], [ 5.536408437749641, 59.57222699584067 ], [ 5.514994336258384, 59.55771792583473 ], [ 5.5088607829047245, 59.52633230767236 ], [ 5.473126167713835, 59.525168407799505 ], [ 5.455605539220989, 59.54621118845535 ], [ 5.4572861390561185, 59.498051774098066 ], [ 5.422716468976642, 59.49967148222254 ], [ 5.373484252293589, 59.48507815713921 ], [ 5.370550798123604, 59.49533845012497 ], [ 5.314704472510114, 59.47541740318582 ], [ 5.302845776649381, 59.481186628628215 ] ] ], [ [ [ 5.230957480737372, 60.54891092892111 ], [ 5.2636786544979834, 60.54671539052458 ], [ 5.270158886954242, 60.53405797940727 ], [ 5.252878267070887, 60.530539827518865 ], [ 5.253038272810548, 60.54483727936611 ], [ 5.230957480737372, 60.54891092892111 ] ] ], [ [ [ 5.238744426734192, 60.81314265232934 ], [ 5.2598918519926805, 60.826143942954545 ], [ 5.275732420219089, 60.8187373074 ], [ 5.261785253245332, 60.79387217375262 ], [ 5.238744426734192, 60.81314265232934 ] ] ], [ [ [ 5.239731128795433, 59.6783535024293 ], [ 5.25367829576919, 59.686778550372594 ], [ 5.262558614320358, 59.664545417574054 ], [ 5.24215788251362, 59.66651611167696 ], [ 5.239731128795433, 59.6783535024293 ] ] ], [ [ [ 5.250318175236315, 59.70483222453679 ], [ 5.274265700938867, 59.723401717962815 ], [ 5.262531946697083, 59.69573264371264 ], [ 5.250318175236315, 59.70483222453679 ] ] ], [ [ [ 5.252664926084672, 62.015530577799474 ], [ 5.265252044271314, 62.027963144623165 ], [ 5.318213944099004, 62.01637705043428 ], [ 5.305360149679595, 61.997728200198736 ], [ 5.266052072969617, 61.9972785116115 ], [ 5.252664926084672, 62.015530577799474 ] ] ], [ [ [ 5.254664997830432, 59.94171230093289 ], [ 5.271385597624974, 59.95634040615311 ], [ 5.294133080280069, 59.9299807192599 ], [ 5.254664997830432, 59.94171230093289 ] ] ], [ [ [ 5.274479041925081, 59.88800096702756 ], [ 5.284399397784044, 59.91766718765047 ], [ 5.319067308043861, 59.92200535990385 ], [ 5.329681022108021, 59.930681704410596 ], [ 5.322294090460352, 59.95257095770125 ], [ 5.286106125673758, 59.959699844422495 ], [ 5.326054225342379, 59.97841482533263 ], [ 5.348908378490582, 59.965016750659856 ], [ 5.365175628689419, 59.969116852484696 ], [ 5.398216813929353, 59.949568625074676 ], [ 5.454698840029579, 59.9367260480685 ], [ 5.506700705419306, 59.90559172646959 ], [ 5.525128033103562, 59.88399344814715 ], [ 5.534568371743543, 59.84440762633512 ], [ 5.524301336781981, 59.82136769930653 ], [ 5.542088641507596, 59.788183326795206 ], [ 5.519367826475777, 59.789995307279085 ], [ 5.5047806365433765, 59.77031481851988 ], [ 5.459445676972846, 59.74653422793583 ], [ 5.406590447638263, 59.751388219451044 ], [ 5.394830025773201, 59.76719345067903 ], [ 5.36698902707224, 59.77309230685283 ], [ 5.366375671736874, 59.78762782912862 ], [ 5.342481481280877, 59.78048571627245 ], [ 5.3310677385184135, 59.79769291780184 ], [ 5.348135017415554, 59.81013871076045 ], [ 5.323734142117298, 59.815905305585055 ], [ 5.310507000972015, 59.85263428225463 ], [ 5.274479041925081, 59.88800096702756 ] ] ], [ [ [ 5.290372945398043, 62.0518098658818 ], [ 5.321600732255156, 62.0522992328738 ], [ 5.319653995755951, 62.041586063589556 ], [ 5.290372945398043, 62.0518098658818 ] ] ], [ [ [ 5.292319681897249, 59.68553529369022 ], [ 5.29727985982673, 59.69829851388689 ], [ 5.318133941229174, 59.69353710531611 ], [ 5.292319681897249, 59.68553529369022 ] ] ], [ [ [ 5.298213226641417, 59.67492793348533 ], [ 5.3364812660436005, 59.6856543289045 ], [ 5.340988094377377, 59.71282081002776 ], [ 5.326214231082039, 59.731284494374435 ], [ 5.344428217780082, 59.728440875366886 ], [ 5.361842175779821, 59.710426879607446 ], [ 5.386696400673783, 59.707689069679255 ], [ 5.339254698864386, 59.67804930132617 ], [ 5.298213226641417, 59.67492793348533 ] ] ], [ [ [ 5.326694248301021, 60.1541372538641 ], [ 5.348055014545724, 60.17961078971775 ], [ 5.3731225804259, 60.16984990214766 ], [ 5.349975083421652, 60.141691460905484 ], [ 5.326694248301021, 60.1541372538641 ] ] ], [ [ [ 5.33922803124111, 60.54155719790624 ], [ 5.4208309584680645, 60.5626793353716 ], [ 5.440138317720455, 60.55687306214224 ], [ 5.489606758898887, 60.525937132567115 ], [ 5.439738303371303, 60.56902788013264 ], [ 5.457525608096917, 60.57288991152893 ], [ 5.460219038047873, 60.58672444865402 ], [ 5.48344653792195, 60.6011144834457 ], [ 5.518807806386964, 60.59070551526459 ], [ 5.5088607829047245, 60.612145079967995 ], [ 5.587050254352252, 60.61922106214956 ], [ 5.589770351926483, 60.63355819240157 ], [ 5.619531419503373, 60.66261601081822 ], [ 5.610677768575481, 60.66467928786556 ], [ 5.641718882069656, 60.68611885256897 ], [ 5.612624505074686, 60.681714549641 ], [ 5.609477725528025, 60.690179275989045 ], [ 5.650465862504441, 60.70851069898654 ], [ 5.669773221756832, 60.68646273207686 ], [ 5.696947529875873, 60.70048243509081 ], [ 5.729935379869254, 60.68363233920423 ], [ 5.733882188114217, 60.669797802079145 ], [ 5.7152415194437465, 60.62256727428403 ], [ 5.720468373605995, 60.60258258442169 ], [ 5.709587983309069, 60.559346349372056 ], [ 5.696494180280168, 60.53381990897873 ], [ 5.711614722678104, 60.48349446561261 ], [ 5.70377444143473, 60.471088351058754 ], [ 5.6625462958488235, 60.47725172993093 ], [ 5.6260916548294615, 60.4588938546636 ], [ 5.609451057904749, 60.43877690345207 ], [ 5.563742751608343, 60.43826108419024 ], [ 5.533581669682302, 60.42820922165193 ], [ 5.522194594543116, 60.442004080372264 ], [ 5.497767051621583, 60.44669935826845 ], [ 5.426271153616528, 60.491231754540124 ], [ 5.42840456347867, 60.50293688394328 ], [ 5.364402267614392, 60.522286719329514 ], [ 5.33922803124111, 60.54155719790624 ] ] ], [ [ [ 5.340001392316136, 60.02192880921555 ], [ 5.36010878026683, 60.058604881345445 ], [ 5.362028849142758, 60.0845016535165 ], [ 5.424831101959582, 60.07349750926404 ], [ 5.420884293714618, 60.0660908737095 ], [ 5.445391839505982, 60.031068068444455 ], [ 5.438511592700571, 60.013437630597664 ], [ 5.400696902894094, 60.00747264374928 ], [ 5.402643639393299, 60.01613576212111 ], [ 5.372002540248276, 60.01305407268502 ], [ 5.367869058640374, 60.00417933615449 ], [ 5.340001392316136, 60.02192880921555 ] ] ], [ [ [ 5.35165514368809, 60.13617616264434 ], [ 5.369469116036981, 60.1451434821193 ], [ 5.385069675653899, 60.133081247073335 ], [ 5.35165514368809, 60.13617616264434 ] ] ], [ [ [ 5.353921891666617, 59.73330809301701 ], [ 5.370909167693927, 59.73871758219881 ], [ 5.374429293966463, 59.72073003870921 ], [ 5.353921891666617, 59.73330809301701 ] ] ], [ [ [ 5.374295955850078, 59.98722343118856 ], [ 5.380482844450293, 59.9952649212192 ], [ 5.4144040612583595, 60.002142511376995 ], [ 5.439818306241134, 59.987739250450396 ], [ 5.45725893186415, 59.99691818808406 ], [ 5.472832823857791, 59.986482767633106 ], [ 5.491126813425664, 59.9915351511721 ], [ 5.463152476608319, 60.02374078969943 ], [ 5.477419655061397, 60.04850011426747 ], [ 5.514220975183358, 60.05450477952061 ], [ 5.525741388438928, 60.041675428649356 ], [ 5.564676118423031, 60.04533906802187 ], [ 5.534941718469418, 60.05465026700472 ], [ 5.561716012239308, 60.06323402856703 ], [ 5.609104378802151, 60.068299638240944 ], [ 5.608091009117633, 60.05753356441702 ], [ 5.629025093389908, 60.053407010322346 ], [ 5.634385285668541, 60.06970160854234 ], [ 5.673080007043152, 60.08046768236626 ], [ 5.699160942607846, 60.073894293311604 ], [ 5.709881327165113, 60.026465373492705 ], [ 5.6973742118483015, 60.01207533870103 ], [ 5.698360913909543, 59.99428618723521 ], [ 5.639212125481638, 59.96341638833468 ], [ 5.620598124434444, 59.93884222965551 ], [ 5.632811895895211, 59.92918715116477 ], [ 5.670173236105983, 59.92277247572914 ], [ 5.665159722929948, 59.90190163482724 ], [ 5.635451990599612, 59.90754919443758 ], [ 5.603237501681258, 59.92158212358645 ], [ 5.560435966322022, 59.888291941995774 ], [ 5.5364351053729175, 59.894204024304486 ], [ 5.507554069364162, 59.943709447305636 ], [ 5.497820386868137, 59.979195167292836 ], [ 5.497207031532771, 59.9560494311849 ], [ 5.479446394430433, 59.941024541917116 ], [ 5.420137600262868, 59.96995009898458 ], [ 5.396590088909469, 59.97386503492055 ], [ 5.374295955850078, 59.98722343118856 ] ] ], [ [ [ 5.403657009077817, 60.15155815755493 ], [ 5.424964440075966, 60.14437636629401 ], [ 5.406430441898602, 60.13640100693796 ], [ 5.403657009077817, 60.15155815755493 ] ] ], [ [ [ 5.553315710907121, 59.8561259818732 ], [ 5.5800366694304575, 59.87769780792579 ], [ 5.606810963200347, 59.86992084059353 ], [ 5.62105147403015, 59.85473723770672 ], [ 5.604330874235607, 59.84352147529556 ], [ 5.5891303289678405, 59.81577304423587 ], [ 5.5668628635317265, 59.832385069693906 ], [ 5.5715563652284406, 59.842899846954374 ], [ 5.553315710907121, 59.8561259818732 ] ] ], [ [ [ 5.553342378530398, 60.070495176637465 ], [ 5.556942507672764, 60.079145068874375 ], [ 5.585263523592707, 60.07460850459722 ], [ 5.553342378530398, 60.070495176637465 ] ] ], [ [ [ 5.568889602900763, 60.68917408973522 ], [ 5.5812633801011895, 60.69233513598081 ], [ 5.601104091819116, 60.65876720555684 ], [ 5.579983334183904, 60.64424490941598 ], [ 5.586276893277224, 60.667668394357214 ], [ 5.568889602900763, 60.68917408973522 ] ] ], [ [ [ 5.5780899329312525, 59.88858291696398 ], [ 5.605237573427018, 59.92029918849932 ], [ 5.630091798320979, 59.90309198696993 ], [ 5.621024806406872, 59.874549987815115 ], [ 5.5780899329312525, 59.88858291696398 ] ] ], [ [ [ 5.628411738054542, 59.81232102302206 ], [ 5.656786089221038, 59.816288863497704 ], [ 5.6553993728106455, 59.7999149084682 ], [ 5.685907133839285, 59.802044316190134 ], [ 5.682040328464152, 59.79281247401679 ], [ 5.708627948871104, 59.796621600873415 ], [ 5.719375001051647, 59.81757179858483 ], [ 5.740149079584262, 59.80865738364954 ], [ 5.74222915419985, 59.79192632297723 ], [ 5.794684369185282, 59.785352933922574 ], [ 5.795724406493076, 59.791860192302636 ], [ 5.838845953331634, 59.76883349140897 ], [ 5.843379449288688, 59.7561364018869 ], [ 5.789190838790265, 59.75331923514919 ], [ 5.778523789479552, 59.72886411168429 ], [ 5.745322598499957, 59.72162941588369 ], [ 5.7355622483806545, 59.74128345237306 ], [ 5.7462826329379215, 59.750515294546396 ], [ 5.7510828051277425, 59.780750238970825 ], [ 5.728441992965754, 59.77916310278057 ], [ 5.714601496485104, 59.79442606247689 ], [ 5.697214206108641, 59.78217866154206 ], [ 5.6649997171902875, 59.78291932509752 ], [ 5.6675598090248585, 59.794928655603805 ], [ 5.645719025561173, 59.79721677694476 ], [ 5.628411738054542, 59.81232102302206 ] ] ], [ [ [ 5.644865661616317, 59.729657679779415 ], [ 5.654919355591664, 59.74480160426147 ], [ 5.709881327165113, 59.73071577057292 ], [ 5.727268617541576, 59.70475286772727 ], [ 5.700147644669087, 59.70300701791799 ], [ 5.698814263505248, 59.71505602682904 ], [ 5.679080222280429, 59.70984492967102 ], [ 5.64566569031462, 59.720491968280676 ], [ 5.644865661616317, 59.729657679779415 ] ] ], [ [ [ 5.668599846332653, 59.7545228134268 ], [ 5.711428049315167, 59.75223469208585 ], [ 5.721561746160344, 59.73761981300055 ], [ 5.686013804332392, 59.73996083888118 ], [ 5.668599846332653, 59.7545228134268 ] ] ], [ [ [ 5.675186749282019, 59.927190004792024 ], [ 5.688573896166964, 59.93064202600584 ], [ 5.686013804332392, 59.90617367640602 ], [ 5.675186749282019, 59.927190004792024 ] ] ], [ [ [ 5.705721177933935, 59.925973200379495 ], [ 5.724708525707004, 59.93902739554437 ], [ 5.732522139327101, 59.931382689561296 ], [ 5.711134705459122, 59.91724395133307 ], [ 5.705721177933935, 59.925973200379495 ] ] ], [ [ [ 5.79188426874122, 59.93337983593403 ], [ 5.85089971905274, 59.9558378130262 ], [ 5.84940633214924, 59.94322008031364 ], [ 5.79188426874122, 59.93337983593403 ] ] ], [ [ [ 5.855033200660642, 59.95782173326402 ], [ 5.892501211364522, 59.965611926731206 ], [ 5.947489850561247, 59.985993400641114 ], [ 5.958770255207327, 59.979909378578455 ], [ 5.951089979703613, 59.96242442821577 ], [ 5.931809288074499, 59.967199062921466 ], [ 5.855033200660642, 59.95782173326402 ] ] ], [ [ [ 5.930529242157213, 60.13501226277148 ], [ 5.934636056141838, 60.142656968754565 ], [ 5.9740774709682, 60.159030923784066 ], [ 6.0178390407654, 60.166106905965634 ], [ 6.0616272781858775, 60.148793895356896 ], [ 6.060560573254806, 60.127817245375645 ], [ 6.039173139386826, 60.10878483722746 ], [ 5.9886113256540465, 60.08481908075455 ], [ 5.97333077751645, 60.068405447320295 ], [ 5.972637419311253, 60.08848272012707 ], [ 5.94274301361798, 60.10596767048975 ], [ 5.930529242157213, 60.13501226277148 ] ] ] ] } },
{ "type": "Feature", "properties": { "ISO": "NO-15", "NAME_1": "Møre og Romsdal" }, "geometry": { "type": "MultiPolygon", "coordinates": [ [ [ [ 5.340428074288565, 62.213710983423105 ], [ 5.390349865062702, 62.222585719953635 ], [ 5.420964296584448, 62.20203230628979 ], [ 5.405977092302897, 62.19326337883861 ], [ 5.340428074288565, 62.213710983423105 ] ] ], [ [ [ 5.390243194569595, 62.257555620679 ], [ 5.434778125441822, 62.2678852320506 ], [ 5.481499801422745, 62.26488289942403 ], [ 5.47101942547497, 62.241141987244745 ], [ 5.411497290321191, 62.242848158649274 ], [ 5.390243194569595, 62.257555620679 ] ] ], [ [ [ 5.49142003239303, 62.01479171050611 ], [ 5.528301480273499, 62.04645328123968 ], [ 5.520647872393063, 62.07518044628336 ], [ 5.547635507149167, 62.07935990491771 ], [ 5.562222697081567, 62.0686731879033 ], [ 5.585210188346154, 62.07474398383104 ], [ 5.607397650912437, 62.05077822735814 ], [ 5.620651459680998, 62.0736594407677 ], [ 5.570889674646521, 62.08626394734534 ], [ 5.547822180512104, 62.101011087779824 ], [ 5.4357381598797865, 62.10283629439862 ], [ 5.409177207096111, 62.12704012130006 ], [ 5.422537686357779, 62.14972294268584 ], [ 5.438058243104866, 62.155925999962776 ], [ 5.440618334939438, 62.178489786134286 ], [ 5.485819956393584, 62.2000748383218 ], [ 5.564942794655798, 62.166506907897826 ], [ 5.610997780054802, 62.16444363085049 ], [ 5.642625581261067, 62.16941665757997 ], [ 5.676973480041563, 62.13717134064788 ], [ 5.673293348029367, 62.11865475176153 ], [ 5.736975632414325, 62.08791721421019 ], [ 5.746922655896564, 62.09791617220882 ], [ 5.694840787637007, 62.12047995838033 ], [ 5.698067570053498, 62.13336221379126 ], [ 5.671586620139653, 62.1744954933888 ], [ 5.726015239247566, 62.17075249720677 ], [ 5.741749136980868, 62.18006369618962 ], [ 5.773643614419901, 62.1805398370467 ], [ 5.794817707301666, 62.19467857527492 ], [ 5.855593220749454, 62.203090397083294 ], [ 5.894394612617173, 62.19962514973456 ], [ 5.9157020436153225, 62.18821099529961 ], [ 5.95028995100531, 62.15880929737507 ], [ 5.9360227725522305, 62.13531968175925 ], [ 5.94514309971289, 62.12365423076085 ], [ 5.916475404690349, 62.076582416584756 ], [ 5.867966997949881, 62.04138767156577 ], [ 5.843539455028348, 62.012237270204686 ], [ 5.855833229358945, 62.004962895999334 ], [ 5.885727635052218, 62.03597818238397 ], [ 5.914341994828206, 62.05022272969154 ], [ 5.9361294430453375, 62.07812987437026 ], [ 5.9707440180586016, 62.10321985231126 ], [ 5.974957502536333, 62.11721310305538 ], [ 5.962770398698844, 62.135081611330705 ], [ 5.981384399746038, 62.142144367377355 ], [ 6.009412071809937, 62.13981656763165 ], [ 6.045466698480147, 62.10974033682624 ], [ 6.079947935377027, 62.10156658544641 ], [ 6.090348308454972, 62.090509536654274 ], [ 6.074667745968224, 62.07170197279971 ], [ 6.03466631105305, 62.04530260750174 ], [ 6.0575471318245295, 62.051677604532614 ], [ 6.064000696657511, 62.06502277466571 ], [ 6.080427952596009, 62.05634643015896 ], [ 6.091121669529999, 62.07228392273614 ], [ 6.122109447777621, 62.07902925154474 ], [ 6.145390282898252, 62.07655596431492 ], [ 6.186138411265176, 62.08397582600438 ], [ 6.208779223427165, 62.074611722481855 ], [ 6.231366700342599, 62.079611201481164 ], [ 6.249794028026857, 62.068276403855734 ], [ 6.274968264400139, 62.077190818791024 ], [ 6.314356343979948, 62.058621325364996 ], [ 6.314116335370457, 62.07897634700507 ], [ 6.25067405959499, 62.088075927829216 ], [ 6.218032888704208, 62.08636975642469 ], [ 6.176698072625195, 62.09884200165313 ], [ 6.151523836251912, 62.092096672844534 ], [ 6.120429387511184, 62.112068136571956 ], [ 6.094215113830106, 62.118707656301204 ], [ 6.041253214002415, 62.158571226946535 ], [ 6.003305186079554, 62.1713344471432 ], [ 5.988264646551448, 62.18762904536319 ], [ 5.950849971094122, 62.20146358248827 ], [ 5.96495714380754, 62.20614563424954 ], [ 5.930209230677892, 62.22054889517614 ], [ 5.972930763167298, 62.23033623501607 ], [ 5.986931265387609, 62.228114244349705 ], [ 5.996798286000018, 62.20656887056694 ], [ 6.02165251089398, 62.19783962152052 ], [ 6.038213104948863, 62.20238941193259 ], [ 6.087121526038482, 62.18917650314869 ], [ 6.116989264108478, 62.18875326683129 ], [ 6.126296264632076, 62.19699314888572 ], [ 6.063040662219547, 62.211581575701175 ], [ 6.011385475932419, 62.2153907025578 ], [ 6.008398702125419, 62.23366922101561 ], [ 5.984824523148744, 62.24715987863281 ], [ 5.961783696637603, 62.24758311495021 ], [ 5.982504439923663, 62.26832169450292 ], [ 6.022479207215561, 62.27899518538241 ], [ 6.08448143133408, 62.3016118760936 ], [ 6.103415443860596, 62.314480905369614 ], [ 6.208165868091799, 62.343446140841834 ], [ 6.233953459800448, 62.35784940176843 ], [ 6.280888476767585, 62.36303404665661 ], [ 6.325556745756197, 62.375797266853276 ], [ 6.3464374947819175, 62.37304623079016 ], [ 6.354811128490827, 62.35023114805519 ], [ 6.399186053623394, 62.320988163749675 ], [ 6.422813567846623, 62.289285118349255 ], [ 6.422813567846623, 62.26627164359051 ], [ 6.472708690997484, 62.24705406955346 ], [ 6.49188271213349, 62.21791689432729 ], [ 6.47796221278301, 62.20437333217042 ], [ 6.502523093820926, 62.19746928974279 ], [ 6.543244554564573, 62.17442936271421 ], [ 6.580925906254668, 62.14670738392435 ], [ 6.575459043482928, 62.133878033053094 ], [ 6.550444812849305, 62.1275559405619 ], [ 6.545004617700842, 62.1048598930412 ], [ 6.56988551021808, 62.12227871272929 ], [ 6.593326351078372, 62.12279453199112 ], [ 6.61116699105054, 62.14314955363119 ], [ 6.571618905731071, 62.182986672006685 ], [ 6.5545516268339306, 62.19325015270369 ], [ 6.599006554836327, 62.203844286773666 ], [ 6.647088279604366, 62.1912926847357 ], [ 6.640048027059295, 62.20315652775788 ], [ 6.592339649017131, 62.21185932453447 ], [ 6.528364020776129, 62.20614563424954 ], [ 6.537351009820405, 62.21126414846312 ], [ 6.526363949030371, 62.233814708499715 ], [ 6.504096483594257, 62.24915702500555 ], [ 6.495589511768963, 62.26522677893192 ], [ 6.469268567594779, 62.27587381754157 ], [ 6.439160820915291, 62.3332355646845 ], [ 6.401906151197625, 62.3581800551414 ], [ 6.424120281387186, 62.37270235128227 ], [ 6.407879698811625, 62.38530685785991 ], [ 6.451241254259673, 62.40022593804834 ], [ 6.500016337232909, 62.40123112430217 ], [ 6.551858196882975, 62.391919925319314 ], [ 6.558871781804768, 62.363205986410556 ], [ 6.581059244371052, 62.400609495960985 ], [ 6.547804718144905, 62.410806845983394 ], [ 6.610900314817772, 62.43154542553611 ], [ 6.723411017422519, 62.452204648279306 ], [ 6.748745259535462, 62.447866476025936 ], [ 6.747758557474221, 62.434560984297605 ], [ 6.788293344854931, 62.43064604836163 ], [ 6.803973907341679, 62.435962954599 ], [ 6.8540823714787535, 62.4334367628295 ], [ 6.914351200084283, 62.41174590156263 ], [ 6.888243596896313, 62.38820338140713 ], [ 6.888403602635973, 62.36328534322007 ], [ 6.918431346445631, 62.34308903519903 ], [ 6.917337973891282, 62.329095784454914 ], [ 6.957472746922841, 62.30495808822806 ], [ 6.965499701529152, 62.29118968177757 ], [ 7.005047786848621, 62.28718216289717 ], [ 6.998247542913042, 62.271694358907226 ], [ 7.00862124836771, 62.243945927847534 ], [ 7.002941044609756, 62.21556264231174 ], [ 7.016648202974022, 62.178383977054935 ], [ 6.981260266885731, 62.16495945011233 ], [ 6.936058645431585, 62.13599421464011 ], [ 6.924778240785505, 62.116670831523706 ], [ 6.86778952984302, 62.088737234575156 ], [ 6.874056421313064, 62.08078832748894 ], [ 6.934431920411701, 62.10562700886649 ], [ 6.9505925001174305, 62.10484666690628 ], [ 7.017181555439557, 62.08449164526621 ], [ 7.086064026363488, 62.09144859223351 ], [ 7.121505297698331, 62.11358914208762 ], [ 7.175027217614835, 62.1109042366991 ], [ 7.1975080240371625, 62.09782358926439 ], [ 7.189827748533449, 62.11403883067486 ], [ 7.142519384840437, 62.125267819220944 ], [ 7.119265217343082, 62.123085506959335 ], [ 7.081370524666774, 62.099146202756266 ], [ 7.017768243151647, 62.09683162914547 ], [ 6.9617128990238495, 62.11499111238902 ], [ 6.987767166965266, 62.144115061480264 ], [ 7.028648633448574, 62.161414845954084 ], [ 7.043449164367188, 62.18768194990287 ], [ 7.036088900342796, 62.208010519273095 ], [ 7.043449164367188, 62.21892208058112 ], [ 7.0346221810625735, 62.2722366304389 ], [ 7.04451586929826, 62.278823245628466 ], [ 7.096917749037138, 62.27675996858113 ], [ 7.134679103597062, 62.27980197961246 ], [ 7.167586950720612, 62.26320318028934 ], [ 7.217908755843901, 62.26017439539293 ], [ 7.227402429730436, 62.253257126830384 ], [ 7.264630431824825, 62.28503952904032 ], [ 7.306658606109034, 62.28212977935817 ], [ 7.329059409661532, 62.28694409246862 ], [ 7.3648740277222515, 62.26953849891545 ], [ 7.401061992508845, 62.242795254109595 ], [ 7.429463011298619, 62.252331297386064 ], [ 7.365407380187786, 62.2791935774062 ], [ 7.3529269324942526, 62.29022417392849 ], [ 7.301245078583847, 62.29494590409451 ], [ 7.280951017270215, 62.290488696626866 ], [ 7.246203104140568, 62.29689014592758 ], [ 7.217908755843901, 62.28630923799252 ], [ 7.176947286490763, 62.28526437333394 ], [ 7.1244920715053315, 62.29800114126076 ], [ 7.090997536669692, 62.29509139157862 ], [ 7.054756236636544, 62.30900528551322 ], [ 7.007341202450425, 62.30813236060858 ], [ 6.961632896154018, 62.33000838776431 ], [ 6.938272058163557, 62.372966873980644 ], [ 6.980780249666749, 62.37669664402775 ], [ 6.944512282010324, 62.401495647000544 ], [ 6.9475257234406005, 62.42019740177576 ], [ 6.885896846047956, 62.44928167246225 ], [ 6.872723040149225, 62.46028581671471 ], [ 6.772826123354397, 62.45934676113547 ], [ 6.773172802456996, 62.4668856580392 ], [ 6.8054672942451795, 62.471369317776684 ], [ 6.810720816030705, 62.4828363767513 ], [ 6.763252446598032, 62.476408475180754 ], [ 6.705543709827074, 62.47408067543504 ], [ 6.722690991594045, 62.48980654985352 ], [ 6.686663032547112, 62.48378865846546 ], [ 6.661302122810891, 62.46677984895985 ], [ 6.603673388909764, 62.45914836911169 ], [ 6.536524313498825, 62.435116481964194 ], [ 6.482842387842661, 62.429098590576125 ], [ 6.4268137113381405, 62.43108251081395 ], [ 6.393905864214591, 62.41850445650615 ], [ 6.381132072665012, 62.43244480271059 ], [ 6.346224153795703, 62.4323125413614 ], [ 6.355611157189131, 62.45823576580229 ], [ 6.307822776277136, 62.46199198811924 ], [ 6.250140707129455, 62.455167302501124 ], [ 6.253394157169222, 62.46404203903165 ], [ 6.220459642422396, 62.46404203903165 ], [ 6.294835643741343, 62.47298290623678 ], [ 6.373798476263897, 62.47693752057751 ], [ 6.371878407387968, 62.48389446754481 ], [ 6.451534598115718, 62.49328502333717 ], [ 6.478255556639055, 62.504156906240446 ], [ 6.500763030684659, 62.498363859146 ], [ 6.527937338803701, 62.508653792112845 ], [ 6.549164766932019, 62.4963270343685 ], [ 6.621594031751762, 62.49964679423313 ], [ 6.648074981665607, 62.482651210862436 ], [ 6.676822679557979, 62.48583870937787 ], [ 6.703036953239057, 62.4995542112887 ], [ 6.60900691356512, 62.50212008146295 ], [ 6.5998065835346305, 62.51110062707283 ], [ 6.62351410062769, 62.51849403649245 ], [ 6.606393486483995, 62.52321576665847 ], [ 6.5405777922368955, 62.5159281663182 ], [ 6.503083113909739, 62.518070800175046 ], [ 6.461268280611744, 62.51423522104859 ], [ 6.516496928417961, 62.527051345784926 ], [ 6.583699339075453, 62.530410784054304 ], [ 6.574018991825982, 62.542010104378114 ], [ 6.5464980046043415, 62.542935933822434 ], [ 6.448014471843183, 62.53186565889538 ], [ 6.368224942999049, 62.53485476538703 ], [ 6.339183901250633, 62.53091337718122 ], [ 6.256194257613284, 62.529683346633774 ], [ 6.286275336669496, 62.5415075112512 ], [ 6.274888261530309, 62.54871575478195 ], [ 6.270354765573256, 62.574440587199064 ], [ 6.256140922366731, 62.58081558422994 ], [ 6.334170388074597, 62.61335187613024 ], [ 6.386625603060029, 62.605204577020245 ], [ 6.440867548805005, 62.6140264090111 ], [ 6.451454595245888, 62.57032725923931 ], [ 6.459214873619432, 62.56180962835159 ], [ 6.471321974587091, 62.6064346075677 ], [ 6.457134799003843, 62.61437028851899 ], [ 6.526737295756245, 62.61605000765368 ], [ 6.569645501608589, 62.624527960136646 ], [ 6.569698836855142, 62.5962504836802 ], [ 6.605566790162415, 62.59076163768889 ], [ 6.60055327698638, 62.562761910065745 ], [ 6.624447467442378, 62.57143825457249 ], [ 6.630927699898636, 62.589597737816035 ], [ 6.628767622413216, 62.628482574477374 ], [ 6.646181580412955, 62.63161716845313 ], [ 6.665168928186025, 62.60360421469507 ], [ 6.662955515454052, 62.633852385254414 ], [ 6.701490231089003, 62.63841540180141 ], [ 6.744131760708578, 62.65160185831547 ], [ 6.798613715063046, 62.652792210458166 ], [ 6.82104118623882, 62.638388949531574 ], [ 6.918991366534444, 62.58789156641151 ], [ 6.916031260350721, 62.59930572084645 ], [ 6.939072086861861, 62.61471416802688 ], [ 6.907337615162489, 62.64559719306233 ], [ 6.998407548652702, 62.65556969879112 ], [ 7.085610676767782, 62.65088764702986 ], [ 7.077690392654578, 62.62473957829535 ], [ 7.069503432308605, 62.630492946985036 ], [ 7.025768530134681, 62.621909185422716 ], [ 7.024141805114798, 62.615110952074446 ], [ 7.092624261689576, 62.624646995350915 ], [ 7.108171486059939, 62.58145043870604 ], [ 7.124945421101037, 62.57504898940533 ], [ 7.133505728172883, 62.55707467205065 ], [ 7.124465403882054, 62.54273754179865 ], [ 7.139719284396374, 62.522567686047445 ], [ 7.153853124733069, 62.5682772083269 ], [ 7.1256121116829565, 62.60533683836943 ], [ 7.167053598255077, 62.631656846857894 ], [ 7.230762550263311, 62.61004534240053 ], [ 7.2617503285109315, 62.62221338652585 ], [ 7.286417880041956, 62.60806142216271 ], [ 7.35924715921085, 62.60773076878974 ], [ 7.378101168867535, 62.572562476040595 ], [ 7.414422471770513, 62.562219638534074 ], [ 7.449810407858804, 62.53178630208586 ], [ 7.476584701628694, 62.54563406534587 ], [ 7.518212861563752, 62.54070071702115 ], [ 7.544373799998276, 62.49873419092373 ], [ 7.568001314221505, 62.50385270513731 ], [ 7.559894356745364, 62.53189211116521 ], [ 7.626163400588169, 62.54644085957592 ], [ 7.659924611656575, 62.54849091048834 ], [ 7.671205016302654, 62.56559230293837 ], [ 7.783955727516892, 62.57166309886611 ], [ 7.736540693330772, 62.58381791685651 ], [ 7.660057949772959, 62.57540609504814 ], [ 7.554080814871025, 62.55413847009867 ], [ 7.477171389340783, 62.56584359950183 ], [ 7.416955895981808, 62.59738793128322 ], [ 7.400955322015738, 62.63210653544513 ], [ 7.489198487438612, 62.63907670854735 ], [ 7.510905932785914, 62.60681816548034 ], [ 7.507732485615977, 62.58441309292786 ], [ 7.543600438923249, 62.58119914214258 ], [ 7.540400324130035, 62.61970042089128 ], [ 7.509012531533262, 62.63467240561938 ], [ 7.498505487962209, 62.66121725840146 ], [ 7.543120421704266, 62.6747343682885 ], [ 7.598162396147547, 62.679522229129105 ], [ 7.622216592343205, 62.692814494722526 ], [ 7.683152111530653, 62.69679556133309 ], [ 7.708246345034105, 62.70756163515701 ], [ 7.830837409237477, 62.73254580401867 ], [ 7.865932001469722, 62.73595814682773 ], [ 7.9403880056585, 62.72544336956726 ], [ 7.930894331771965, 62.73749237847831 ], [ 7.961242087060944, 62.745123858326465 ], [ 8.005750350309894, 62.73989953503353 ], [ 8.037564824879096, 62.72418688674997 ], [ 8.085779887763518, 62.70929425883138 ], [ 8.119301090222436, 62.690023780254656 ], [ 8.146955415560459, 62.68737855327089 ], [ 8.134661641229862, 62.71371178789426 ], [ 8.08337980166861, 62.73720140351009 ], [ 8.053672069338273, 62.73728076031961 ], [ 8.022044268132008, 62.74898588972276 ], [ 8.020684219344894, 62.75704060588833 ], [ 8.068739276489655, 62.77000221810877 ], [ 8.071032692091459, 62.776998843480825 ], [ 7.958388651370328, 62.764751442546 ], [ 7.923054050528591, 62.768983805720026 ], [ 7.854784934940027, 62.758707098888095 ], [ 7.816063545942138, 62.748522975000604 ], [ 7.680618687319359, 62.725244977543475 ], [ 7.501998946611468, 62.68704789989792 ], [ 7.45274384641925, 62.68399266273167 ], [ 7.442983496299948, 62.69712621470606 ], [ 7.3533536144666805, 62.69076444381011 ], [ 7.379781229133973, 62.70638450914924 ], [ 7.40367541958997, 62.70457252866536 ], [ 7.426849584217495, 62.71712413070332 ], [ 7.392528353060275, 62.72035130762352 ], [ 7.411035683614362, 62.7314480348204 ], [ 7.362980626469599, 62.730826406479224 ], [ 7.361113892840224, 62.73710882056566 ], [ 7.425009518211397, 62.74800715573877 ], [ 7.4709845007405695, 62.76075714980051 ], [ 7.532880054365982, 62.77197291221167 ], [ 7.620029847234509, 62.779511809115405 ], [ 7.6541910726520666, 62.77698561734591 ], [ 7.696645928908705, 62.782249619043604 ], [ 7.721686827165604, 62.79301569286752 ], [ 7.654777760364157, 62.78441870517029 ], [ 7.676725214320948, 62.79121693851856 ], [ 7.630350217442624, 62.7930685974072 ], [ 7.5165328012973145, 62.77964407046459 ], [ 7.500718900694182, 62.78136346800404 ], [ 7.452050488214054, 62.7699493135691 ], [ 7.361220563333331, 62.75778126944378 ], [ 7.315138910311051, 62.75500378111083 ], [ 7.258523546094441, 62.74278283244583 ], [ 7.245989763154354, 62.74418480274723 ], [ 7.1479595799889, 62.73249289947899 ], [ 7.0790504414416935, 62.73447681971682 ], [ 7.04384917871634, 62.72859118967794 ], [ 6.980540241057257, 62.72462334920229 ], [ 6.969739853630161, 62.7362888002007 ], [ 6.993794049825819, 62.748139417087955 ], [ 6.9912339579912475, 62.76744957406944 ], [ 6.96899316017841, 62.77948535684557 ], [ 6.975606730751053, 62.79224857704223 ], [ 7.015954844768825, 62.81736500725307 ], [ 7.067316687199909, 62.8298901570212 ], [ 7.108704838525476, 62.8238458133633 ], [ 7.081717203769371, 62.82149156134775 ], [ 7.103984669205485, 62.81333103610283 ], [ 7.153373107514087, 62.81945473657025 ], [ 7.180414077516744, 62.80288238951697 ], [ 7.240042883163631, 62.81151905561896 ], [ 7.212388557825607, 62.81153228175388 ], [ 7.177373968463192, 62.820962515950995 ], [ 7.206521680704714, 62.8350218973697 ], [ 7.154733156301203, 62.841172050106955 ], [ 7.174200521293255, 62.849940977558134 ], [ 7.133532395796161, 62.85113132970083 ], [ 7.06448991913257, 62.837931647051846 ], [ 7.03398215810393, 62.84066945698004 ], [ 6.995660783455193, 62.83412252019522 ], [ 7.01176802791437, 62.85310202380373 ], [ 6.988620530910123, 62.8617254637708 ], [ 6.994994092873274, 62.873642211332665 ], [ 6.965446366282599, 62.87417125672942 ], [ 6.981153596392623, 62.89628535431369 ], [ 6.92349819486822, 62.89804443025789 ], [ 6.898857310960472, 62.91025215278796 ], [ 6.981180264015901, 62.933887255887896 ], [ 6.991153955121417, 62.943952344561126 ], [ 7.023555117402708, 62.95147801532993 ], [ 7.0372889433902515, 62.96713775907382 ], [ 7.084783980446201, 62.97102624273995 ], [ 7.1120382914350735, 62.98833925334869 ], [ 7.1183585181516715, 62.98084003484972 ], [ 7.154759823924479, 62.9839878549604 ], [ 7.154279806705498, 62.9960765422762 ], [ 7.175827246313138, 62.99259806879255 ], [ 7.2718573577328325, 63.00463385156868 ], [ 7.306098586020221, 63.006049048004996 ], [ 7.323885890745836, 62.991434168919696 ], [ 7.316872305824042, 62.971621418811296 ], [ 7.376874458196803, 62.966516130732636 ], [ 7.38220798285216, 62.95877884180512 ], [ 7.414689148003282, 62.95754881125767 ], [ 7.44594360248367, 62.936677970355774 ], [ 7.456503981301276, 62.921243070905504 ], [ 7.445836931990563, 62.90664141795513 ], [ 7.469944463432775, 62.8995257573688 ], [ 7.483971633276363, 62.90674722703447 ], [ 7.518932887392225, 62.907712734883546 ], [ 7.5645611908188, 62.92542252953985 ], [ 7.594055582162921, 62.92683772597616 ], [ 7.600855826098502, 62.939640624577585 ], [ 7.683685463996189, 62.968288432811754 ], [ 7.763688333826537, 62.968169397597485 ], [ 7.791769341136989, 62.959678218979604 ], [ 7.708859700369471, 62.922446649183115 ], [ 7.6750184864312345, 62.896166319099414 ], [ 7.7524345968037345, 62.91989400514379 ], [ 7.836197601516109, 62.949996688219024 ], [ 7.863398577258428, 62.94536754099744 ], [ 7.888599481254987, 62.959731123519276 ], [ 7.953268467701186, 62.96439994914562 ], [ 7.974149216726907, 62.973102745922205 ], [ 8.039031544159318, 62.96360638105049 ], [ 8.063299081341192, 62.95307837765511 ], [ 8.07260608186479, 62.93753766912549 ], [ 8.11959443407848, 62.920899191397616 ], [ 8.089566690268823, 62.888600969925854 ], [ 8.111007459383355, 62.88792643704499 ], [ 8.111087462253186, 62.85967541285839 ], [ 8.139941830638666, 62.819811842213056 ], [ 8.174183058926054, 62.808820924095514 ], [ 8.17247633103634, 62.802009464612325 ], [ 8.20463748470814, 62.79748612647008 ], [ 8.262452891972206, 62.77943245230589 ], [ 8.312694694225664, 62.78419386087667 ], [ 8.334748818675564, 62.76395787445087 ], [ 8.385283964785067, 62.75419698688078 ], [ 8.403551286729662, 62.74509740605663 ], [ 8.417978470922403, 62.71909482480623 ], [ 8.434752405963499, 62.731818366598134 ], [ 8.504808252311607, 62.71799705560796 ], [ 8.505288269530588, 62.69327740944468 ], [ 8.522835565646712, 62.67132202547944 ], [ 8.54555638067853, 62.676334730613675 ], [ 8.560756925946297, 62.69493067630954 ], [ 8.554756710709022, 62.71737542726678 ], [ 8.541316228577521, 62.729847672495225 ], [ 8.44352605402156, 62.7568818922693 ], [ 8.394644300555218, 62.777871768385474 ], [ 8.3379222658455, 62.78928592282041 ], [ 8.322188368112197, 62.80342466104864 ], [ 8.245118936842296, 62.8098657887541 ], [ 8.196237183375953, 62.82657039715657 ], [ 8.17503642287091, 62.848684494740844 ], [ 8.156875771419422, 62.85626307004933 ], [ 8.165889428086974, 62.867412701785895 ], [ 8.149862186497629, 62.89028068906054 ], [ 8.191197002576642, 62.90292487404294 ], [ 8.200930685072667, 62.91355868651767 ], [ 8.151702252503727, 62.90906180064527 ], [ 8.159115851774672, 62.9163229487157 ], [ 8.136021690016978, 62.94706048626705 ], [ 8.05436542754347, 62.9731688765968 ], [ 8.024631027589857, 62.997729809141056 ], [ 7.999696799826065, 62.99906564876785 ], [ 7.988443062803262, 63.01157757240106 ], [ 8.007537081069438, 63.01918259997938 ], [ 7.963988852258453, 63.04004021474637 ], [ 7.978362701204638, 63.0487033331182 ], [ 7.967055628935283, 63.07717920159842 ], [ 7.978709380307237, 63.08871239124763 ], [ 8.067405895325816, 63.110151955951046 ], [ 8.10956740772641, 63.106501542713445 ], [ 8.113940897943802, 63.09020694449346 ], [ 8.139115134317084, 63.08301192709762 ], [ 8.142208578617192, 63.07027515917079 ], [ 8.124767952994176, 63.04932496145938 ], [ 8.08377981601776, 63.0482139661262 ], [ 8.134821646969524, 63.0439286984125 ], [ 8.132048214148737, 63.03406200176306 ], [ 8.173489700720857, 63.02543856179599 ], [ 8.192423713247374, 63.010069793020314 ], [ 8.241198796220608, 63.00280864494988 ], [ 8.258959433322946, 62.99332550621308 ], [ 8.24210549541202, 62.97913386344519 ], [ 8.256666017721143, 62.97439890714425 ], [ 8.277760107733078, 62.983829141341374 ], [ 8.333308767018616, 62.96414865258217 ], [ 8.282693618039282, 62.92718160548406 ], [ 8.320161628743163, 62.91207735940676 ], [ 8.33776226010584, 62.890531985624 ], [ 8.300747598997665, 62.864767474802136 ], [ 8.365576591183524, 62.88618058723571 ], [ 8.41517837047834, 62.87028277306328 ], [ 8.45603316933837, 62.84601281548724 ], [ 8.485234216826449, 62.84595991094757 ], [ 8.509635092124704, 62.83671484263931 ], [ 8.521422181613042, 62.84537796101114 ], [ 8.51000843885058, 62.85876280954899 ], [ 8.455339811133175, 62.872491537594726 ], [ 8.430325580499552, 62.88591606453733 ], [ 8.421338591455276, 62.90109966742414 ], [ 8.453419742257246, 62.8851886271168 ], [ 8.491741116905983, 62.87832426309393 ], [ 8.517502040991356, 62.86464843958787 ], [ 8.581397666362527, 62.86816659147627 ], [ 8.637799689592923, 62.82916271960066 ], [ 8.661827218165303, 62.829281754814936 ], [ 8.699535237478674, 62.81851568099101 ], [ 8.689908225475756, 62.83223118290183 ], [ 8.6318528096022, 62.84133076372598 ], [ 8.63067943417802, 62.864066489651435 ], [ 8.592811409124991, 62.88551928048977 ], [ 8.54040952938611, 62.87895911757003 ], [ 8.538889474859335, 62.88795288931483 ], [ 8.475953883926127, 62.901350963987596 ], [ 8.457499888618594, 62.923808941079756 ], [ 8.427818823911535, 62.93819897587144 ], [ 8.42437870050883, 62.95098864833793 ], [ 8.484647529114358, 62.96031307345571 ], [ 8.528222425548622, 62.956173293226115 ], [ 8.655080309476277, 62.971740454025564 ], [ 8.643959910569858, 62.991182872356234 ], [ 8.57193066009927, 62.986791795563185 ], [ 8.514115252835204, 62.96934652360526 ], [ 8.463366765739487, 62.9700739610258 ], [ 8.493954529637957, 62.992479033578284 ], [ 8.588331248414491, 63.01754255924945 ], [ 8.580224290938348, 63.022436229169415 ], [ 8.503928220743472, 63.0041577107116 ], [ 8.416698425005116, 62.97610507854878 ], [ 8.364723227238667, 62.96980943832742 ], [ 8.347015925382884, 62.98685792623778 ], [ 8.323468414029485, 62.99295517443536 ], [ 8.345602541349214, 63.00877363179827 ], [ 8.430698927225428, 63.0077419932746 ], [ 8.494354543987107, 63.01824354440015 ], [ 8.484674196737636, 63.02229074168531 ], [ 8.432698998971187, 63.01529411631325 ], [ 8.380830471697843, 63.01344245742462 ], [ 8.347495942601865, 63.02070360549505 ], [ 8.306454470378897, 63.007927159163465 ], [ 8.257509891205592, 63.020412804856846 ], [ 8.296809703163486, 63.038069095938155 ], [ 8.328607239402288, 63.04514093134268 ], [ 8.338320847078371, 63.03553468093769 ], [ 8.402801490626157, 63.05687282013516 ], [ 8.425162160148307, 63.046735160133295 ], [ 8.437200391883625, 63.0655388843303 ], [ 8.481506619488776, 63.07965530336516 ], [ 8.501985450486787, 63.048969805617574 ], [ 8.526034239861477, 63.057881135780505 ], [ 8.64768956562803, 63.072542590299335 ], [ 8.652560206514043, 63.06417629562038 ], [ 8.688730249911877, 63.07340102118659 ], [ 8.7348076196574, 63.094493894416274 ], [ 8.777259682834353, 63.10712509175731 ], [ 8.807147706453069, 63.12662373619638 ], [ 8.833548793982937, 63.12609232659951 ], [ 8.860143600184404, 63.11431956014573 ], [ 8.898721289929304, 63.12211356756652 ], [ 8.911091610815939, 63.11791679433994 ], [ 8.969954412887244, 63.133913585794495 ], [ 8.99516551429155, 63.1036368646599 ], [ 8.959023144989658, 63.09306317627085 ], [ 8.972832518865342, 63.072542590299335 ], [ 9.0134304176141, 63.07386430134797 ], [ 9.052699959757579, 63.089411438528245 ], [ 9.083750295405913, 63.090392502399396 ], [ 9.104256800499865, 63.043900975616644 ], [ 9.104395170979583, 63.02907601045263 ], [ 9.15606270810564, 63.01283395303028 ], [ 9.140648236665246, 63.000870424157114 ], [ 9.17764850294138, 62.993008287300825 ], [ 9.17346971445395, 62.9841242089121 ], [ 9.149116510023884, 62.993035539075024 ], [ 9.110843235334361, 62.97147938568396 ], [ 9.136303403602156, 62.9272361302726 ], [ 9.177620828845438, 62.91715297381913 ], [ 9.203302389880779, 62.92511049188511 ], [ 9.266731417782722, 62.925832663901375 ], [ 9.3078551243544, 62.90525757438146 ], [ 9.312227631513434, 62.891440924862785 ], [ 9.286130959038944, 62.87731087994083 ], [ 9.331184387234565, 62.86213164171223 ], [ 9.324570278304126, 62.85204848525876 ], [ 9.323546336754227, 62.80945396218641 ], [ 9.330769275795415, 62.79871676315217 ], [ 9.364836087901564, 62.79411121331262 ], [ 9.146819560060592, 62.7564628872573 ], [ 9.10378634086883, 62.754132860563324 ], [ 9.077136186475474, 62.75963771895144 ], [ 9.05770897112331, 62.74632522725544 ], [ 8.98639282587754, 62.741828684512676 ], [ 8.919974995613725, 62.711769977571656 ], [ 8.981162421744264, 62.66217174853028 ], [ 9.012129735104768, 62.66395673974028 ], [ 9.111369043157282, 62.60552893585856 ], [ 9.125621202568059, 62.586548075129265 ], [ 9.152243682865471, 62.57289493625578 ], [ 9.220986137188518, 62.574734431014186 ], [ 9.243734244053876, 62.55608059157527 ], [ 9.217222460140237, 62.519890235439576 ], [ 9.184290285967762, 62.458260348089524 ], [ 9.198708489954198, 62.44750952316819 ], [ 9.183626107665123, 62.426648290019195 ], [ 9.14219798603807, 62.39840182606238 ], [ 9.104671911939015, 62.38202350976905 ], [ 9.062053804186402, 62.37260802178344 ], [ 9.020431963887743, 62.35911839355516 ], [ 8.971144399012804, 62.35389967879613 ], [ 8.919061750447597, 62.353463650408955 ], [ 8.889616512363972, 62.37549670984849 ], [ 8.79261880608286, 62.37839902380064 ], [ 8.635153200165735, 62.37413412113857 ], [ 8.463269390262171, 62.36343779976563 ], [ 8.389324205901792, 62.363873828152805 ], [ 8.275196234231805, 62.34798604379504 ], [ 8.205844949798005, 62.3317439863727 ], [ 8.169536535920454, 62.305159880642 ], [ 8.132010461821398, 62.291043461607146 ], [ 7.98362195937366, 62.17745806674753 ], [ 7.863959168515021, 62.17078138206889 ], [ 7.8273463395820935, 62.18968048747559 ], [ 7.7345827699803, 62.184638909248854 ], [ 7.655268811006929, 62.14088618577306 ], [ 7.57938643993052, 62.12189169915666 ], [ 7.63182885174299, 62.08508817810151 ], [ 7.592061175872532, 62.07451448971246 ], [ 7.583786621185498, 62.06534426769465 ], [ 7.554064642142441, 62.06950016325993 ], [ 7.514241618080096, 62.097433231813454 ], [ 7.485875669738258, 62.08954384318297 ], [ 7.414725569068148, 62.092091884070534 ], [ 7.402576640949058, 62.06088860261318 ], [ 7.342523852752192, 62.035421819624624 ], [ 7.352707920059311, 62.029262918655746 ], [ 7.349110287586687, 62.00767951349049 ], [ 7.311445843007917, 62.01798068413754 ], [ 7.240766201968841, 62.01893449623449 ], [ 7.234069070750573, 62.03408648268889 ], [ 7.194882550894922, 62.030693636801175 ], [ 7.1936648906734195, 62.01654996599212 ], [ 7.074527907637702, 62.0093418717166 ], [ 7.0608292301457904, 61.98883491163218 ], [ 6.983424783792504, 61.981599565582464 ], [ 6.959569713089417, 61.98901204816447 ], [ 6.911665853011641, 61.9752907798555 ], [ 6.895808596036155, 61.98225360816323 ], [ 6.851917479870151, 61.97576768590397 ], [ 6.840875515588792, 61.96354526517592 ], [ 6.793995597060917, 61.96994943211258 ], [ 6.774789774476297, 61.95835380219109 ], [ 6.706490105688341, 61.95303970622237 ], [ 6.666833126201656, 61.96240069065958 ], [ 6.621669001622262, 61.958272046868494 ], [ 6.599031591140679, 61.94915632839907 ], [ 6.5374567276669335, 61.94622676267273 ], [ 6.524007117038511, 61.93043435952466 ], [ 6.501342032460985, 61.92344427944273 ], [ 6.472311905816509, 61.9429020462205 ], [ 6.432654926329824, 61.95075055718969 ], [ 6.420976457841769, 61.98169494679216 ], [ 6.377500453114915, 61.97853374098513 ], [ 6.348331955990723, 61.96268683428866 ], [ 6.313517943294107, 61.964730717353554 ], [ 6.235809081885444, 61.99181898090693 ], [ 6.2575332472009, 62.005553875103 ], [ 6.181844594796095, 62.01064995687813 ], [ 6.1704151931715305, 61.994121755826704 ], [ 6.1318928516185185, 61.987022668647974 ], [ 6.141883200254034, 61.97354666630679 ], [ 6.088693587851096, 61.96171939630461 ], [ 6.063676205118393, 61.96853233985425 ], [ 6.036361872422399, 61.95658243686818 ], [ 6.011206119209979, 61.9751953986458 ], [ 5.964768986217196, 61.994108129939605 ], [ 5.94661477927842, 61.98790835130943 ], [ 5.926910822966821, 61.996588041391675 ], [ 5.842864593587153, 61.973383155661594 ], [ 5.802571109893773, 61.96599792485379 ], [ 5.784223184283394, 61.97312426380671 ], [ 5.721901120219181, 61.97988270380795 ], [ 5.703553194608803, 61.96881848348334 ], [ 5.6801685835367515, 61.97405082412946 ], [ 5.551567059688441, 61.960411311143076 ], [ 5.517444899390407, 61.97534528340389 ], [ 5.475961429571466, 61.98594622356713 ], [ 5.442863210823332, 61.97421433477465 ], [ 5.471727292892147, 61.99468041719777 ], [ 5.503165065883687, 62.00792477945828 ], [ 5.49142003239303, 62.01479171050611 ] ] ], [ [ [ 5.446405209190499, 62.222479910874284 ], [ 5.473926196412139, 62.220390181557114 ], [ 5.466912611490345, 62.20974314294746 ], [ 5.446405209190499, 62.222479910874284 ] ] ], [ [ [ 5.476832967349308, 62.32133204325756 ], [ 5.49547363601978, 62.341263828580225 ], [ 5.515421018230813, 62.3271912210266 ], [ 5.476832967349308, 62.32133204325756 ] ] ], [ [ [ 5.496833684806895, 62.36566604750546 ], [ 5.558889244171969, 62.37451433176615 ], [ 5.555262447406326, 62.361301422982244 ], [ 5.5870769219755285, 62.36023010605382 ], [ 5.601717447154482, 62.33996766735818 ], [ 5.530461557758919, 62.329373533288205 ], [ 5.506700705419306, 62.343446140841834 ], [ 5.524994694987178, 62.35221506829301 ], [ 5.496833684806895, 62.36566604750546 ] ] ], [ [ [ 5.528274812650222, 62.22938395330191 ], [ 5.543662031280926, 62.234370206166304 ], [ 5.587930285920385, 62.2238951073106 ], [ 5.596650598731893, 62.22837876704808 ], [ 5.6512125559561905, 62.21630330586719 ], [ 5.615557943635132, 62.231830788261895 ], [ 5.573156422625048, 62.23516377426144 ], [ 5.531741603676204, 62.24796667286286 ], [ 5.530061543409767, 62.25791272632181 ], [ 5.577876591945039, 62.26004213404374 ], [ 5.5485155387173, 62.270768529462906 ], [ 5.547128822306908, 62.28449725750864 ], [ 5.571209686125842, 62.29487977341992 ], [ 5.640332165659263, 62.2995750513161 ], [ 5.713641462047139, 62.294324275753326 ], [ 5.713908138279907, 62.305606168839084 ], [ 5.751856166202769, 62.302762549831534 ], [ 5.734282202463369, 62.2816536385011 ], [ 5.793724334747318, 62.289880294420605 ], [ 5.80340468199679, 62.28242075432639 ], [ 5.8297256261709745, 62.286600212960735 ], [ 5.81857855964128, 62.26580872886835 ], [ 5.785377368661685, 62.25058544757678 ], [ 5.810871616514289, 62.24085101227653 ], [ 5.813191699739369, 62.22986009415899 ], [ 5.764416616766134, 62.20383106063875 ], [ 5.723268474050058, 62.20294490959918 ], [ 5.606144272618428, 62.18683547726806 ], [ 5.575183161994083, 62.198223179433164 ], [ 5.566329511066192, 62.211740289320204 ], [ 5.528274812650222, 62.22938395330191 ] ] ], [ [ [ 5.581850067813279, 62.41374304793538 ], [ 5.61366454238248, 62.41132266524523 ], [ 5.662199616746225, 62.39812298259625 ], [ 5.645985701793942, 62.388944044962585 ], [ 5.613344530903159, 62.39235638777164 ], [ 5.581850067813279, 62.41374304793538 ] ] ], [ [ [ 5.596490592992232, 62.3292280458041 ], [ 5.632091870066738, 62.343776794214804 ], [ 5.6681731643602244, 62.34636911665889 ], [ 5.674200047220777, 62.33443914296212 ], [ 5.646145707533602, 62.31733775051208 ], [ 5.596490592992232, 62.3292280458041 ] ] ], [ [ [ 5.612491166958302, 62.368853546020894 ], [ 5.6292651019993984, 62.37838958929736 ], [ 5.640945520994629, 62.3701232549731 ], [ 5.675693434124277, 62.37446142722647 ], [ 5.668919857811975, 62.3638011624819 ], [ 5.633185242621086, 62.36060043783155 ], [ 5.612491166958302, 62.368853546020894 ] ] ], [ [ [ 5.657292774063297, 62.32440050655873 ], [ 5.68852056092041, 62.33219070002592 ], [ 5.692707377774864, 62.34394873396875 ], [ 5.667293132792091, 62.35483384300694 ], [ 5.718014952264531, 62.36639348492599 ], [ 5.721001726071531, 62.35716164275265 ], [ 5.746415971054305, 62.36348373524385 ], [ 5.742682503795556, 62.346342664389056 ], [ 5.725561889651861, 62.33562949510481 ], [ 5.73916237752302, 62.325868607534716 ], [ 5.720815052708594, 62.32084267626557 ], [ 5.657292774063297, 62.32440050655873 ] ] ], [ [ [ 5.764923301608393, 62.32372597367787 ], [ 5.7835639702788635, 62.32961160371674 ], [ 5.826712184740698, 62.33011419684366 ], [ 5.851619744881213, 62.32067073651162 ], [ 5.79951120899838, 62.2955014017611 ], [ 5.79039088183772, 62.31765517775013 ], [ 5.764923301608393, 62.32372597367787 ] ] ], [ [ [ 5.806871473022772, 62.249963819235596 ], [ 5.857459954378829, 62.26455224605106 ], [ 5.870340416421515, 62.27903486378717 ], [ 5.8320723770193315, 62.30011732284777 ], [ 5.8631134905135065, 62.32069718878146 ], [ 5.843246111172304, 62.34416035212745 ], [ 5.825485474069966, 62.34371066354021 ], [ 5.816391814532583, 62.365401524807076 ], [ 5.847779607129357, 62.405873497658675 ], [ 5.8988481057043956, 62.421255492569266 ], [ 5.9475698534310775, 62.42522333304491 ], [ 6.002291816395036, 62.42222100041834 ], [ 6.008692045981464, 62.40096660160379 ], [ 6.03631970369621, 62.37858798132115 ], [ 6.036879723785023, 62.3671738268862 ], [ 6.114162496041139, 62.3505221230234 ], [ 5.993064818741269, 62.300342167141395 ], [ 5.9707440180586016, 62.295355914276996 ], [ 5.904101627489922, 62.25077061346565 ], [ 5.806871473022772, 62.249963819235596 ] ] ], [ [ [ 5.854339842455445, 62.23245241660308 ], [ 5.906341707845171, 62.249646391997544 ], [ 5.9067683898176, 62.24255718368106 ], [ 5.859220017515097, 62.22884168177024 ], [ 5.854339842455445, 62.23245241660308 ] ] ], [ [ [ 5.933996033183195, 62.4659730547298 ], [ 5.965490496273076, 62.48454254815583 ], [ 6.041813234091228, 62.48409285956859 ], [ 6.033812947108193, 62.46478270258711 ], [ 6.018612401840427, 62.4689886134913 ], [ 5.971330705770691, 62.46209779719859 ], [ 5.933996033183195, 62.4659730547298 ] ] ], [ [ [ 6.008905386967678, 62.55194293170215 ], [ 6.05365365882612, 62.56854173102527 ], [ 6.101788718840712, 62.57098856598525 ], [ 6.07146763117501, 62.58246885109479 ], [ 6.108748968515952, 62.590920351307915 ], [ 6.127869654405406, 62.58332854986451 ], [ 6.118375980518871, 62.574096707691176 ], [ 6.134429889731495, 62.559600863820144 ], [ 6.122402791633665, 62.54899350361525 ], [ 6.129549714671843, 62.52906171829259 ], [ 6.085308127655661, 62.55438976666213 ], [ 6.059013851104753, 62.539827792116505 ], [ 6.014105573506651, 62.535701238021836 ], [ 6.03301291840989, 62.54604407552836 ], [ 6.008905386967678, 62.55194293170215 ] ] ], [ [ [ 6.020532470716355, 62.511008044128396 ], [ 6.0625606450005645, 62.51500233687388 ], [ 6.062693983116949, 62.5001890657648 ], [ 6.030212817965827, 62.4994880806141 ], [ 6.020532470716355, 62.511008044128396 ] ] ], [ [ [ 6.0559204068046455, 62.437126854471856 ], [ 6.181444909568462, 62.438952061090646 ], [ 6.216459498930878, 62.45167560288256 ], [ 6.236780227867786, 62.4361745727577 ], [ 6.261394444152257, 62.44413670597883 ], [ 6.289448783839433, 62.43187607890908 ], [ 6.275154937763077, 62.42297489010871 ], [ 6.356677862120202, 62.431598330075786 ], [ 6.366438212239505, 62.42042224606938 ], [ 6.31342297716526, 62.40615124649197 ], [ 6.178831482487338, 62.39477677046178 ], [ 6.115175865725657, 62.400940149333955 ], [ 6.077227837802795, 62.41477468645904 ], [ 6.0559204068046455, 62.437126854471856 ] ] ], [ [ [ 6.085734809628089, 62.45705863979452 ], [ 6.098881947903543, 62.47152803139571 ], [ 6.117842628053335, 62.464081717436414 ], [ 6.16472430977392, 62.45920127365137 ], [ 6.103442111483873, 62.453580166310864 ], [ 6.085734809628089, 62.45705863979452 ] ] ], [ [ [ 6.093095073652481, 62.504342072129305 ], [ 6.0997353118484, 62.526019707261256 ], [ 6.140910122187753, 62.52326867119814 ], [ 6.139470070530806, 62.50112812134403 ], [ 6.124456198625977, 62.49495151633694 ], [ 6.093095073652481, 62.504342072129305 ] ] ], [ [ [ 6.127389637186424, 62.63366721936555 ], [ 6.145336947651699, 62.63803184388876 ], [ 6.193685348652505, 62.63345560120685 ], [ 6.215846143595512, 62.622186934256014 ], [ 6.20848587957112, 62.59966282648926 ], [ 6.148910409170787, 62.61355026815402 ], [ 6.127389637186424, 62.63366721936555 ] ] ], [ [ [ 6.150697139930331, 62.47544296733168 ], [ 6.257607641646954, 62.478167551124955 ], [ 6.260807756440168, 62.472506765379705 ], [ 6.189818543277372, 62.46761309545974 ], [ 6.150697139930331, 62.47544296733168 ] ] ], [ [ [ 6.159310782248733, 62.66678546120228 ], [ 6.169657820080125, 62.68314619009686 ], [ 6.201738970882094, 62.679350289375165 ], [ 6.227766571200235, 62.66285729913139 ], [ 6.241207053331733, 62.66392861605982 ], [ 6.275554952112229, 62.63738376327774 ], [ 6.251394085423463, 62.63077069581833 ], [ 6.212459355439361, 62.650054400529974 ], [ 6.159310782248733, 62.66678546120228 ] ] ], [ [ [ 6.165124324123071, 62.49149949512313 ], [ 6.179551508315811, 62.499448402209346 ], [ 6.225419820351878, 62.50267557912954 ], [ 6.236913565984171, 62.51182806449336 ], [ 6.309396166050466, 62.51674818668316 ], [ 6.33033025032274, 62.50594243445448 ], [ 6.392065798208493, 62.51014834535867 ], [ 6.447561122247477, 62.51919502164314 ], [ 6.443427640639577, 62.508217329660525 ], [ 6.3742251582363245, 62.49619477301931 ], [ 6.313582982904921, 62.494290209591 ], [ 6.282435198917639, 62.48950234875039 ], [ 6.246727251350027, 62.495507014003536 ], [ 6.165124324123071, 62.49149949512313 ] ] ], [ [ [ 6.200885606937237, 62.6838736275174 ], [ 6.2339001245538945, 62.68602948750917 ], [ 6.2280865826795555, 62.69317160036533 ], [ 6.291475523208468, 62.68790759866764 ], [ 6.329583556870991, 62.67860962581971 ], [ 6.348437566527676, 62.66181243447281 ], [ 6.325983427728625, 62.65067602887116 ], [ 6.267181318403319, 62.666269641940445 ], [ 6.23832695001784, 62.683172642366706 ], [ 6.200885606937237, 62.6838736275174 ] ] ], [ [ [ 6.2192062641283865, 62.551863574892636 ], [ 6.241660402927438, 62.57302539076275 ], [ 6.257980988372829, 62.572020204508924 ], [ 6.235553517197054, 62.548953825210496 ], [ 6.2192062641283865, 62.551863574892636 ] ] ], [ [ [ 6.243633807049919, 62.55015740348811 ], [ 6.25582091088741, 62.563198372518066 ], [ 6.264861235178239, 62.55293489182106 ], [ 6.243633807049919, 62.55015740348811 ] ] ], [ [ [ 6.299902492163931, 62.43421710478971 ], [ 6.335023752019454, 62.44049951887615 ], [ 6.33638380080657, 62.43310610945653 ], [ 6.299902492163931, 62.43421710478971 ] ] ], [ [ [ 6.316143074739492, 62.70570997626838 ], [ 6.41595998866449, 62.711939485815144 ], [ 6.431533880658131, 62.699625954205715 ], [ 6.402332833170054, 62.687510814620076 ], [ 6.316143074739492, 62.70570997626838 ] ] ], [ [ [ 6.409613094324616, 62.76293946206212 ], [ 6.473615390188894, 62.78595293682087 ], [ 6.467588507328341, 62.7740229631241 ], [ 6.487802565772142, 62.75282146884922 ], [ 6.466175123294672, 62.72882926010648 ], [ 6.452334626814022, 62.725694666130714 ], [ 6.421640192422444, 62.74546773783436 ], [ 6.447401116507817, 62.75762255582475 ], [ 6.409613094324616, 62.76293946206212 ] ] ], [ [ [ 6.51460352716531, 62.6409415935709 ], [ 6.535724284800521, 62.652302843466174 ], [ 6.5599651543591175, 62.6495121289983 ], [ 6.51460352716531, 62.6409415935709 ] ] ], [ [ [ 6.558818446558215, 62.651257978807585 ], [ 6.595326422824131, 62.67255205602689 ], [ 6.61183368163246, 62.69334354011928 ], [ 6.641648084455902, 62.700432748435766 ], [ 6.638527972532518, 62.673596920685476 ], [ 6.665088925316194, 62.66212986171086 ], [ 6.5859127518074265, 62.64920792789517 ], [ 6.558818446558215, 62.651257978807585 ] ] ], [ [ [ 6.656475282997794, 62.68231294359698 ], [ 6.680449476323622, 62.69699395335687 ], [ 6.70301028561578, 62.69979789395966 ], [ 6.674822607812221, 62.719319669099846 ], [ 6.704930354491708, 62.722679107369224 ], [ 6.682689556678872, 62.730231230407874 ], [ 6.7194908768008315, 62.74081213834293 ], [ 6.729464567906348, 62.71979580995692 ], [ 6.76890598273271, 62.73380228683595 ], [ 6.815787664453294, 62.733947774320065 ], [ 6.8724563639164575, 62.743549948271124 ], [ 6.926084954326067, 62.74836426138158 ], [ 6.938325393410111, 62.73177868819337 ], [ 6.9390454192385835, 62.709796851958295 ], [ 6.8899236571627505, 62.695988767103046 ], [ 6.8277347596812925, 62.684614291072855 ], [ 6.817174380863687, 62.68657175904084 ], [ 6.748371912809587, 62.677551535026204 ], [ 6.67615598897606, 62.660688213004704 ], [ 6.682396212822827, 62.66673255666261 ], [ 6.656475282997794, 62.68231294359698 ] ] ], [ [ [ 6.763732463817014, 62.84435954862239 ], [ 6.812534214413526, 62.85225555116893 ], [ 6.844322021359451, 62.849821942343866 ], [ 6.855975772731405, 62.835365776877595 ], [ 6.921658128862122, 62.85717567335873 ], [ 6.9454723164482886, 62.85829989482683 ], [ 6.959392815798769, 62.823607742934755 ], [ 6.925604937107085, 62.814190734872554 ], [ 6.909444357401355, 62.81793373105458 ], [ 6.905790893012435, 62.79498638697043 ], [ 6.927231662126969, 62.794351532494325 ], [ 6.916724618555916, 62.77445942557642 ], [ 6.862002655591958, 62.78304318713873 ], [ 6.8642960711937615, 62.78968270686798 ], [ 6.819521131712044, 62.804482751842144 ], [ 6.765812538432603, 62.80674442091326 ], [ 6.770132693403442, 62.81772211289588 ], [ 6.813600919344598, 62.81840987191166 ], [ 6.818161082924927, 62.82727138230727 ], [ 6.763732463817014, 62.84435954862239 ] ] ], [ [ [ 6.868509555671493, 62.67013167333675 ], [ 6.90899100780565, 62.68018353587505 ], [ 6.917817991110265, 62.67539567503444 ], [ 6.868509555671493, 62.67013167333675 ] ] ], [ [ [ 7.1958812990172785, 62.70690032841107 ], [ 7.295804883435384, 62.724861419630834 ], [ 7.263137044921325, 62.73090576328873 ], [ 7.294391499401714, 62.73541587529605 ], [ 7.344313290175851, 62.73095866782841 ], [ 7.27577749835452, 62.71765317610007 ], [ 7.1958812990172785, 62.70690032841107 ] ] ], [ [ [ 7.220415512431918, 62.663624414956686 ], [ 7.261590322771271, 62.680236440414724 ], [ 7.291511396087822, 62.67870220876414 ], [ 7.315698930399863, 62.66891486892421 ], [ 7.369754202781902, 62.667354185003795 ], [ 7.381594627516794, 62.657064252036946 ], [ 7.322072492363015, 62.647872088268365 ], [ 7.261296978915227, 62.648427585934954 ], [ 7.220415512431918, 62.663624414956686 ] ] ], [ [ [ 7.3521269037959485, 62.98111778368301 ], [ 7.360527205128135, 62.99015123383257 ], [ 7.41212905616871, 63.00516289696543 ], [ 7.409035611868603, 63.0106914213615 ], [ 7.452183826330438, 63.0161009105433 ], [ 7.413115758229951, 63.030160291962005 ], [ 7.434156512995333, 63.051467595316225 ], [ 7.497812129757013, 63.0603687841166 ], [ 7.5201062628164035, 63.05330602806995 ], [ 7.509812560231565, 63.04501324147584 ], [ 7.542027049149919, 63.04552906073768 ], [ 7.5740281970820575, 63.02180137469331 ], [ 7.568561334310317, 63.00963333056799 ], [ 7.594535599381905, 63.021774922423475 ], [ 7.588402046028245, 63.03795048542919 ], [ 7.565067875661059, 63.04923237851495 ], [ 7.61437631109983, 63.059733929640494 ], [ 7.623896652609641, 63.06966675696453 ], [ 7.6039492703986085, 63.08134543409785 ], [ 7.633336991249623, 63.08692686303359 ], [ 7.598269066640654, 63.09925362077794 ], [ 7.600215803139859, 63.112135876188866 ], [ 7.626776755923535, 63.11631533482321 ], [ 7.669551623659494, 63.111858127355575 ], [ 7.652217668529586, 63.10421342137249 ], [ 7.674805145445021, 63.09568256434985 ], [ 7.660271290759173, 63.072602958916505 ], [ 7.672911744192369, 63.02575598903404 ], [ 7.727313695677005, 63.006564867266825 ], [ 7.689845684973125, 62.98598500133314 ], [ 7.640750590520568, 62.975496676342516 ], [ 7.529813277689152, 62.93958772003791 ], [ 7.491198559184371, 62.935963759070155 ], [ 7.479011455346881, 62.95893755542415 ], [ 7.419035970597397, 62.970854302986005 ], [ 7.37375434627342, 62.97437245487441 ], [ 7.3521269037959485, 62.98111778368301 ] ] ], [ [ [ 7.39140831288265, 63.04383611546807 ], [ 7.422956111219084, 63.05084596697505 ], [ 7.423142784582021, 63.03998731020669 ], [ 7.39140831288265, 63.04383611546807 ] ] ], [ [ [ 7.452877184535634, 63.064164684838296 ], [ 7.503092319165816, 63.06593698691742 ], [ 7.455517279240036, 63.05785581848202 ], [ 7.452877184535634, 63.064164684838296 ] ] ], [ [ [ 7.554027479624471, 63.07814470944749 ], [ 7.5970956912164755, 63.08200674084379 ], [ 7.602482551118385, 63.06259077478296 ], [ 7.55618755710989, 63.06393984054468 ], [ 7.554027479624471, 63.07814470944749 ] ] ], [ [ [ 7.566667933057666, 63.098565861762154 ], [ 7.596002318662127, 63.108128357308466 ], [ 7.595602304312975, 63.09990170138896 ], [ 7.566667933057666, 63.098565861762154 ] ] ], [ [ [ 7.688672309548947, 63.114767877037714 ], [ 7.695765897340571, 63.12946211293252 ], [ 7.727473701416666, 63.125282654298175 ], [ 7.742140894218897, 63.13456740101119 ], [ 7.758061465315135, 63.117730531259525 ], [ 7.731927194503889, 63.108630950435376 ], [ 7.688672309548947, 63.114767877037714 ] ] ], [ [ [ 7.696432587922491, 63.03743466616736 ], [ 7.699392694106214, 63.05301505310173 ], [ 7.727047019444237, 63.05651997885522 ], [ 7.705979597055579, 63.071505189718245 ], [ 7.7201667726388274, 63.08551166659728 ], [ 7.755341367740904, 63.09113277393778 ], [ 7.7845957504755345, 63.08434776672442 ], [ 7.796916192429409, 63.098896515135124 ], [ 7.8465713069707785, 63.10601217572145 ], [ 7.898093155141522, 63.100906887642786 ], [ 7.884652673010024, 63.074123964432175 ], [ 7.893186312458594, 63.06618828348088 ], [ 7.861958525601482, 63.04578035730113 ], [ 7.803503095378774, 63.02272720413763 ], [ 7.696432587922491, 63.03743466616736 ] ] ], [ [ [ 7.7444609774439765, 63.01874613752706 ], [ 7.76656843714043, 63.026708270748195 ], [ 7.786675825091123, 63.02061102255062 ], [ 7.7444609774439765, 63.01874613752706 ] ] ], [ [ [ 7.7445676479370835, 63.11220200686346 ], [ 7.813956803703272, 63.13506999413811 ], [ 7.855264952159009, 63.13444836579692 ], [ 7.873452271233775, 63.11868281297368 ], [ 7.865691992860231, 63.11007259914153 ], [ 7.790809306699025, 63.10455730088038 ], [ 7.748274447572557, 63.10638250749918 ], [ 7.7445676479370835, 63.11220200686346 ] ] ], [ [ [ 7.780782280346955, 63.37993865602518 ], [ 7.814196812312764, 63.368643536804505 ], [ 7.794596109204328, 63.36570733485253 ], [ 7.780782280346955, 63.37993865602518 ] ] ], [ [ [ 7.781635644291812, 62.975787651310725 ], [ 7.792782710821507, 62.9846227094365 ], [ 7.838544352364466, 62.996486552458684 ], [ 7.872465569172534, 62.98102520073858 ], [ 7.8491313988053495, 62.97035170985909 ], [ 7.805903181473685, 62.96633096484377 ], [ 7.781635644291812, 62.975787651310725 ] ] ], [ [ [ 7.786889166077338, 63.4086922733387 ], [ 7.840517756486948, 63.42328070015416 ], [ 7.867905405592204, 63.437816222429944 ], [ 7.93972131507658, 63.4388346348187 ], [ 7.966202264990425, 63.455446660276735 ], [ 8.011937238910107, 63.467376633973515 ], [ 8.050098607819184, 63.45868706333185 ], [ 8.102633825674445, 63.468249558878156 ], [ 8.146422063094924, 63.445527059087624 ], [ 8.168529522791376, 63.40006883337163 ], [ 8.201624043277864, 63.39451385670572 ], [ 8.20821094622723, 63.37282299543885 ], [ 8.190076962399017, 63.35461060765564 ], [ 8.140501850727478, 63.347666886823255 ], [ 8.169649562969001, 63.342072231752596 ], [ 8.116660995518034, 63.33675532551523 ], [ 8.123461239453613, 63.330578720508136 ], [ 8.069832649044002, 63.3305522682383 ], [ 7.999003441620868, 63.32278852704095 ], [ 7.960282052622979, 63.329811604682845 ], [ 7.932441053922018, 63.344929076895056 ], [ 7.948574966004472, 63.34962435479124 ], [ 8.011697230300616, 63.34289225211756 ], [ 7.942574750767196, 63.35527191440158 ], [ 7.920440623447466, 63.34856626399773 ], [ 7.9027599892149585, 63.355390949615845 ], [ 7.861905190354928, 63.3566209801633 ], [ 7.897373129313049, 63.374833367946515 ], [ 7.841397788055081, 63.35658130175854 ], [ 7.814996841011068, 63.36326049989255 ], [ 7.79027595423349, 63.38231936031057 ], [ 7.813236777874799, 63.40283309556966 ], [ 7.786889166077338, 63.4086922733387 ] ] ], [ [ [ 7.839877733528305, 63.341252211387626 ], [ 7.845131255313832, 63.35041792288637 ], [ 7.877239073739078, 63.3525473306083 ], [ 7.92670751491751, 63.3421515885621 ], [ 7.848171364367385, 63.32956030811938 ], [ 7.839877733528305, 63.341252211387626 ] ] ], [ [ [ 7.876012363068346, 63.16105934925359 ], [ 7.914973760675726, 63.16817500983991 ], [ 7.933801102709134, 63.152277195667494 ], [ 7.876012363068346, 63.16105934925359 ] ] ], [ [ [ 7.87995917131331, 62.989516379356466 ], [ 7.894519693622433, 63.003879961878305 ], [ 7.888066128789452, 63.026007285597494 ], [ 7.935907844948, 63.04314835645229 ], [ 7.965828918264551, 63.0369717514452 ], [ 7.947854940175999, 63.020306821447484 ], [ 7.992256532931842, 63.02157653039969 ], [ 7.953055126714972, 62.99786207049024 ], [ 7.87995917131331, 62.989516379356466 ] ] ], [ [ [ 7.908120181493592, 63.17421935349782 ], [ 7.968949030187934, 63.1982380145104 ], [ 8.013457293436884, 63.20334330258906 ], [ 8.048658556162238, 63.222481519816604 ], [ 8.103327183879642, 63.23565475019575 ], [ 8.12722137433564, 63.23659380577499 ], [ 8.163622680108448, 63.20344911166842 ], [ 8.177516511835652, 63.17865010869562 ], [ 8.1711429498725, 63.16091386176949 ], [ 8.184396758641062, 63.15482983970683 ], [ 8.11668766314131, 63.15240945701668 ], [ 8.079512996293476, 63.14353472048615 ], [ 8.05279203777014, 63.14555831912873 ], [ 7.953615146803784, 63.14436796698604 ], [ 7.939854653192964, 63.162249701396284 ], [ 7.908120181493592, 63.17421935349782 ] ] ], [ [ [ 7.946441556142329, 63.45990386774438 ], [ 7.980496111066781, 63.469135709917715 ], [ 7.975162586411424, 63.45929546553811 ], [ 7.946441556142329, 63.45990386774438 ] ] ], [ [ [ 7.952281765639945, 63.08834205946991 ], [ 7.978096024971871, 63.10265273745207 ], [ 7.980229434834014, 63.09342089527873 ], [ 7.952281765639945, 63.08834205946991 ] ] ], [ [ [ 7.982149503709941, 63.31030305567758 ], [ 8.008283774521189, 63.32227270777911 ], [ 8.040124916713667, 63.3213468783348 ], [ 8.055112120995219, 63.312392784994756 ], [ 8.00569701506334, 63.30411322453557 ], [ 7.982149503709941, 63.31030305567758 ] ] ], [ [ [ 8.021750924275963, 63.28273979050675 ], [ 8.056818848884934, 63.29937826823463 ], [ 8.112554181533408, 63.30454968698789 ], [ 8.076926236835627, 63.28826831490282 ], [ 8.021750924275963, 63.28273979050675 ] ] ], [ [ [ 8.102500487558062, 63.27874549776127 ], [ 8.10791401508325, 63.28448564031604 ], [ 8.207357582282372, 63.324997291572394 ], [ 8.224718205035558, 63.3127763429074 ], [ 8.177009826993393, 63.29596592542558 ], [ 8.102500487558062, 63.27874549776127 ] ] ], [ [ [ 8.149008822552771, 63.237056720497144 ], [ 8.172422995789786, 63.25044156903499 ], [ 8.217757955360318, 63.23385599584679 ], [ 8.175516440089893, 63.225166425205124 ], [ 8.149008822552771, 63.237056720497144 ] ] ], [ [ [ 8.159275857514332, 63.21338193899245 ], [ 8.20951765976779, 63.227031310228675 ], [ 8.231891795697011, 63.22808940102218 ], [ 8.249599097552796, 63.20707307263617 ], [ 8.281866921717704, 63.19748412482003 ], [ 8.323948431248466, 63.169206648363584 ], [ 8.32042830497593, 63.16396909893573 ], [ 8.264186287485195, 63.16288455587239 ], [ 8.203597447400345, 63.15674762927006 ], [ 8.178396543403785, 63.20043355290692 ], [ 8.159275857514332, 63.21338193899245 ] ] ], [ [ [ 8.240212094159368, 63.264580307263216 ], [ 8.277893445849463, 63.27213243030186 ], [ 8.307974524905674, 63.25772916937526 ], [ 8.345575873725936, 63.25860209427991 ], [ 8.366163278895613, 63.26967236920696 ], [ 8.391790864864602, 63.24582564794832 ], [ 8.384297262723825, 63.22925330089504 ], [ 8.392324217330136, 63.20836923385822 ], [ 8.412244931917893, 63.21857981001555 ], [ 8.39445762719228, 63.23746673067963 ], [ 8.405364685112485, 63.25454167085982 ], [ 8.385950655366987, 63.26983108282599 ], [ 8.445446122897488, 63.28410208240339 ], [ 8.465313502238692, 63.277899025126466 ], [ 8.48488753772385, 63.238524821473135 ], [ 8.503394868277937, 63.22618483759387 ], [ 8.54664975323288, 63.22376445490373 ], [ 8.551369922552869, 63.202880387866905 ], [ 8.579610935602982, 63.18231374806814 ], [ 8.508381713830696, 63.161800012809046 ], [ 8.477980623295164, 63.157541197365184 ], [ 8.437819182640329, 63.166363029356035 ], [ 8.421658602934599, 63.15904897674593 ], [ 8.345069188883677, 63.164154264824596 ], [ 8.318161556997405, 63.19342370139995 ], [ 8.260799499329044, 63.21731010106334 ], [ 8.255519309920242, 63.23459665940224 ], [ 8.278293460198615, 63.24048228944112 ], [ 8.273173276529471, 63.25377455503453 ], [ 8.240212094159368, 63.264580307263216 ] ] ], [ [ [ 8.358109656666025, 63.307975255931865 ], [ 8.386324002092861, 63.32579085966752 ], [ 8.40173788834684, 63.32260336115208 ], [ 8.45637984844097, 63.333647183809305 ], [ 8.4811540704651, 63.318542937732005 ], [ 8.456993203776335, 63.30575326526551 ], [ 8.387257368907548, 63.3017457463851 ], [ 8.358109656666025, 63.307975255931865 ] ] ], [ [ [ 8.445286117157828, 63.33883182869748 ], [ 8.502941518682231, 63.35003436497372 ], [ 8.492861157083608, 63.35733519144891 ], [ 8.51555530449215, 63.3817109581043 ], [ 8.585317806984214, 63.39181572518228 ], [ 8.600038335032998, 63.38078512865999 ], [ 8.646466667157878, 63.38313938067554 ], [ 8.660093822652312, 63.36173949437688 ], [ 8.69700181326738, 63.3588032924249 ], [ 8.685561402881639, 63.351277621656095 ], [ 8.696788472281167, 63.3341365508013 ], [ 8.559210203796244, 63.31503801197852 ], [ 8.570437273195768, 63.33637176760258 ], [ 8.520062132825927, 63.34406937812533 ], [ 8.544222999514691, 63.321439461279226 ], [ 8.471020373619922, 63.32614796531033 ], [ 8.445286117157828, 63.33883182869748 ] ] ], [ [ [ 8.485287552073002, 63.249634774804946 ], [ 8.509048404412615, 63.26212024616831 ], [ 8.511448490507526, 63.22946491905374 ], [ 8.485287552073002, 63.249634774804946 ] ] ], [ [ [ 8.83221069797166, 63.20204688482157 ], [ 8.7062821461677, 63.19186301747953 ], [ 8.678947832308998, 63.19782800432792 ], [ 8.639453082236082, 63.188080342892746 ], [ 8.599318309204524, 63.19479921943151 ], [ 8.610945392953202, 63.20114776419254 ], [ 8.583371070485008, 63.21403001960347 ], [ 8.584944460258338, 63.22499448545118 ], [ 8.55353000003829, 63.2401913144729 ], [ 8.551583263539083, 63.25250484608233 ], [ 8.526195686179587, 63.25422424362178 ], [ 8.529369133349523, 63.27169596784954 ], [ 8.490754414844742, 63.27668222071394 ], [ 8.49939472478642, 63.29103257710086 ], [ 8.523395585735525, 63.28772604337115 ], [ 8.547743125787228, 63.30686426059869 ], [ 8.7122556937817, 63.33015548419073 ], [ 8.771431149832882, 63.342257397641454 ], [ 8.842793709721551, 63.34615910744251 ], [ 8.837886867038623, 63.35147601367987 ], [ 8.751937117217553, 63.343355166839714 ], [ 8.71150900032995, 63.34978306841027 ], [ 8.700201928060594, 63.36566765644777 ], [ 8.67305428756483, 63.37370914647842 ], [ 8.649160097108831, 63.40250244219669 ], [ 8.669800837525061, 63.41217074682235 ], [ 8.707295515852218, 63.416892476988366 ], [ 8.725456167303708, 63.41148298780657 ], [ 8.755041763259598, 63.42444469836668 ], [ 8.762924501135746, 63.41493388133008 ], [ 8.803162636637241, 63.40231630987614 ], [ 8.79890082586198, 63.37149455325757 ], [ 8.84871419855984, 63.36608507607916 ], [ 8.867892347048517, 63.37075875535421 ], [ 8.904588198269273, 63.34883470301146 ], [ 8.882587291994387, 63.34362961413954 ], [ 8.863132402546277, 63.321746439458096 ], [ 8.865982834428433, 63.295216837275795 ], [ 8.849295354574648, 63.29012075550066 ], [ 8.815754350291423, 63.26612556831883 ], [ 8.827903278410513, 63.24424239363738 ], [ 8.862689617011185, 63.23132505266726 ], [ 8.861665675461285, 63.21968854508447 ], [ 8.837644560182538, 63.21520562822881 ], [ 8.83221069797166, 63.20204688482157 ] ] ] ] } },
{ "type": "Feature", "properties": { "ISO": "NO-40", "NAME_1": "Telemark" }, "geometry": { "type": "MultiPolygon", "coordinates": [ [ [ [ 7.096279747049101, 59.78277653848431 ], [ 7.145456615540267, 59.811786052118684 ], [ 7.158131351482279, 59.8284641379282 ], [ 7.141333175244722, 59.85363115140058 ], [ 7.1581866996741645, 59.869478058097044 ], [ 7.146729623953657, 59.880269760679674 ], [ 7.232906758720956, 59.962720003517425 ], [ 7.285266148245596, 59.98830941948987 ], [ 7.319858768174666, 59.9859248892475 ], [ 7.376479968474568, 60.00001405650816 ], [ 7.43642206028766, 60.01922655731814 ], [ 7.442648731874893, 60.05732453764774 ], [ 7.488255641989379, 60.09892437096184 ], [ 7.645997988865938, 60.12685743951537 ], [ 7.764664512270619, 60.115929478061744 ], [ 7.812845113307827, 60.102644238139945 ], [ 7.920940132062185, 60.137144984275324 ], [ 8.057677840117812, 60.163592831135034 ], [ 8.104114973110597, 60.18378639581616 ], [ 8.20877840396799, 60.18826931267183 ], [ 8.284273337701192, 60.175106705733924 ], [ 8.384287520440118, 60.181170225493105 ], [ 8.48610051941536, 60.16879792000696 ], [ 8.565220759717127, 60.177245970008514 ], [ 8.659866167843063, 60.17201362936239 ], [ 8.722852410209914, 60.1831051014612 ], [ 8.769040476339207, 60.170010623958795 ], [ 8.809333960032587, 60.152760250891106 ], [ 8.832773919296525, 60.14942190855178 ], [ 8.944992378346427, 60.10058672918795 ], [ 8.978727101301256, 60.06862039805304 ], [ 8.989852087870446, 60.01268613151049 ], [ 9.002388453332742, 59.996811973039826 ], [ 8.99278554204043, 59.98077430392397 ], [ 9.01921430366624, 59.9840308909407 ], [ 9.058594542193493, 59.961984205614066 ], [ 9.104284474595808, 59.95893200690382 ], [ 9.13929220596403, 59.93928347770666 ], [ 9.17950266736958, 59.929064062382196 ], [ 9.19259251475074, 59.916814389879946 ], [ 9.174299937332247, 59.90001367108653 ], [ 9.188579770838967, 59.89690696882789 ], [ 9.178810814970998, 59.865621932047944 ], [ 9.186089102204074, 59.82701979389568 ], [ 9.23570875623033, 59.81186780744128 ], [ 9.329551615573912, 59.79401789534122 ], [ 9.367741867975607, 59.78133219445179 ], [ 9.344108190040064, 59.757296129608655 ], [ 9.33896080819462, 59.71951154468235 ], [ 9.354790391074161, 59.718244337182114 ], [ 9.333287618526253, 59.69277755419356 ], [ 9.405295616170605, 59.68453389249849 ], [ 9.405572357130037, 59.65882184354215 ], [ 9.423007037574287, 59.64099918321629 ], [ 9.47199018739385, 59.5573498623138 ], [ 9.515272473449103, 59.538110109729615 ], [ 9.46858627359283, 59.494302882705426 ], [ 9.47174112053036, 59.48221672084836 ], [ 9.552023672861747, 59.487258299075094 ], [ 9.584596083786959, 59.466424317700294 ], [ 9.586837685558363, 59.450631914552226 ], [ 9.621374957295547, 59.43843674559837 ], [ 9.624612826520908, 59.42490623970878 ], [ 9.660118691616105, 59.407873880834686 ], [ 9.704120504165882, 59.41174363277088 ], [ 9.778093362622204, 59.41200252462576 ], [ 9.779366371035595, 59.390487248896 ], [ 9.769431370591967, 59.37555327663519 ], [ 9.782825633028501, 59.35033175961442 ], [ 9.755345255756849, 59.32489222840006 ], [ 9.776792680112871, 59.316103531221025 ], [ 9.810638099451474, 59.28896076411925 ], [ 9.86950090152278, 59.25185747354791 ], [ 9.878135219457075, 59.220735947413154 ], [ 9.857158254732088, 59.21554448442832 ], [ 9.896427796875567, 59.176996849824455 ], [ 9.885468854882038, 59.16925734595207 ], [ 9.825941874508095, 59.15999174272456 ], [ 9.820573099895103, 59.12946975562216 ], [ 9.856106639086242, 59.09917940860046 ], [ 9.849935315690896, 59.0738897621442 ], [ 9.83831219539473, 59.07251354754717 ], [ 9.83907638016287, 59.043959417976936 ], [ 9.833559922550583, 59.03785169686923 ], [ 9.814571008338287, 59.037145024789744 ], [ 9.807548317005722, 59.03676692365215 ], [ 9.79362781765524, 59.06909159739376 ], [ 9.777787249428831, 59.05978039841091 ], [ 9.777280564586572, 59.04015281419137 ], [ 9.73701245343863, 59.07373397075026 ], [ 9.715038331858562, 59.07324460375827 ], [ 9.710558171148062, 59.09160247902559 ], [ 9.720798538486347, 59.10533120707133 ], [ 9.703011233760733, 59.10824095675347 ], [ 9.691357482388778, 59.07070518585385 ], [ 9.704877967390107, 59.05521738186391 ], [ 9.665996572652558, 59.055204155728994 ], [ 9.64359576910006, 59.0821193402888 ], [ 9.647515909721747, 59.1060850967617 ], [ 9.620448272095814, 59.11780345229978 ], [ 9.648929293755417, 59.12171838823575 ], [ 9.628475226702125, 59.135486794686244 ], [ 9.604234357143529, 59.12232679044202 ], [ 9.524604834039057, 59.125501062822536 ], [ 9.560846134072204, 59.115052416236665 ], [ 9.627115177915009, 59.082145792558634 ], [ 9.62775520087365, 59.06196271067251 ], [ 9.64732923635881, 59.04683201232538 ], [ 9.698504405426956, 59.04707008275392 ], [ 9.746852806427764, 59.01553897710745 ], [ 9.750772947049452, 58.98748634494462 ], [ 9.719171813466463, 59.009203658481326 ], [ 9.702744557527964, 59.003291576172614 ], [ 9.705571325595304, 58.987129239301815 ], [ 9.669943380897521, 58.995567513380024 ], [ 9.653436122089193, 58.98947026518245 ], [ 9.695970981215662, 58.98220911711201 ], [ 9.686557310198957, 58.97312276242278 ], [ 9.589460493848192, 58.94603563810903 ], [ 9.620368269225983, 58.93913159568141 ], [ 9.580046822831488, 58.92493995291351 ], [ 9.518391277815565, 58.92872262750029 ], [ 9.491830325031891, 58.937729625380015 ], [ 9.46006918570924, 58.93671121299126 ], [ 9.509910973613549, 58.923498304207364 ], [ 9.462229263194661, 58.91098638057416 ], [ 9.459215821764385, 58.88563187993477 ], [ 9.435668310410986, 58.9061720674637 ], [ 9.397240265269142, 58.904558479003605 ], [ 9.367905879664681, 58.89356756088607 ], [ 9.367532532938807, 58.88327762791922 ], [ 9.39236009020949, 58.898090899028304 ], [ 9.418921042993166, 58.903672327964046 ], [ 9.425534613565809, 58.8855128447205 ], [ 9.409080690004032, 58.864694908358274 ], [ 9.357238830353968, 58.862816797199805 ], [ 9.307690386305705, 58.88005045099903 ], [ 9.30409025716334, 58.84795062155105 ], [ 9.280649416303048, 58.83762101017945 ], [ 9.31915746431472, 58.83551805472735 ], [ 9.3932667894009, 58.85119102460616 ], [ 9.435561639917879, 58.848426762408124 ], [ 9.467776128836231, 58.829314997450425 ], [ 9.396146892714793, 58.81591692277766 ], [ 9.406920612518615, 58.80952869961187 ], [ 9.372439375621735, 58.797770665669034 ], [ 9.434761611219574, 58.80254530037473 ], [ 9.385133164301482, 58.78754686337679 ], [ 9.366064009860297, 58.771377921903486 ], [ 9.328832089079388, 58.78521171805882 ], [ 9.304977018376302, 58.772035485233815 ], [ 9.27461853512655, 58.795703651125265 ], [ 9.230921137632148, 58.79603067241565 ], [ 9.196356191799023, 58.80344315499766 ], [ 9.18282355888277, 58.862443246137545 ], [ 9.160518237552505, 58.88495321162556 ], [ 9.07284670160427, 58.91131930316267 ], [ 9.03468412329852, 58.93260293881175 ], [ 8.994888773332118, 58.99322451051645 ], [ 8.939678951925323, 58.986098171563526 ], [ 8.834185298189631, 58.98808755108002 ], [ 8.822202414646203, 58.96985611414118 ], [ 8.761983581873675, 58.948490723169506 ], [ 8.7616791668183, 58.937371999296495 ], [ 8.830726036196724, 58.9125728847758 ], [ 8.78113405626641, 58.86758020557397 ], [ 8.786447482687514, 58.84355776661794 ], [ 8.743718678551128, 58.83140347532538 ], [ 8.723544262608494, 58.84981204879651 ], [ 8.653418103488283, 58.86940607444528 ], [ 8.609499313226337, 58.91420799122771 ], [ 8.575460175216131, 58.9314447384083 ], [ 8.503064740228574, 58.907994586710444 ], [ 8.476469934027104, 58.88690171348075 ], [ 8.383152882506446, 58.91333593445336 ], [ 8.30992722464059, 58.919453957760936 ], [ 8.293903923089445, 58.936677079054434 ], [ 8.225880995260923, 58.96347919897872 ], [ 8.222366385076128, 58.970346646076756 ], [ 8.173300212968737, 58.98233742672412 ], [ 8.127139820935385, 58.98502172648268 ], [ 8.079485027721098, 58.97215888906096 ], [ 8.089143287205296, 58.96508705365643 ], [ 8.136715058131752, 58.961094668736344 ], [ 8.091689304032073, 58.94847709728241 ], [ 8.055214845578863, 58.95016670728272 ], [ 8.009441890888718, 58.96470552881765 ], [ 7.985337753322142, 58.96163970422031 ], [ 7.941944770883117, 58.98694297656368 ], [ 7.940505717894068, 59.00544693124451 ], [ 7.911226524386102, 59.00901691366452 ], [ 7.90245383597209, 59.025667747699835 ], [ 7.876882971320521, 59.038912109960336 ], [ 7.867833541947077, 59.06010036439972 ], [ 7.828204236556335, 59.089069000372795 ], [ 7.8053177592112615, 59.117070198361816 ], [ 7.742193146364695, 59.143885944173206 ], [ 7.729241669463251, 59.167336095871065 ], [ 7.749222366734282, 59.194560618295434 ], [ 7.749360737213998, 59.20770959934624 ], [ 7.780494095150161, 59.220681443864756 ], [ 7.757856684668578, 59.22844819951134 ], [ 7.745264971014397, 59.25138056749943 ], [ 7.72506288097582, 59.260850559033436 ], [ 7.715930429314545, 59.29005083508719 ], [ 7.696171124811061, 59.32674534904556 ], [ 7.643258253367555, 59.33373542912749 ], [ 7.615113697793264, 59.32853034025557 ], [ 7.612484658678655, 59.34847863896891 ], [ 7.595382067385723, 59.376725102925725 ], [ 7.53995085321138, 59.39881266591366 ], [ 7.576702052624024, 59.42576467059604 ], [ 7.566075199781814, 59.438354990275776 ], [ 7.6256298542517005, 59.46177789019944 ], [ 7.594634866795254, 59.47881024907354 ], [ 7.584644518159739, 59.500911437948574 ], [ 7.536270198450928, 59.52402094246896 ], [ 7.514546033135471, 59.56147850610488 ], [ 7.551546299411605, 59.586618267803054 ], [ 7.5378752960156366, 59.601620369499365 ], [ 7.507212397710509, 59.60742499740366 ], [ 7.47466766088124, 59.63170632821458 ], [ 7.483744764350628, 59.63669340289292 ], [ 7.437833439180766, 59.65527911289634 ], [ 7.401580373495101, 59.65947588612291 ], [ 7.3926139664094865, 59.632864528618015 ], [ 7.36961679268064, 59.63666615111872 ], [ 7.300735967877876, 59.65809967152589 ], [ 7.285653585588802, 59.65555163063832 ], [ 7.21466952949435, 59.672692996609214 ], [ 7.17429302351314, 59.68605999185361 ], [ 7.110089120924786, 59.700598813388545 ], [ 7.116315792512019, 59.71399306040714 ], [ 7.110448884172048, 59.76331877170654 ], [ 7.096279747049101, 59.78277653848431 ] ] ], [ [ [ 9.435028287452344, 58.86005253500177 ], [ 9.482603327378122, 58.8616925757317 ], [ 9.512417730201566, 58.87203541323822 ], [ 9.540525405135295, 58.86535621510422 ], [ 9.53161841896085, 58.851693617733076 ], [ 9.46886950139058, 58.850728109884 ], [ 9.435028287452344, 58.86005253500177 ] ] ], [ [ [ 9.438681751841262, 58.86814692957209 ], [ 9.443721932640575, 58.88167726559404 ], [ 9.47028288542425, 58.88060594866562 ], [ 9.467802796459509, 58.869112437421165 ], [ 9.438681751841262, 58.86814692957209 ] ] ], [ [ [ 9.479883229803892, 58.894956305052546 ], [ 9.496257150495836, 58.91491454264504 ], [ 9.539752044060268, 58.913803547311865 ], [ 9.55225915937708, 58.90762694230477 ], [ 9.48156329007033, 58.890578454394415 ], [ 9.479883229803892, 58.894956305052546 ] ] ], [ [ [ 9.481029937604793, 58.87829137505483 ], [ 9.491136966826694, 58.891848163346616 ], [ 9.551299124939117, 58.9065953037811 ], [ 9.553272529061598, 58.89856703988538 ], [ 9.481029937604793, 58.87829137505483 ] ] ], [ [ [ 9.544285540017322, 58.83345477768002 ], [ 9.574499957189918, 58.85156135638388 ], [ 9.612181308880011, 58.886372543490225 ], [ 9.609327873189395, 58.86998536232581 ], [ 9.569619782130266, 58.84276597666287 ], [ 9.544285540017322, 58.83345477768002 ] ] ], [ [ [ 9.719385154452677, 59.05742614639536 ], [ 9.748666204810585, 59.04734783158721 ], [ 9.733572330035926, 59.04349902632583 ], [ 9.719385154452677, 59.05742614639536 ] ] ], [ [ [ 9.740239235855121, 59.040245397135806 ], [ 9.762826712770558, 59.03254778661305 ], [ 9.751066290905495, 59.02465178406651 ], [ 9.740239235855121, 59.040245397135806 ] ] ], [ [ [ 9.802028118987426, 59.029241252883345 ], [ 9.822188842184675, 59.0319526105417 ], [ 9.826589000025344, 59.006955215545126 ], [ 9.802028118987426, 59.029241252883345 ] ] ] ] } },
{ "type": "Feature", "properties": { "ISO": "NO-39", "NAME_1": "Vestfold" }, "geometry": { "type": "MultiPolygon", "coordinates": [ [ [ [ 9.83907638016287, 59.043959417976936 ], [ 9.83831219539473, 59.07251354754717 ], [ 9.849935315690896, 59.0738897621442 ], [ 9.856106639086242, 59.09917940860046 ], [ 9.820573099895103, 59.12946975562216 ], [ 9.825941874508095, 59.15999174272456 ], [ 9.885468854882038, 59.16925734595207 ], [ 9.896427796875567, 59.176996849824455 ], [ 9.857158254732088, 59.21554448442832 ], [ 9.878135219457075, 59.220735947413154 ], [ 9.86950090152278, 59.25185747354791 ], [ 9.810638099451474, 59.28896076411925 ], [ 9.776792680112871, 59.316103531221025 ], [ 9.755345255756849, 59.32489222840006 ], [ 9.782825633028501, 59.35033175961442 ], [ 9.769431370591967, 59.37555327663519 ], [ 9.779366371035595, 59.390487248896 ], [ 9.778093362622204, 59.41200252462576 ], [ 9.75850010269438, 59.45827603721492 ], [ 9.775132234356278, 59.45703608148889 ], [ 9.819106372810111, 59.46919037278145 ], [ 9.852951792148712, 59.45833054076332 ], [ 9.920559608538086, 59.45553723390797 ], [ 9.944774442488434, 59.46829106423289 ], [ 9.998323818138635, 59.46699660495847 ], [ 10.013267829947994, 59.458521303182714 ], [ 10.059954029804267, 59.47303287294345 ], [ 10.025001646627935, 59.512343557224874 ], [ 9.988859277326043, 59.530643123599205 ], [ 9.921251460936666, 59.582544127560375 ], [ 9.94184098831845, 59.58691803731924 ], [ 9.932929929424722, 59.60386864087075 ], [ 9.981082856365987, 59.61795780813141 ], [ 9.974579443819323, 59.63231949313405 ], [ 10.004578163821812, 59.66449021257545 ], [ 10.037454989802399, 59.64053590305491 ], [ 10.088901134160913, 59.642566160232704 ], [ 10.115523614458326, 59.67066273943143 ], [ 10.154488741546428, 59.66710638289851 ], [ 10.191710400590107, 59.671562047979975 ], [ 10.22317584767759, 59.66534864346271 ], [ 10.261366100079282, 59.67387844878686 ], [ 10.315081520305142, 59.661778661042696 ], [ 10.335588025399096, 59.63231949313405 ], [ 10.33110482185629, 59.60686633603259 ], [ 10.344222343333392, 59.56349513739558 ], [ 10.384264625027798, 59.53422987759417 ], [ 10.362181545916249, 59.52852784606888 ], [ 10.334340547215287, 59.53215180703664 ], [ 10.280418612949633, 59.55203068781963 ], [ 10.245110679731173, 59.57097051302339 ], [ 10.231990209078996, 59.56657943623034 ], [ 10.26055123360843, 59.532614721758804 ], [ 10.281031968285, 59.53068370606066 ], [ 10.302766081255577, 59.49973455035061 ], [ 10.383702317900614, 59.43835205819236 ], [ 10.406636473918645, 59.45020267507962 ], [ 10.425890497924483, 59.44078566701742 ], [ 10.431277357826392, 59.4520146555635 ], [ 10.469865408707898, 59.42483494830532 ], [ 10.4971997225666, 59.43336580532796 ], [ 10.476212303047772, 59.38450846293783 ], [ 10.461678448361926, 59.37132200642377 ], [ 10.468878706646656, 59.3515357085852 ], [ 10.497973083641627, 59.3226498299225 ], [ 10.529254205745293, 59.31589127497898 ], [ 10.521093913022597, 59.29445171027557 ], [ 10.502639917715065, 59.292811669545635 ], [ 10.500639845969305, 59.276649332674836 ], [ 10.468398689427675, 59.24523726224263 ], [ 10.447171261299356, 59.24913897204368 ], [ 10.437410911180052, 59.27122661735812 ], [ 10.426877199985725, 59.25964052316923 ], [ 10.397329473395049, 59.2763451315717 ], [ 10.378875478087515, 59.278196790460335 ], [ 10.371728555049337, 59.24447014641734 ], [ 10.375675363294302, 59.22691906538006 ], [ 10.35786139094541, 59.2121851510805 ], [ 10.344740920293233, 59.21762109253213 ], [ 10.333007166051448, 59.178193984339124 ], [ 10.318979996207862, 59.15180784517607 ], [ 10.330447074216877, 59.131915738258165 ], [ 10.279885260484097, 59.14055240436015 ], [ 10.309139643218728, 59.097263264770845 ], [ 10.30324609847456, 59.083455179915596 ], [ 10.308179608780764, 59.055640618181314 ], [ 10.291992361451758, 59.075836926202356 ], [ 10.290872321274133, 59.09681357618361 ], [ 10.266231437366384, 59.12424458000525 ], [ 10.260764574594644, 59.109907449753244 ], [ 10.27985859286082, 59.08316420494738 ], [ 10.268791529200957, 59.04180608105622 ], [ 10.252897625727993, 59.069223858742944 ], [ 10.262204626251592, 59.077318253313265 ], [ 10.253804324919404, 59.098519747588135 ], [ 10.220469795823426, 59.12345101191011 ], [ 10.22839007993663, 59.09924718500867 ], [ 10.217349683900043, 59.07578402166268 ], [ 10.227830059847818, 59.06667121470361 ], [ 10.228710091415952, 59.038605356405874 ], [ 10.160547646320495, 59.00769587910058 ], [ 10.132359968516935, 59.00878042216392 ], [ 10.130066552915132, 59.026291824796445 ], [ 10.176734893649503, 59.04016604032629 ], [ 10.159027591793718, 59.05287635598328 ], [ 10.114759337154258, 59.034611063660385 ], [ 10.109505815368731, 59.02594794528856 ], [ 10.073237847712308, 59.01514219305988 ], [ 10.066357600906898, 59.035272370406325 ], [ 10.015555778564627, 59.04696427367457 ], [ 10.018995901967331, 59.02889737337546 ], [ 10.039609974760285, 59.001426691149064 ], [ 10.039183292787857, 58.97877032203312 ], [ 10.00798217355402, 58.97830740731096 ], [ 9.97350093665714, 58.96657582563797 ], [ 9.939099702630092, 58.9637851111701 ], [ 9.86341698777058, 58.97330792831165 ], [ 9.82413557868388, 58.97100658083577 ], [ 9.841176189957745, 58.9803045536837 ], [ 9.852109915501226, 59.01519509759956 ], [ 9.840536166999101, 59.02022102886871 ], [ 9.83907638016287, 59.043959417976936 ] ] ], [ [ [ 10.140733602225845, 59.039584090389866 ], [ 10.163214408648173, 59.0468452384603 ], [ 10.155827477000503, 59.033843947835095 ], [ 10.140733602225845, 59.039584090389866 ] ] ], [ [ [ 10.334527220578225, 59.141663399693336 ], [ 10.347621023607125, 59.16909440351497 ], [ 10.367701743934543, 59.1480383967242 ], [ 10.334527220578225, 59.141663399693336 ] ] ], [ [ [ 10.349941106832205, 59.12187710185478 ], [ 10.362928239368, 59.12789499324284 ], [ 10.362074875423142, 59.1086112885312 ], [ 10.349941106832205, 59.12187710185478 ] ] ], [ [ [ 10.359168104485972, 59.186910007250624 ], [ 10.3640749471689, 59.208918295755545 ], [ 10.385782392516202, 59.231706926220674 ], [ 10.391835943000032, 59.26770846546971 ], [ 10.42549048357533, 59.257325949558435 ], [ 10.444397828478571, 59.2238506020789 ], [ 10.457864978233346, 59.22197249092042 ], [ 10.454664863440133, 59.200308081923396 ], [ 10.467865336962138, 59.190626551162815 ], [ 10.43775759028265, 59.163896532491876 ], [ 10.384262337989426, 59.17467583245072 ], [ 10.371355208323461, 59.16443880402355 ], [ 10.359168104485972, 59.186910007250624 ] ] ], [ [ [ 10.374315314507186, 59.157495083191165 ], [ 10.403329688632326, 59.16843309676903 ], [ 10.444397828478571, 59.14580317992293 ], [ 10.419783612194099, 59.14891132162885 ], [ 10.417730205201789, 59.09563645017583 ], [ 10.425143804472732, 59.06890643150489 ], [ 10.396316103710532, 59.05693677940336 ], [ 10.374315314507186, 59.157495083191165 ] ] ], [ [ [ 10.420930319995001, 59.1076325545472 ], [ 10.427703896307303, 59.120686749712085 ], [ 10.433330764818706, 59.087515603335675 ], [ 10.420930319995001, 59.1076325545472 ] ] ], [ [ [ 10.425570486445162, 59.085809431931146 ], [ 10.438050934138696, 59.07793988165445 ], [ 10.450878060934828, 59.09551741496156 ], [ 10.45253145357799, 59.067901245251065 ], [ 10.43146403118933, 59.06452858084676 ], [ 10.425570486445162, 59.085809431931146 ] ] ], [ [ [ 10.437730922659375, 59.24059488888612 ], [ 10.463358508628364, 59.23292373063321 ], [ 10.45981171473255, 59.22234282269815 ], [ 10.437730922659375, 59.24059488888612 ] ] ], [ [ [ 10.513653646128375, 59.37871541584339 ], [ 10.53674780788607, 59.386902393358135 ], [ 10.53416104842822, 59.36678544214661 ], [ 10.513653646128375, 59.37871541584339 ] ] ] ] } },
{ "type": "Feature", "properties": { "ISO": "NO-11", "NAME_1": "Rogaland" }, "geometry": { "type": "MultiPolygon", "coordinates": [ [ [ [ 4.855210668767502, 59.30713557366272 ], [ 4.897825530763801, 59.31977975864511 ], [ 4.910812663299595, 59.299662807433585 ], [ 4.885291747823713, 59.29408137849784 ], [ 4.855210668767502, 59.30713557366272 ] ] ], [ [ [ 5.071005076323228, 59.43812721389874 ], [ 5.085378925269414, 59.44880070477822 ], [ 5.087458999885003, 59.42937151258248 ], [ 5.071005076323228, 59.43812721389874 ] ] ], [ [ [ 5.144261037464551, 59.38170452233504 ], [ 5.151114616646684, 59.392047359841555 ], [ 5.175782168177708, 59.38379425165221 ], [ 5.144261037464551, 59.38170452233504 ] ] ], [ [ [ 5.166928517249816, 59.204804967795795 ], [ 5.182769085476225, 59.21670848922273 ], [ 5.169275268098173, 59.226337115443634 ], [ 5.196236235231, 59.246705363218624 ], [ 5.179888982162332, 59.251956138781395 ], [ 5.185675856413394, 59.27503574421474 ], [ 5.209516711622838, 59.28535212945142 ], [ 5.217543666229149, 59.31726679301054 ], [ 5.200849734057884, 59.320031055208574 ], [ 5.187809266275536, 59.338097955507685 ], [ 5.197702954511223, 59.35422061397373 ], [ 5.212636823546221, 59.35000147693462 ], [ 5.257011748678788, 59.366745763741854 ], [ 5.233757581181433, 59.36829322152735 ], [ 5.216663634661016, 59.38860856476266 ], [ 5.238291077138487, 59.41260077350541 ], [ 5.290479615891151, 59.37995867252575 ], [ 5.280425921915803, 59.36757901024174 ], [ 5.291519653198945, 59.345015224070224 ], [ 5.281145947744276, 59.33409043662728 ], [ 5.325254196644075, 59.31144729364625 ], [ 5.288266203159178, 59.304807773917005 ], [ 5.307626897658122, 59.301197039084165 ], [ 5.33010770408045, 59.27229793428654 ], [ 5.325360867137182, 59.22268670220604 ], [ 5.292319681897249, 59.1400233589634 ], [ 5.259251829034038, 59.14798549218453 ], [ 5.240024472651477, 59.142774395026514 ], [ 5.220130425686998, 59.15269399621563 ], [ 5.194849518820607, 59.14568414470865 ], [ 5.190076014254063, 59.17561488802995 ], [ 5.175222148088896, 59.178141079799445 ], [ 5.184955830584921, 59.19722639248731 ], [ 5.166928517249816, 59.204804967795795 ] ] ], [ [ [ 6.439134153292014, 58.29079485752161 ], [ 6.36921164506029, 58.27760000544667 ], [ 6.33257033067799, 58.29128905508765 ], [ 6.323610009256991, 58.31032146323584 ], [ 6.288035399805763, 58.320690753012194 ], [ 6.227099880618314, 58.32612669446383 ], [ 6.167844421697303, 58.33955122140644 ], [ 6.097761907725918, 58.36314664610162 ], [ 6.0928817326662665, 58.37265623710825 ], [ 6.0623473040143505, 58.38219228038472 ], [ 6.047920119821611, 58.37608180605223 ], [ 6.023092562550927, 58.391106695320005 ], [ 5.9947448790077065, 58.42064065459374 ], [ 5.9920781166800285, 58.44879909583591 ], [ 5.978877643158021, 58.461681351246845 ], [ 5.998425011019902, 58.46198555234997 ], [ 5.9971983003491705, 58.47595235082425 ], [ 5.875380597220826, 58.46441916117504 ], [ 5.876633975514835, 58.47710302456219 ], [ 5.810844948891012, 58.484033519259654 ], [ 5.782897279696944, 58.49863517221003 ], [ 5.794391025329237, 58.51459911705705 ], [ 5.760149797041849, 58.532110519689574 ], [ 5.701507693456203, 58.535178982990736 ], [ 5.66166626428069, 58.55351040598823 ], [ 5.639985486556665, 58.58521345138864 ], [ 5.624491597432854, 58.596230821776025 ], [ 5.565556149991164, 58.65323546327615 ], [ 5.540301910748052, 58.67249271571795 ], [ 5.550195598983738, 58.69048025920755 ], [ 5.517394422353295, 58.71071624563335 ], [ 5.511687550972064, 58.7406866673594 ], [ 5.489286747419566, 58.752537284246664 ], [ 5.502087206592422, 58.765948585054346 ], [ 5.539821893529069, 58.78578778743258 ], [ 5.548035521498319, 58.80216174246208 ], [ 5.539101867700596, 58.82194804030064 ], [ 5.561315997890156, 58.84689253075754 ], [ 5.546888813697416, 58.85138941662994 ], [ 5.5555291236390945, 58.86789563300863 ], [ 5.597983979895733, 58.876849726348674 ], [ 5.598730673347482, 58.89147783156889 ], [ 5.580090004677011, 58.897826376329924 ], [ 5.576169864055324, 58.92351153034228 ], [ 5.605290908673571, 58.92471510861989 ], [ 5.571689703344825, 58.93255820662675 ], [ 5.563822754478174, 58.94231909419685 ], [ 5.576489875534645, 58.95905015486915 ], [ 5.608491023466785, 58.956947199417066 ], [ 5.627878385589006, 58.93845706280055 ], [ 5.615211264532534, 58.90560334366219 ], [ 5.641798884939487, 58.90565624820187 ], [ 5.6861204748255, 58.92810099915911 ], [ 5.670626585701688, 58.942107476038146 ], [ 5.645265675965469, 58.93144721129357 ], [ 5.623318222008676, 58.956471058559984 ], [ 5.590010360535974, 58.96858619814562 ], [ 5.612437831711748, 58.97695834154924 ], [ 5.606197607864981, 58.98579339967501 ], [ 5.56510280039546, 58.98059552865192 ], [ 5.566569519675682, 59.010830473076346 ], [ 5.591583750309304, 59.02150396395584 ], [ 5.583796804312484, 59.03659498389821 ], [ 5.66347966266351, 58.999495675450916 ], [ 5.679533571876134, 58.999998268577826 ], [ 5.728095313863156, 58.97135046034366 ], [ 5.75433625516751, 58.97291114426408 ], [ 5.769803476668043, 58.96494901104295 ], [ 5.752149510058814, 58.95188158974315 ], [ 5.756789676508974, 58.939105143411574 ], [ 5.735002228291842, 58.90902891260617 ], [ 5.751482819476894, 58.8977337933855 ], [ 5.741109114022225, 58.8735696448888 ], [ 5.749056065758706, 58.86203645523959 ], [ 5.771270195948267, 58.87802685235645 ], [ 5.779857170643391, 58.927611632167114 ], [ 5.789537517892863, 58.93257143276167 ], [ 5.8284989155002425, 58.925918686897504 ], [ 5.851139727662231, 58.92934425584148 ], [ 5.845299518164616, 58.948694091227715 ], [ 5.8618867798427745, 58.962819603321016 ], [ 5.894207939254235, 58.96480352355884 ], [ 5.963570427397148, 58.94526852228374 ], [ 5.9838111534642255, 58.92810099915911 ], [ 5.965543831519629, 58.917361377605026 ], [ 5.998558349136286, 58.89631859694918 ], [ 6.01311887144541, 58.902429071281674 ], [ 6.068294184005073, 58.889176484093014 ], [ 6.122589464996603, 58.85205072337588 ], [ 6.137576669278155, 58.85391560839944 ], [ 6.175311356214802, 58.835160949084546 ], [ 6.218112891574039, 58.84400923334524 ], [ 6.280541797664987, 58.83972396563154 ], [ 6.251660761656232, 58.851111667796644 ], [ 6.178218127151972, 58.84883677259061 ], [ 6.117069266978309, 58.87554033899171 ], [ 6.103015429511444, 58.89465210394941 ], [ 6.100588675793257, 58.92233440433451 ], [ 6.146403652582769, 58.95491037463956 ], [ 6.170404513531874, 58.95729107892495 ], [ 6.188938511709239, 58.97014688206605 ], [ 6.219766284217199, 58.97654833136676 ], [ 6.283128557122835, 58.99993213790324 ], [ 6.300782523732066, 58.99773659950671 ], [ 6.363478106055782, 59.00359577727575 ], [ 6.466921816746422, 59.0226017331541 ], [ 6.5577250740038675, 59.03529882267617 ], [ 6.645408219337929, 59.05144793341205 ], [ 6.6450348726120545, 59.05528351253851 ], [ 6.524843894503594, 59.03896246204868 ], [ 6.5032431196494, 59.04084057320715 ], [ 6.3388905573945875, 59.016769007654894 ], [ 6.266914642170551, 59.01239115699676 ], [ 6.237766929929028, 59.0034238375218 ], [ 6.11490918949289, 58.94717308571205 ], [ 6.099655308978569, 58.94303330548246 ], [ 6.095708500733606, 58.92520447561189 ], [ 6.072721009469019, 58.90352684047994 ], [ 6.038959798400612, 58.934224699626526 ], [ 6.027759396624363, 58.931209140865036 ], [ 5.998051664294027, 58.97422053162104 ], [ 6.018105716998168, 58.99097804456319 ], [ 6.05680043837278, 58.999508901585834 ], [ 6.087948222360062, 58.98474853501643 ], [ 6.074001055386304, 59.001148942315766 ], [ 6.042399921803317, 59.01826356090072 ], [ 6.015758966149811, 59.02389789437614 ], [ 5.964503794211835, 59.0198639232259 ], [ 5.916768748546394, 59.049609500658335 ], [ 5.91282194030143, 59.063523394592934 ], [ 5.892714552350736, 59.06758381801301 ], [ 5.890661145358424, 59.085822658066064 ], [ 5.919328840380965, 59.092224107366775 ], [ 5.937489491832453, 59.10845257491217 ], [ 5.982211096067618, 59.122115172283316 ], [ 6.025519316269113, 59.11427207427646 ], [ 6.089574947379946, 59.138833006820704 ], [ 6.165604341342053, 59.13719296609077 ], [ 6.163844278205786, 59.150643945303216 ], [ 6.116029229670515, 59.14379280741527 ], [ 6.093548423248187, 59.15291884050925 ], [ 6.047973455068165, 59.13801298645574 ], [ 6.02255921008539, 59.14355473698673 ], [ 6.03234622782797, 59.15942609888931 ], [ 6.069680900415466, 59.18074662837845 ], [ 6.069840906155127, 59.19354952697987 ], [ 6.098935283150096, 59.20036098646307 ], [ 6.088828253928196, 59.21055833648548 ], [ 6.115602547698086, 59.2144335940167 ], [ 6.1416034803929485, 59.23142917738738 ], [ 6.180458207507222, 59.238491933434034 ], [ 6.174591330386329, 59.24769732333753 ], [ 6.227819906446788, 59.26848880742992 ], [ 6.2681146852180065, 59.26856816423943 ], [ 6.303022604087315, 59.28003522321405 ], [ 6.33017024458308, 59.27040659699315 ], [ 6.323183327284562, 59.285259546506985 ], [ 6.417666716554204, 59.31255828897944 ], [ 6.460281578550503, 59.316049988598 ], [ 6.534764250362557, 59.31561352614568 ], [ 6.464148383925636, 59.323919538874705 ], [ 6.424600298606167, 59.325070212612644 ], [ 6.350864320245863, 59.31730647141529 ], [ 6.330676929425339, 59.302228677607836 ], [ 6.275848295968274, 59.29073516636338 ], [ 6.24910066982166, 59.2803526504521 ], [ 6.153097226025242, 59.26146572978803 ], [ 6.116642585005881, 59.290893879982406 ], [ 6.113735814068711, 59.30281062754427 ], [ 6.131949800766754, 59.30863012690855 ], [ 6.17309794348283, 59.306394910107265 ], [ 6.254914211695999, 59.31216150493187 ], [ 6.273341539380256, 59.29761275652117 ], [ 6.2686213700602655, 59.32132721643062 ], [ 6.233953459800448, 59.34842756687928 ], [ 6.220379639552565, 59.388370494334126 ], [ 6.213926074719584, 59.38380747778713 ], [ 6.22779323882351, 59.35526547863231 ], [ 6.216166155074833, 59.349432753133115 ], [ 6.2380869414083495, 59.32936870646126 ], [ 6.1890718498256225, 59.317848742946964 ], [ 6.190138554756693, 59.340729956356526 ], [ 6.176724740248472, 59.31698904417724 ], [ 6.1348565717039225, 59.31440994786807 ], [ 6.09898861839665, 59.323694694581086 ], [ 6.091014999036892, 59.354696754830805 ], [ 6.079201241925277, 59.3305193801992 ], [ 6.048026790314719, 59.32668380107274 ], [ 6.020932485065507, 59.3421848311976 ], [ 6.042053242700719, 59.36239436535356 ], [ 6.045573368973255, 59.37686375695475 ], [ 6.08200134236934, 59.39236478707961 ], [ 6.1377100073945385, 59.4035276449511 ], [ 6.132376482739183, 59.41627763901284 ], [ 6.1863250846281135, 59.42540367210683 ], [ 6.212992707904896, 59.444885768842255 ], [ 6.202512331957121, 59.406119967395185 ], [ 6.254194185867526, 59.47088835009266 ], [ 6.248220638253526, 59.49342568399433 ], [ 6.2707814475456845, 59.505831798548186 ], [ 6.393559185111992, 59.52711264963257 ], [ 6.40443957540892, 59.534598641996624 ], [ 6.4637750371997615, 59.54852576206615 ], [ 6.518603670656827, 59.54880351089944 ], [ 6.565218676144643, 59.55589271921593 ], [ 6.540524456990342, 59.55968861993763 ], [ 6.444494345570647, 59.557493081541104 ], [ 6.419613453053409, 59.54978224488343 ], [ 6.368358281115433, 59.546197962320434 ], [ 6.34153065209899, 59.533712490957065 ], [ 6.270648109429301, 59.517510475681505 ], [ 6.294222288405977, 59.55947700177893 ], [ 6.32809016996749, 59.57958072685554 ], [ 6.329263545391669, 59.624126349262134 ], [ 6.363664779418719, 59.638251861355435 ], [ 6.339557247976508, 59.64408458685464 ], [ 6.305129346326181, 59.63806669546657 ], [ 6.289315445723049, 59.61797619652488 ], [ 6.288248740791977, 59.592092650488745 ], [ 6.306489395113297, 59.579170716673055 ], [ 6.26510124378773, 59.55173971285142 ], [ 6.2686213700602655, 59.53748193940893 ], [ 6.251554091163124, 59.52064506965727 ], [ 6.217312862875735, 59.50735280406385 ], [ 6.202485664333844, 59.48818813456648 ], [ 6.218006221080931, 59.47383777817956 ], [ 6.175258020968249, 59.4473061515324 ], [ 6.15403059283993, 59.42585336069407 ], [ 6.122509462126772, 59.42020580108373 ], [ 6.120136043655139, 59.40652997757767 ], [ 6.102188733189864, 59.40971747609311 ], [ 6.048693480896638, 59.403051504094016 ], [ 6.017972378881784, 59.40510155500644 ], [ 6.011305473062588, 59.375342751439085 ], [ 5.99794499380092, 59.37868896357355 ], [ 5.960930332692746, 59.35214411079147 ], [ 5.946583151369836, 59.35744779089392 ], [ 5.929889219198571, 59.393687400571494 ], [ 5.916075390341197, 59.40236374507824 ], [ 5.922368949434518, 59.415206322084416 ], [ 5.913808642362671, 59.446975498159425 ], [ 5.929702545835633, 59.45389276672197 ], [ 5.972610751687977, 59.4436557382948 ], [ 6.013038868575579, 59.445057708596195 ], [ 6.054027005551994, 59.45713316977708 ], [ 6.192645311344711, 59.473970039528744 ], [ 6.197472151157809, 59.48154861483723 ], [ 6.168404441786116, 59.48871717996323 ], [ 6.159390785118563, 59.480913760361126 ], [ 6.0618406191720915, 59.473639386155774 ], [ 6.006371962756384, 59.47968372981367 ], [ 5.909328481652171, 59.4742213360922 ], [ 5.885034276847022, 59.48161474551183 ], [ 5.8978347360198775, 59.49681157453355 ], [ 5.869940402072363, 59.503980139659554 ], [ 5.8709804393801575, 59.53994200050383 ], [ 5.844099475117161, 59.53806388934536 ], [ 5.8409526955705005, 59.52309190461725 ], [ 5.817218510854163, 59.51926955162571 ], [ 5.850686378066526, 59.48748714941578 ], [ 5.8540464985994, 59.463878498585686 ], [ 5.776710391096731, 59.43747913328772 ], [ 5.762816559369527, 59.44102373744596 ], [ 5.755856309694286, 59.46189457834786 ], [ 5.733455506141789, 59.47699882442515 ], [ 5.735828924613422, 59.45372082696803 ], [ 5.752069507188983, 59.44475350749307 ], [ 5.751109472751019, 59.43029734202679 ], [ 5.721641749030174, 59.414769859632095 ], [ 5.684920431778044, 59.40574963561746 ], [ 5.6673464680386445, 59.39125379174643 ], [ 5.701774369688971, 59.39940109085642 ], [ 5.776763726343284, 59.42584013455915 ], [ 5.842632755836938, 59.437373324208366 ], [ 5.861326759753962, 59.400591442999115 ], [ 5.897034707321574, 59.38112257239861 ], [ 5.891967858898986, 59.35082149729959 ], [ 5.874873912378568, 59.336947281769746 ], [ 5.862046785582436, 59.34595427964946 ], [ 5.8377792484005635, 59.34333550493554 ], [ 5.8265521790010375, 59.32923644511207 ], [ 5.803111338140745, 59.34911532589506 ], [ 5.790657558070488, 59.32390631273979 ], [ 5.772950256214704, 59.33566434668262 ], [ 5.745855950965493, 59.33133940056416 ], [ 5.727215282295022, 59.31485963645531 ], [ 5.655666049043414, 59.28446597841186 ], [ 5.662812972081591, 59.274030557960906 ], [ 5.64782576780004, 59.25987859359777 ], [ 5.632758560648657, 59.27097532079466 ], [ 5.650839209230316, 59.287375728094 ], [ 5.643985630048183, 59.31655258172492 ], [ 5.688360555180749, 59.328072545239216 ], [ 5.660866235582386, 59.34117964494377 ], [ 5.654972690838218, 59.36366407430577 ], [ 5.629345104869229, 59.39549938105537 ], [ 5.626625007294997, 59.42371072683722 ], [ 5.613157857540222, 59.47004187745785 ], [ 5.621024806406872, 59.500250369612445 ], [ 5.577876591945039, 59.500461987771146 ], [ 5.557929209734005, 59.47342776799707 ], [ 5.5397952259057925, 59.47439327584615 ], [ 5.523527975706955, 59.445599980127874 ], [ 5.4655525627032295, 59.4580589992214 ], [ 5.470166061530112, 59.440560822723796 ], [ 5.513927631327313, 59.428458909273076 ], [ 5.560995986410835, 59.45340339972998 ], [ 5.559982616726317, 59.4676876254423 ], [ 5.592650455240376, 59.474882642838146 ], [ 5.591103733090322, 59.45504344045991 ], [ 5.610891109561695, 59.44881393091315 ], [ 5.620144774838739, 59.421766485004156 ], [ 5.611371126780678, 59.41232302467211 ], [ 5.623611565864721, 59.384772985636204 ], [ 5.607957671001249, 59.378067335232366 ], [ 5.616944660045525, 59.35408835262454 ], [ 5.613264528033329, 59.328892565604185 ], [ 5.593903833534385, 59.321565286859155 ], [ 5.5881969621531535, 59.30147478791746 ], [ 5.5477688452655505, 59.27084305944547 ], [ 5.4896600941454405, 59.2703007879138 ], [ 5.472246136145702, 59.277919041627044 ], [ 5.456938920384829, 59.329659681429476 ], [ 5.477366319814844, 59.36529088890078 ], [ 5.467445963955881, 59.387087559247 ], [ 5.465339221717015, 59.360291409901464 ], [ 5.449178642011285, 59.334050758222524 ], [ 5.457845619576239, 59.29515269542627 ], [ 5.416884150223101, 59.29331426267255 ], [ 5.393443309362809, 59.30960886089254 ], [ 5.397336782361219, 59.31741228049464 ], [ 5.381869560860685, 59.37345141414569 ], [ 5.395123369629246, 59.38753724783424 ], [ 5.381389543641703, 59.41607924698906 ], [ 5.368802425455061, 59.408593254625 ], [ 5.376722709568266, 59.38718014219143 ], [ 5.365122293442865, 59.377300219407076 ], [ 5.375042649301829, 59.33834925207114 ], [ 5.3474149915870814, 59.32782124867576 ], [ 5.323600804000915, 59.33882539292822 ], [ 5.304453450488184, 59.3634789084169 ], [ 5.298453235250909, 59.38585752869955 ], [ 5.238157739022102, 59.433180639439094 ], [ 5.246398034614629, 59.44504448246128 ], [ 5.22450391590439, 59.4794192071153 ], [ 5.22218383267931, 59.50169201831859 ], [ 5.243357925561075, 59.503424641992964 ], [ 5.2699988812145815, 59.49347858853401 ], [ 5.278479185416598, 59.48087408195637 ], [ 5.302845776649381, 59.481186628628215 ], [ 5.314704472510114, 59.47541740318582 ], [ 5.370550798123604, 59.49533845012497 ], [ 5.373484252293589, 59.48507815713921 ], [ 5.422716468976642, 59.49967148222254 ], [ 5.4572861390561185, 59.498051774098066 ], [ 5.475766262418237, 59.51588366108649 ], [ 5.509554141109921, 59.51143967975377 ], [ 5.526008064671696, 59.535193818067974 ], [ 5.563609413491959, 59.55367072854957 ], [ 5.562409370444504, 59.57565256478465 ], [ 5.582250082162431, 59.594605616123324 ], [ 5.559395929014228, 59.59528014900418 ], [ 5.55382239574938, 59.63990512822029 ], [ 5.5687029295378245, 59.66637062419285 ], [ 5.60753098902882, 59.685667555039416 ], [ 5.648892472731111, 59.665960614010366 ], [ 5.681346970258955, 59.66873810234332 ], [ 5.7444692345551, 59.65211285075036 ], [ 5.772656912358659, 59.64874018634606 ], [ 5.789244174036819, 59.620184961056324 ], [ 5.775510348049275, 59.60776562036755 ], [ 5.7403624205704755, 59.600464793892364 ], [ 5.794684369185282, 59.60284549817775 ], [ 5.820285287530994, 59.61006696784342 ], [ 5.803084670517468, 59.617552960207476 ], [ 5.79180426587139, 59.642722294958 ], [ 5.823856379988518, 59.64576453098265 ], [ 5.834147253365027, 59.631638198779086 ], [ 5.8915156542553975, 59.625697312003794 ], [ 5.899319749311395, 59.61158089296894 ], [ 5.924143413372496, 59.609945786517024 ], [ 5.969556604815379, 59.597655236353475 ], [ 5.969418234335663, 59.57897414514036 ], [ 6.004647358471427, 59.585105794335036 ], [ 6.0082726650399945, 59.5953115837724 ], [ 6.042505521721802, 59.59106030699742 ], [ 6.059193001575585, 59.59825477538584 ], [ 6.118111151838777, 59.58533743441573 ], [ 6.183034580921655, 59.58605960643199 ], [ 6.188873815165682, 59.606253171113124 ], [ 6.178108591843756, 59.61478297643727 ], [ 6.189537993468321, 59.635330814182986 ], [ 6.213254693691691, 59.655701515396416 ], [ 6.224960836275688, 59.691919123306306 ], [ 6.2684091669066, 59.70322860959871 ], [ 6.274137704766854, 59.740045756540965 ], [ 6.302420630820862, 59.76743378961052 ], [ 6.328019169568373, 59.78157746041958 ], [ 6.425459661384577, 59.789916503324335 ], [ 6.442008770758644, 59.806417452601565 ], [ 6.4869238284745485, 59.820424864539625 ], [ 6.538065557777686, 59.84285307470505 ], [ 6.569558678961111, 59.83172072494493 ], [ 6.602297134461983, 59.833219572525856 ], [ 6.6567044070864245, 59.84456993647955 ], [ 6.6857345337308995, 59.83063065397699 ], [ 6.678207179634334, 59.781631963967975 ], [ 6.690134714985877, 59.769450420901215 ], [ 6.669794254467584, 59.74803052638114 ], [ 6.652138181255786, 59.718189833633716 ], [ 6.657285563101232, 59.701729762017784 ], [ 6.71174818391756, 59.694194646451884 ], [ 6.771275164291504, 59.70260181879214 ], [ 6.815996503335805, 59.72260462105388 ], [ 6.977225786301214, 59.77206659122428 ], [ 7.096279747049101, 59.78277653848431 ], [ 7.110448884172048, 59.76331877170654 ], [ 7.116315792512019, 59.71399306040714 ], [ 7.110089120924786, 59.700598813388545 ], [ 7.17429302351314, 59.68605999185361 ], [ 7.21466952949435, 59.672692996609214 ], [ 7.198756924326978, 59.66692924636622 ], [ 7.138399721074737, 59.662269192978265 ], [ 7.098715067492108, 59.65130035386335 ], [ 7.088973785720082, 59.61972917345431 ], [ 7.061797823503804, 59.603473490144864 ], [ 7.048597279738871, 59.586836281996646 ], [ 6.991837708959253, 59.59702844554691 ], [ 6.978471120618661, 59.541325819085046 ], [ 6.980269936854972, 59.52340777754949 ], [ 6.962973626890438, 59.51644494924176 ], [ 7.0058131274105975, 59.50108857448087 ], [ 7.022888044607587, 59.48119477931591 ], [ 6.999143670288273, 59.46269082463509 ], [ 6.956719281207262, 59.44470465366404 ], [ 6.882829445038768, 59.4284080926933 ], [ 6.9313974834191825, 59.40265516607566 ], [ 6.91803089507859, 59.39308979333196 ], [ 6.8909102810541984, 59.398213126881295 ], [ 6.865145697731028, 59.36839968590807 ], [ 6.831577019351858, 59.31732986105996 ], [ 6.8245201248863285, 59.269884522180256 ], [ 6.840764819205019, 59.25102629443485 ], [ 6.837692994555318, 59.19258486466604 ], [ 6.847572646807061, 59.18266521885776 ], [ 6.904193847106962, 59.18552665514861 ], [ 6.9391739043792375, 59.1819157950673 ], [ 6.924921744968461, 59.16593262949984 ], [ 6.8984099610548215, 59.15858827635333 ], [ 6.87970227219718, 59.140656608930676 ], [ 6.90239503087065, 59.13042356771911 ], [ 6.9036957133799834, 59.11340483473211 ], [ 6.787713577281798, 59.05268788181771 ], [ 6.781237838831076, 59.04037007987996 ], [ 6.756829286209124, 59.031758519233215 ], [ 6.7064624315923975, 59.0016861864051 ], [ 6.702588058160343, 58.9941783226134 ], [ 6.665532443692323, 58.98537599954726 ], [ 6.633126077342769, 58.939824658974366 ], [ 6.560841338738985, 58.90995671445274 ], [ 6.567538469957253, 58.885716261303116 ], [ 6.608551480145159, 58.880075144044014 ], [ 6.553092591874874, 58.825830487501776 ], [ 6.518084860506654, 58.767416309507155 ], [ 6.576394180659095, 58.761965954667446 ], [ 6.57362677106477, 58.74144536869593 ], [ 6.606143833798095, 58.7267839141771 ], [ 6.622028764869524, 58.696043912881116 ], [ 6.601245518816139, 58.687050827395595 ], [ 6.507125918513125, 58.66937805182783 ], [ 6.477127198510637, 58.67153094198951 ], [ 6.450836807364543, 58.66360067569773 ], [ 6.436058840130844, 58.649334371904786 ], [ 6.468963340207376, 58.640150523999864 ], [ 6.497495333124872, 58.60992830641366 ], [ 6.532503064493092, 58.627873599723415 ], [ 6.5827315486301, 58.61525602826948 ], [ 6.614722803540505, 58.62508029286806 ], [ 6.587934278667433, 58.590170770119705 ], [ 6.609769140366662, 58.57861601785951 ], [ 6.618209739629355, 58.55528849914554 ], [ 6.587685211803944, 58.49277292913404 ], [ 6.607416842211485, 58.489434586794715 ], [ 6.630164949076842, 58.44371973557662 ], [ 6.595323262284282, 58.41631807661997 ], [ 6.608662176528932, 58.3739960712896 ], [ 6.560343205012007, 58.32740916329716 ], [ 6.439134153292014, 58.29079485752161 ] ] ], [ [ [ 5.33416118281852, 59.31655258172492 ], [ 5.364375599991115, 59.33353493896069 ], [ 5.381629552251194, 59.31655258172492 ], [ 5.364055588511794, 59.28967707556988 ], [ 5.383496285880569, 59.28363273191197 ], [ 5.35704200359, 59.26838299835057 ], [ 5.3363745955504935, 59.296276916894364 ], [ 5.33416118281852, 59.31655258172492 ] ] ], [ [ [ 5.373095912802624, 59.18692323338554 ], [ 5.3801895005942475, 59.19365533605922 ], [ 5.413150682964351, 59.1808524374578 ], [ 5.3926432806645055, 59.17537681760141 ], [ 5.391469905240327, 59.15921448073061 ], [ 5.373095912802624, 59.18692323338554 ] ] ], [ [ [ 5.374375958719909, 59.20000388082026 ], [ 5.376296027595838, 59.22751424145141 ], [ 5.38986984784372, 59.246864076837646 ], [ 5.416004118654967, 59.24476112138555 ], [ 5.456965588008105, 59.22444577815024 ], [ 5.473552849686264, 59.20079744891539 ], [ 5.450885369900998, 59.16256069286507 ], [ 5.420697620351681, 59.18298184517973 ], [ 5.374375958719909, 59.20000388082026 ] ] ], [ [ [ 5.38912315439197, 59.06041525288701 ], [ 5.396990103258621, 59.071802955052114 ], [ 5.423737729405234, 59.0698983916238 ], [ 5.416484135873949, 59.056950005538276 ], [ 5.38912315439197, 59.06041525288701 ] ] ], [ [ [ 5.390136524076487, 59.28097427879329 ], [ 5.398616828278504, 59.29081452317289 ], [ 5.416964153092931, 59.27438766360372 ], [ 5.390136524076487, 59.28097427879329 ] ] ], [ [ [ 5.448751960038856, 59.25105676160691 ], [ 5.4710994283448, 59.250263193511785 ], [ 5.502193877085529, 59.229352674205124 ], [ 5.505634000488234, 59.219485977555685 ], [ 5.484886589578897, 59.208362798088956 ], [ 5.462165774547078, 59.22284541582506 ], [ 5.448751960038856, 59.25105676160691 ] ] ], [ [ [ 5.4574989404736405, 59.264547419224115 ], [ 5.478086345643317, 59.266571017866696 ], [ 5.483073191196075, 59.253503596566894 ], [ 5.4574989404736405, 59.264547419224115 ] ] ], [ [ [ 5.493100217548146, 58.91898819220004 ], [ 5.52256794126899, 58.923114746294715 ], [ 5.5124342444238135, 58.90950505346325 ], [ 5.493100217548146, 58.91898819220004 ] ] ], [ [ [ 5.561796015109138, 59.09661518415982 ], [ 5.5933171458222954, 59.09777908403268 ], [ 5.5795299845881985, 59.08320388335214 ], [ 5.561796015109138, 59.09661518415982 ] ] ], [ [ [ 5.565662820484272, 59.123265846021255 ], [ 5.605744258269276, 59.141676625828254 ], [ 5.627691712226069, 59.128252098885646 ], [ 5.643532280452478, 59.133780623281716 ], [ 5.691934016699838, 59.120686749712085 ], [ 5.7128947685953895, 59.125461384417775 ], [ 5.760896490493598, 59.1220358154738 ], [ 5.7823372596081315, 59.10764578068213 ], [ 5.780977210821016, 59.07578402166268 ], [ 5.7394557213790645, 59.070467115425316 ], [ 5.679666909992518, 59.096390339866204 ], [ 5.622758201919863, 59.11150781207842 ], [ 5.616517978073096, 59.11743312052205 ], [ 5.565662820484272, 59.123265846021255 ] ] ], [ [ [ 5.60654428696758, 59.094737073001355 ], [ 5.631345176614987, 59.1007417382545 ], [ 5.676040113226875, 59.08672203524055 ], [ 5.7064678713856845, 59.06530892280697 ], [ 5.694947458130114, 59.05795519179211 ], [ 5.6657197430187605, 59.064462450172165 ], [ 5.678120187842465, 59.075413689884954 ], [ 5.643772289061968, 59.06854932586209 ], [ 5.621371485509471, 59.073707518480425 ], [ 5.60654428696758, 59.094737073001355 ] ] ], [ [ [ 5.619078069907667, 59.34863918503798 ], [ 5.638092085304014, 59.37252558470138 ], [ 5.6568394244675915, 59.349988250799704 ], [ 5.643798956685245, 59.33714567379353 ], [ 5.619078069907667, 59.34863918503798 ] ] ], [ [ [ 5.625318293754435, 59.04669975097619 ], [ 5.668386505346438, 59.044371951230474 ], [ 5.640918853371352, 59.03158227876398 ], [ 5.625318293754435, 59.04669975097619 ] ] ], [ [ [ 5.639025452118701, 59.054648658062405 ], [ 5.675533428384616, 59.05692355326844 ], [ 5.6704132447154745, 59.048961420047306 ], [ 5.639025452118701, 59.054648658062405 ] ] ], [ [ [ 5.682200334203812, 59.04455711711934 ], [ 5.714814837471318, 59.03793082352501 ], [ 5.730922081930494, 59.05008564151541 ], [ 5.776523717733793, 59.048458826920395 ], [ 5.751962836695876, 59.036568531628376 ], [ 5.69390742082232, 59.03453170685087 ], [ 5.682200334203812, 59.04455711711934 ] ] ], [ [ [ 5.708307937391782, 58.99931050956205 ], [ 5.721161731811192, 59.00864816081474 ], [ 5.753002874003671, 59.01158436276672 ], [ 5.75449626090717, 58.991824517198 ], [ 5.731162090539986, 58.98214298643742 ], [ 5.708307937391782, 58.99931050956205 ] ] ], [ [ [ 5.770656840612901, 59.17327386214932 ], [ 5.795831076986184, 59.163526200714145 ], [ 5.810391599295307, 59.170483147681445 ], [ 5.80257798567521, 59.18427800640178 ], [ 5.830899001595153, 59.20144552952641 ], [ 5.874633903769077, 59.18578578578253 ], [ 5.875647273453595, 59.16361878365858 ], [ 5.840499345974795, 59.14373990287559 ], [ 5.797511137252621, 59.13818492620968 ], [ 5.771296863571544, 59.158698661468776 ], [ 5.770656840612901, 59.17327386214932 ] ] ], [ [ [ 5.787297437537613, 59.2480279767105 ], [ 5.795537733130139, 59.26350255456553 ], [ 5.840686019337732, 59.258873407343934 ], [ 5.803644690606281, 59.24052875821153 ], [ 5.787297437537613, 59.2480279767105 ] ] ], [ [ [ 5.794097681473193, 59.11748602506173 ], [ 5.848259624348339, 59.115277260530284 ], [ 5.858740000296114, 59.103558904992205 ], [ 5.8182852157852345, 59.10337373910335 ], [ 5.794097681473193, 59.11748602506173 ] ] ], [ [ [ 5.803084670517468, 58.952900002131905 ], [ 5.8365525377298315, 58.9596453309405 ], [ 5.839459308667, 58.94407817014105 ], [ 5.825645479809626, 58.93749155495147 ], [ 5.803084670517468, 58.952900002131905 ] ] ], [ [ [ 5.814045063684226, 59.05238698899129 ], [ 5.833885775402153, 59.04586650447631 ], [ 5.8169518346213955, 59.039888291493 ], [ 5.814045063684226, 59.05238698899129 ] ] ], [ [ [ 5.842339411980893, 59.26761588252528 ], [ 5.875247259104443, 59.2765567497304 ], [ 5.885487626442727, 59.25580494404277 ], [ 5.8667936225257025, 59.247194730210616 ], [ 5.842339411980893, 59.26761588252528 ] ] ], [ [ [ 5.874580568522523, 58.42935667750524 ], [ 5.889221093701477, 58.45447310771608 ], [ 5.955703478530497, 58.4686118459443 ], [ 5.977757602980396, 58.459723883278855 ], [ 5.976317551323449, 58.44133955574169 ], [ 5.990238050673931, 58.42038935803028 ], [ 5.975624193118253, 58.40914714334928 ], [ 5.9446097472473545, 58.42318007249815 ], [ 5.931169265115856, 58.4529388760655 ], [ 5.910155177973751, 58.456152826850776 ], [ 5.903674945517493, 58.42618240512472 ], [ 5.874580568522523, 58.42935667750524 ] ] ], [ [ [ 5.874980582871675, 59.12482652994167 ], [ 5.902261561483824, 59.130288923663144 ], [ 5.905968361119297, 59.15563019816761 ], [ 5.932075964307267, 59.157825736564135 ], [ 5.953090051449371, 59.13891236363022 ], [ 5.933222672108169, 59.12618882183831 ], [ 5.88530095307979, 59.116533743347574 ], [ 5.874980582871675, 59.12482652994167 ] ] ], [ [ [ 5.879060729233023, 59.240065843489376 ], [ 5.900981515566539, 59.237896757362684 ], [ 5.894047933514575, 59.22583452231672 ], [ 5.879060729233023, 59.240065843489376 ] ] ], [ [ [ 5.900768174580324, 58.98886186297618 ], [ 5.923702330598357, 58.9969562575465 ], [ 5.9678905823679855, 58.98000035258057 ], [ 5.9497032632932205, 58.97457763726385 ], [ 5.900768174580324, 58.98886186297618 ] ] ], [ [ [ 5.920128869079268, 59.20411720878001 ], [ 5.9499166042794345, 59.209367984342784 ], [ 5.969383969271486, 59.194025667836954 ], [ 5.962583725335906, 59.17730783329956 ], [ 5.920128869079268, 59.20411720878001 ] ] ], [ [ [ 5.921142238763786, 59.26125411162933 ], [ 5.923782333468187, 59.27362054777842 ], [ 5.975704195988083, 59.29285134795039 ], [ 5.992238122419689, 59.29076161863322 ], [ 6.057333790838316, 59.296488535053065 ], [ 6.092081703967963, 59.27949295168238 ], [ 6.099388632745802, 59.25438974760645 ], [ 6.049973526813924, 59.23908710950538 ], [ 6.007492002934009, 59.235859932585186 ], [ 5.955090123195131, 59.22517321557078 ], [ 5.921142238763786, 59.26125411162933 ] ] ], [ [ [ 5.929782548705464, 59.1726257815383 ], [ 5.95119665019672, 59.16508688463457 ], [ 5.937889506181605, 59.15912189778618 ], [ 5.929782548705464, 59.1726257815383 ] ] ], [ [ [ 5.969837318867191, 58.978254502771286 ], [ 5.987437950229868, 58.99304132161053 ], [ 6.003278518456277, 58.98246041367547 ], [ 5.985624551847047, 58.968017474344116 ], [ 5.969837318867191, 58.978254502771286 ] ] ], [ [ [ 5.982931121896092, 58.924596073405624 ], [ 6.018959080943025, 58.91942465465236 ], [ 6.0247726228173635, 58.9043468608449 ], [ 5.9988250253690545, 58.90962408867752 ], [ 5.982931121896092, 58.924596073405624 ] ] ], [ [ [ 5.989864703948055, 59.203429449764236 ], [ 5.999491715950974, 59.217025916460784 ], [ 6.043519961980942, 59.21777980615116 ], [ 6.058107151913342, 59.22952461395907 ], [ 6.095068477774963, 59.2336908464585 ], [ 6.101122028258793, 59.223599305515435 ], [ 6.052080269052789, 59.196763477765145 ], [ 6.043679967720603, 59.18452930296524 ], [ 6.00847870499525, 59.18228086002904 ], [ 6.019172421929239, 59.196803156169906 ], [ 5.989864703948055, 59.203429449764236 ] ] ] ] } },
{ "type": "Feature", "properties": { "ISO": "NO-50", "NAME_1": "Trøndelag" }, "geometry": { "type": "MultiPolygon", "coordinates": [ [ [ [ 8.257509891205592, 63.020412804856846 ], [ 8.219464683250031, 63.02863928644634 ], [ 8.234825234257459, 63.04892817741182 ], [ 8.229625047718486, 63.06806639463935 ], [ 8.178423211027063, 63.087667526589044 ], [ 8.181489987703893, 63.099544595746146 ], [ 8.160342562445404, 63.10586668823734 ], [ 8.15887584316518, 63.1243171464491 ], [ 8.202770751078765, 63.13760941204252 ], [ 8.229651715341763, 63.13729198480446 ], [ 8.257146034940124, 63.11057519226844 ], [ 8.30733450194703, 63.09298443282641 ], [ 8.285813729962667, 63.08543230978776 ], [ 8.28720044637306, 63.0731584565831 ], [ 8.34464250691125, 63.08559102340679 ], [ 8.315814806149048, 63.10159464665857 ], [ 8.324855130439877, 63.109186448101966 ], [ 8.272613256440659, 63.1189076572673 ], [ 8.247812366793251, 63.1312740934164 ], [ 8.244478913883654, 63.14555831912873 ], [ 8.335468844504035, 63.149433576659945 ], [ 8.370056751894023, 63.13233218420991 ], [ 8.427978829651195, 63.14205339337524 ], [ 8.46971366007936, 63.1328876818765 ], [ 8.499688068642465, 63.13961978455018 ], [ 8.509555089254874, 63.13067891734506 ], [ 8.541076219968032, 63.13590324063799 ], [ 8.569503906381081, 63.12136771836221 ], [ 8.583664414341055, 63.12398649307613 ], [ 8.614412183979184, 63.09484931784996 ], [ 8.630519428438362, 63.101515289849054 ], [ 8.620572404956121, 63.11941025039422 ], [ 8.578037545829652, 63.12722689613124 ], [ 8.555636742277155, 63.14227823766886 ], [ 8.548143140136379, 63.15873154950788 ], [ 8.571130631400965, 63.16720950199084 ], [ 8.646733343390643, 63.1730819058948 ], [ 8.715109129472316, 63.18555415112325 ], [ 8.741936758488759, 63.18191696402057 ], [ 8.853620764771925, 63.196029249978956 ], [ 8.935197024375604, 63.19628054654241 ], [ 8.981358680267714, 63.20154454824011 ], [ 8.985385491382509, 63.20866020882643 ], [ 8.942397282660334, 63.204573333136516 ], [ 8.83221069797166, 63.20204688482157 ], [ 8.837644560182538, 63.21520562822881 ], [ 8.861665675461285, 63.21968854508447 ], [ 8.862689617011185, 63.23132505266726 ], [ 8.827903278410513, 63.24424239363738 ], [ 8.815754350291423, 63.26612556831883 ], [ 8.849295354574648, 63.29012075550066 ], [ 8.865982834428433, 63.295216837275795 ], [ 8.863132402546277, 63.321746439458096 ], [ 8.882587291994387, 63.34362961413954 ], [ 8.904588198269273, 63.34883470301146 ], [ 8.867892347048517, 63.37075875535421 ], [ 8.84871419855984, 63.36608507607916 ], [ 8.79890082586198, 63.37149455325757 ], [ 8.803162636637241, 63.40231630987614 ], [ 8.762924501135746, 63.41493388133008 ], [ 8.755041763259598, 63.42444469836668 ], [ 8.861674387001514, 63.42874309387563 ], [ 8.880821740514243, 63.41773894962317 ], [ 8.87164807810703, 63.406708353100875 ], [ 8.905115945319393, 63.38759658814318 ], [ 8.901622486670135, 63.40682738831514 ], [ 8.916263011849088, 63.41840025636912 ], [ 8.955411082819406, 63.41620471797259 ], [ 8.952477644258959, 63.407303529172225 ], [ 9.001172724362364, 63.406933197394494 ], [ 9.024373556613165, 63.41296431491748 ], [ 8.980745324932348, 63.42080741292434 ], [ 8.99946599647265, 63.42830663142331 ], [ 8.975225126914054, 63.44007789150106 ], [ 8.995625858720793, 63.44866165306338 ], [ 8.998585964904517, 63.46377912527559 ], [ 9.021333447559613, 63.46437430134694 ], [ 9.028053688625361, 63.445579963627296 ], [ 9.095176096413024, 63.44232633443727 ], [ 9.088322517230889, 63.427380801979 ], [ 9.101069641157192, 63.41903511084522 ], [ 9.131897413665154, 63.420661925440236 ], [ 9.154111543854714, 63.39373351474551 ], [ 9.147817984761392, 63.376142755303476 ], [ 9.179712462200424, 63.37349752831972 ], [ 9.123523779956244, 63.35351283845738 ], [ 9.114136776562816, 63.331464871547695 ], [ 9.084002362260051, 63.29687852873498 ], [ 9.100722962054594, 63.287038284355376 ], [ 9.13043069438493, 63.30158703276608 ], [ 9.142244451496545, 63.31866197294627 ], [ 9.171845513333775, 63.32210076802517 ], [ 9.203419979293486, 63.340048633110015 ], [ 9.242194703537926, 63.333938158777514 ], [ 9.2384345686559, 63.34682041418845 ], [ 9.260275352119585, 63.34625169038694 ], [ 9.307797056798812, 63.36348534418617 ], [ 9.342064952709478, 63.362797585170384 ], [ 9.405160549382346, 63.36905354698699 ], [ 9.489483574183534, 63.38784788470664 ], [ 9.500017285377861, 63.39734424957835 ], [ 9.414814229008542, 63.380414796882256 ], [ 9.365159114467172, 63.374066252121224 ], [ 9.319557478663874, 63.37501853383538 ], [ 9.249181620836444, 63.3677970641697 ], [ 9.22931424149524, 63.37294203065312 ], [ 9.232274347678963, 63.3896466390556 ], [ 9.215207068781822, 63.38331132042948 ], [ 9.19400630827678, 63.39440804762637 ], [ 9.176645685523596, 63.41460435564741 ], [ 9.19136621357238, 63.43002602896276 ], [ 9.26968902313629, 63.44251150032613 ], [ 9.285289582753208, 63.433041587724254 ], [ 9.30590365554616, 63.44185019358019 ], [ 9.355078752868549, 63.44965361318229 ], [ 9.368385896883662, 63.446360305587504 ], [ 9.446228689228592, 63.46753534759254 ], [ 9.490763620100818, 63.46533980919602 ], [ 9.5106576670653, 63.48466319231242 ], [ 9.477589814202087, 63.481409563122384 ], [ 9.395746878365642, 63.46149100393464 ], [ 9.339238184642138, 63.455552469356086 ], [ 9.344971723646648, 63.472693540210884 ], [ 9.324357650853695, 63.475801681916806 ], [ 9.279982725721128, 63.49615670355687 ], [ 9.282569485178975, 63.466715327227575 ], [ 9.316704042973257, 63.468249558878156 ], [ 9.329957851741819, 63.45469277058636 ], [ 9.304143592409893, 63.44764324067463 ], [ 9.286942975396368, 63.45568473070527 ], [ 9.231500986603937, 63.44802679858728 ], [ 9.218193842588821, 63.457840590697046 ], [ 9.173472238353657, 63.46236392883928 ], [ 9.17304555638123, 63.477388818107066 ], [ 9.146804615076874, 63.48811521352623 ], [ 9.211500269146349, 63.50853636584089 ], [ 9.21771382536984, 63.5173978762365 ], [ 9.28230280894621, 63.52857396024291 ], [ 9.295583285338047, 63.51500394581619 ], [ 9.363212377967967, 63.553743294993424 ], [ 9.398333637823491, 63.55380942566802 ], [ 9.388599955327464, 63.515969453665264 ], [ 9.413560850714532, 63.49975421225479 ], [ 9.411214099866175, 63.52524097424336 ], [ 9.482683330247955, 63.56247254403985 ], [ 9.487590172930883, 63.57298732130031 ], [ 9.505164136670281, 63.563874514341244 ], [ 9.557246004929837, 63.57052726020541 ], [ 9.569273103027667, 63.58159753513247 ], [ 9.55068576960375, 63.586425074377836 ], [ 9.491190302073248, 63.57950780581529 ], [ 9.536045244424795, 63.59343492588481 ], [ 9.531485080844465, 63.60127802389167 ], [ 9.56759304276123, 63.60687267896233 ], [ 9.604021016157315, 63.62163304553174 ], [ 9.643489098606953, 63.620932060381044 ], [ 9.688877393424038, 63.63809958350567 ], [ 9.752639680678826, 63.6463394655601 ], [ 9.737065788685184, 63.617056802849824 ], [ 9.761333325867056, 63.593077820242 ], [ 9.754986431527183, 63.5836608121798 ], [ 9.78469416385752, 63.577008066315635 ], [ 9.786320888877402, 63.56144090551618 ], [ 9.805521577636686, 63.55874277399274 ], [ 9.831122495982397, 63.541363632709405 ], [ 9.824668931149416, 63.525756793505195 ], [ 9.805308236650472, 63.5172523887524 ], [ 9.830935822619459, 63.50136780071489 ], [ 9.851603230658966, 63.50175135862753 ], [ 9.847203072818298, 63.484411895748956 ], [ 9.905711838287559, 63.47060381089371 ], [ 9.908351932991959, 63.46051226995065 ], [ 9.977554415395211, 63.442855379834015 ], [ 9.96936745504924, 63.41887639722619 ], [ 9.941286447738786, 63.373074292002315 ], [ 9.913392113791271, 63.35364509980656 ], [ 9.818108695823327, 63.32063266704918 ], [ 9.864003675482671, 63.313662493946964 ], [ 9.895204794716506, 63.326756367516595 ], [ 9.969474125542346, 63.34926724914843 ], [ 10.048650299051115, 63.34760075614866 ], [ 10.080544776490147, 63.32482535181845 ], [ 10.106919055910884, 63.328237694627504 ], [ 10.150253943735656, 63.31966715920011 ], [ 10.167854575098332, 63.31050144770136 ], [ 10.209696076019604, 63.3233837031123 ], [ 10.217963039235407, 63.33695371753901 ], [ 10.23849710915853, 63.34249546807 ], [ 10.20609594687724, 63.34662202216467 ], [ 10.145613777285497, 63.34532586094262 ], [ 10.07147778457604, 63.37042906501855 ], [ 10.056623918410871, 63.385070396373685 ], [ 10.067104294358648, 63.4041953874663 ], [ 10.119986191316508, 63.42494719315393 ], [ 10.141453628054318, 63.42484138407458 ], [ 10.19041538439049, 63.4506455733012 ], [ 10.229350114374594, 63.45417695132453 ], [ 10.303032757488346, 63.45462663991177 ], [ 10.34900774001752, 63.44298764118321 ], [ 10.350954476516723, 63.4343377489463 ], [ 10.379275492436667, 63.43165284355778 ], [ 10.446184559238116, 63.45744380664948 ], [ 10.47415889605546, 63.43860979052508 ], [ 10.528934194265972, 63.430092159637354 ], [ 10.560241983992913, 63.430687335708704 ], [ 10.606056960782428, 63.443014093453044 ], [ 10.64117822063795, 63.44329184228634 ], [ 10.714887531374977, 63.43279029116079 ], [ 10.770622864023455, 63.43017151644687 ], [ 10.784623366243764, 63.413440455774555 ], [ 10.8101976169662, 63.41892930176587 ], [ 10.808757565309254, 63.43559423176359 ], [ 10.84526554157517, 63.43552810108899 ], [ 10.89201388517937, 63.44893940189667 ], [ 10.900760865614153, 63.46544561827537 ], [ 10.8745199243098, 63.47723010448804 ], [ 10.842678782117321, 63.47068316770322 ], [ 10.811824341986084, 63.47238933910775 ], [ 10.774516337021865, 63.48773165561358 ], [ 10.752888894544395, 63.50925057712651 ], [ 10.772009580433846, 63.536536093464036 ], [ 10.892840581500948, 63.54518598570095 ], [ 10.940148945193961, 63.56457549949194 ], [ 10.908201132508376, 63.559708281841814 ], [ 10.916734771956946, 63.5689798024199 ], [ 10.867639677504389, 63.56175833275423 ], [ 10.873346548885621, 63.57253763271307 ], [ 10.85014571663482, 63.574667040435 ], [ 10.881506841608317, 63.586491205052425 ], [ 10.921988293742473, 63.589176110440945 ], [ 10.906707745604876, 63.59528658477345 ], [ 10.933322033635106, 63.61295670102499 ], [ 10.899400816827038, 63.608764016255726 ], [ 10.775103024733953, 63.57215407480042 ], [ 10.731208116820369, 63.57080500903871 ], [ 10.684753117072212, 63.54669376508169 ], [ 10.64923184286754, 63.53828194327332 ], [ 10.627737738506452, 63.547328619557796 ], [ 10.65312531586595, 63.55670594921524 ], [ 10.623337580665783, 63.57485220632387 ], [ 10.58349615149027, 63.56472098697605 ], [ 10.600003410298598, 63.577113875394986 ], [ 10.621444179413132, 63.57792066962503 ], [ 10.654085350303912, 63.557023376453294 ], [ 10.668592537366482, 63.55794920589761 ], [ 10.672566013234723, 63.58212658052922 ], [ 10.70054035005207, 63.59215199079768 ], [ 10.71163408133521, 63.61500675193741 ], [ 10.767502752100071, 63.63386722033165 ], [ 10.803957393119433, 63.632002335308094 ], [ 10.852359129366793, 63.64287421821137 ], [ 10.860279413479997, 63.65551840319376 ], [ 10.898600788128734, 63.678267355254135 ], [ 10.952122708045238, 63.70054016645743 ], [ 10.999724415594294, 63.70180987540964 ], [ 11.019191780586347, 63.714850844439596 ], [ 11.044926037048441, 63.71130624028135 ], [ 11.04857950143736, 63.69542165224385 ], [ 11.11215511532921, 63.707840992932624 ], [ 11.144716283350164, 63.704217031964866 ], [ 11.214078771493075, 63.719559348470696 ], [ 11.209438605042914, 63.7558915410927 ], [ 11.273867582879621, 63.765295323019984 ], [ 11.29210823720094, 63.74603807057818 ], [ 11.24071972714658, 63.73393615712746 ], [ 11.258987049091177, 63.72626499887454 ], [ 11.279201107534977, 63.73103963358024 ], [ 11.295655031096754, 63.7518840222123 ], [ 11.344536784563097, 63.762610417631464 ], [ 11.385044904320528, 63.78025408161317 ], [ 11.42299293224339, 63.76673697172614 ], [ 11.441260254187988, 63.787237480850315 ], [ 11.435526715183478, 63.79509380499209 ], [ 11.459927590481733, 63.80226237011809 ], [ 11.480514995651411, 63.78234381093035 ], [ 11.474168101311538, 63.800675233927834 ], [ 11.398645392191689, 63.82040862722672 ], [ 11.435473379936925, 63.82198253728206 ], [ 11.437100104956809, 63.83244441000285 ], [ 11.408192401324776, 63.84541924835821 ], [ 11.368910992238074, 63.835049958581855 ], [ 11.329282904048775, 63.83661064250228 ], [ 11.305282043099671, 63.8453398915487 ], [ 11.304108667675493, 63.864729405339695 ], [ 11.33605648036108, 63.85885700143574 ], [ 11.358430616290299, 63.86548329503007 ], [ 11.37840466612461, 63.88470086906712 ], [ 11.35080367603314, 63.89373431921667 ], [ 11.384271543245502, 63.94625530097932 ], [ 11.362004077809388, 63.93501308629831 ], [ 11.342936727166489, 63.93887511769461 ], [ 11.343950096851007, 63.92406184658553 ], [ 11.31789582890959, 63.91398353177739 ], [ 11.33114963767815, 63.895400812216444 ], [ 11.299601839341717, 63.86841949698204 ], [ 11.24421318579584, 63.869834693418355 ], [ 11.190691265879336, 63.85675404598364 ], [ 11.153249922798732, 63.84044622162874 ], [ 11.095674524144158, 63.83823745709729 ], [ 11.082527385868705, 63.84405695646157 ], [ 11.070500287770876, 63.869279195751766 ], [ 11.075673806686572, 63.88622187458278 ], [ 11.113381825999943, 63.89758312447805 ], [ 11.18618443754556, 63.91233026491253 ], [ 11.206878513208343, 63.920755312855825 ], [ 11.228159276583217, 63.94095162087687 ], [ 11.268827402080309, 63.95901852117598 ], [ 11.283627932998924, 63.975789260253045 ], [ 11.310215553405875, 63.964560271706965 ], [ 11.39688532905542, 63.98139714145862 ], [ 11.409419111995508, 63.971133660761616 ], [ 11.42640638802282, 63.98429366500584 ], [ 11.493288787200989, 64.00445029462213 ], [ 11.46659449630093, 64.01595703200151 ], [ 11.444567039474308, 64.01540153433491 ], [ 11.431419901198854, 64.02858799084898 ], [ 11.373524491064959, 64.01771610794572 ], [ 11.36264410076803, 64.0398434316649 ], [ 11.32418938800291, 64.03259550972939 ], [ 11.284267955957567, 64.03685432517325 ], [ 11.260000418775693, 64.02624696496835 ], [ 11.237706285716303, 64.02837637269027 ], [ 11.234452835676535, 64.06987998406555 ], [ 11.267840700019068, 64.07417847791416 ], [ 11.34805691083563, 64.0990039331568 ], [ 11.387551660908546, 64.10664863913988 ], [ 11.305335378346225, 64.11163489200426 ], [ 11.322589330606302, 64.09314475538775 ], [ 11.257947011783383, 64.07622852882658 ], [ 11.222265731839046, 64.07452235742205 ], [ 11.208905252577377, 64.04783201715587 ], [ 11.219705640004475, 64.02301978804816 ], [ 11.205731805407442, 64.00673841596308 ], [ 11.165223685650009, 63.99343292423475 ], [ 11.101621404134882, 63.98201876979981 ], [ 11.031325549177282, 63.959851767675865 ], [ 11.001457811107286, 63.943319099027335 ], [ 10.940202280440516, 63.91713135188807 ], [ 10.923508348269248, 63.904381357826324 ], [ 10.848972341210642, 63.88134143079773 ], [ 10.73667497959211, 63.8574285788645 ], [ 10.683313065415266, 63.84313112701726 ], [ 10.608750390733382, 63.810250955609064 ], [ 10.591229762240536, 63.797209986579105 ], [ 10.628724440567693, 63.810237729474146 ], [ 10.667659170551795, 63.8175121036795 ], [ 10.67459275260376, 63.83393896324868 ], [ 10.744168581732886, 63.84827609350068 ], [ 10.812544367814557, 63.853447512253936 ], [ 10.854465871605658, 63.870760522862675 ], [ 10.964496485245665, 63.90631237352447 ], [ 10.973350136173556, 63.893363987438946 ], [ 11.049219524396003, 63.87889459583775 ], [ 11.047699469869226, 63.85844699125325 ], [ 11.070313614407938, 63.842271428247535 ], [ 11.03887248656461, 63.82456163359123 ], [ 11.017405049826802, 63.82252480881373 ], [ 10.999937756580508, 63.786086807112376 ], [ 10.95598951342037, 63.74619678419721 ], [ 10.926948471671954, 63.73506037859556 ], [ 10.802117327113335, 63.70913715415467 ], [ 10.778036463294399, 63.70868746556743 ], [ 10.696353533197613, 63.690369268704856 ], [ 10.672646016104554, 63.67966932555553 ], [ 10.620670818338105, 63.67094007650911 ], [ 10.607443677192819, 63.64833661193284 ], [ 10.560428657355853, 63.626619298396136 ], [ 10.532827667264382, 63.623392121475945 ], [ 10.505680026768617, 63.61021889109679 ], [ 10.425730492184822, 63.58904384909176 ], [ 10.41986361506393, 63.57052726020541 ], [ 10.354741279022026, 63.57408509049857 ], [ 10.306846227616925, 63.5551981698345 ], [ 10.230310148812558, 63.5556214061519 ], [ 10.20020240213307, 63.536112857146634 ], [ 10.155080783548755, 63.52132603830739 ], [ 10.141640301417254, 63.5099515622772 ], [ 10.101932210358125, 63.49483409006499 ], [ 10.052223760570204, 63.4906943098354 ], [ 10.015582446187903, 63.494648924176126 ], [ 9.996355089805343, 63.486263554637596 ], [ 9.98752810650073, 63.49627573877114 ], [ 9.950193433913231, 63.495535075215685 ], [ 9.928939338161637, 63.50733278756328 ], [ 9.908938620704049, 63.53591446512285 ], [ 9.919765675754423, 63.54948447954956 ], [ 9.890511293019792, 63.56358353937303 ], [ 9.92667259018311, 63.58200754531495 ], [ 9.920085687233744, 63.592575227115084 ], [ 9.865710403372384, 63.586266360758806 ], [ 9.832269203783298, 63.59994218426487 ], [ 9.822108839314843, 63.62049559792872 ], [ 9.805041560417703, 63.62709543925321 ], [ 9.857283434416921, 63.6418425796877 ], [ 9.82952243858579, 63.64663044052831 ], [ 9.806081597725498, 63.66149661617707 ], [ 9.827842378319353, 63.67222301159623 ], [ 9.815948618337908, 63.685158171546846 ], [ 9.856323399978958, 63.68886148932411 ], [ 9.862963638174875, 63.679629647150776 ], [ 9.88597779706274, 63.69571262721206 ], [ 9.914032136749915, 63.70232569467147 ], [ 9.960807147977391, 63.69626812487866 ], [ 9.940566421910313, 63.709864591575204 ], [ 9.980861200681533, 63.72051163018485 ], [ 9.979714492880632, 63.70826422925003 ], [ 10.01387571829819, 63.71716541805039 ], [ 10.047370253133828, 63.71904352920887 ], [ 10.094891957813054, 63.744900622975166 ], [ 10.12718644960124, 63.75336534932321 ], [ 10.080358103127208, 63.75004558945859 ], [ 10.041690049375873, 63.73273257884985 ], [ 10.013795715428358, 63.73135706081829 ], [ 10.050997049899472, 63.759475823655706 ], [ 10.084758260967877, 63.77577042187569 ], [ 10.031156338181544, 63.76214750290931 ], [ 9.977794424004703, 63.75448957079131 ], [ 9.93379284559801, 63.75369600269618 ], [ 9.87387069609508, 63.73443875025438 ], [ 9.881230960119472, 63.72943927125506 ], [ 9.739172530924051, 63.69640038622784 ], [ 9.674316871114915, 63.70047403578284 ], [ 9.66356981893437, 63.67642892250042 ], [ 9.614448056858537, 63.6762040782068 ], [ 9.588687132773165, 63.67115169466781 ], [ 9.569779787869926, 63.65116700480547 ], [ 9.5383386600266, 63.66202566157382 ], [ 9.574286616203702, 63.679748682365044 ], [ 9.572926567416587, 63.710142340408495 ], [ 9.548205680639008, 63.7202603336214 ], [ 9.585273676993737, 63.722892334470245 ], [ 9.673436839546781, 63.740588902991625 ], [ 9.703224574746947, 63.75537572183087 ], [ 9.797521290653652, 63.76903831920201 ], [ 9.75733318237554, 63.76854895221002 ], [ 9.710131489175634, 63.762279764258494 ], [ 9.611087936325664, 63.756354455814865 ], [ 9.561059475058418, 63.76831088178148 ], [ 9.569779787869926, 63.77874630223243 ], [ 9.609434543682502, 63.79984198742795 ], [ 9.672103458382942, 63.81776340024295 ], [ 9.661223068086013, 63.82469389494042 ], [ 9.61772817452158, 63.814615580132276 ], [ 9.630768642303927, 63.8255932721149 ], [ 9.671596773540683, 63.83385960643916 ], [ 9.68397055074111, 63.845895389215286 ], [ 9.758133211073844, 63.865668460918926 ], [ 9.774187120286467, 63.85778568450731 ], [ 9.81666864416638, 63.865668460918926 ], [ 9.808908365792838, 63.84110752837468 ], [ 9.729332177934918, 63.831267283995075 ], [ 9.686290633966191, 63.821241873726606 ], [ 9.690877465169796, 63.815885289084484 ], [ 9.741945963744836, 63.824204527948424 ], [ 9.76866692226817, 63.8228554621867 ], [ 9.823708896711452, 63.84117365904927 ], [ 9.8173353347483, 63.849850003556014 ], [ 9.848963135954566, 63.84453309731865 ], [ 9.865683735749109, 63.85439979396809 ], [ 9.832455877146236, 63.87397447364795 ], [ 9.876004105957222, 63.88963421739184 ], [ 9.958007047533329, 63.896048892827466 ], [ 9.912218738367095, 63.87699003240944 ], [ 9.943499860470759, 63.8763287256635 ], [ 10.03144968203759, 63.90857404259559 ], [ 10.112705930161948, 63.927328701910476 ], [ 10.151187310550345, 63.93220914569552 ], [ 10.173454775986457, 63.94190390259102 ], [ 10.21388289287406, 63.92383700229191 ], [ 10.221616503624327, 63.93903383131364 ], [ 10.203482519796115, 63.936031498687065 ], [ 10.195322227073419, 63.960248551723424 ], [ 10.080864787969467, 63.93453694544124 ], [ 10.091798513512948, 63.928955516505496 ], [ 10.06046405616273, 63.92021304132415 ], [ 10.047903605599364, 63.928148722275445 ], [ 9.996595098414835, 63.917356196181686 ], [ 10.004728723514253, 63.912978345523555 ], [ 9.968887437830258, 63.90053255256495 ], [ 9.94830003266058, 63.9078069267703 ], [ 10.025076120074438, 63.937459921258295 ], [ 10.106812385417777, 63.95839689283479 ], [ 10.204309216117695, 63.997572704464346 ], [ 10.098385416462314, 63.96348895477854 ], [ 10.11201257195675, 63.97285305830106 ], [ 10.072917836232985, 63.964335427413346 ], [ 10.129986550045302, 63.983394287831366 ], [ 10.056490580294488, 63.964560271706965 ], [ 10.053610476980595, 63.96765518727797 ], [ 9.95262018763142, 63.94796147238384 ], [ 9.994888370525121, 63.982971051513964 ], [ 9.998675173030424, 63.99970211218627 ], [ 10.052037087207266, 63.98404236844239 ], [ 10.050970382276194, 63.992533547060276 ], [ 10.00806217642385, 64.0052703149871 ], [ 10.023369392184724, 64.0145418355652 ], [ 10.002968660377984, 64.01856258058052 ], [ 10.032063037372955, 64.02730505576186 ], [ 10.063637503332666, 64.01287534256542 ], [ 10.065530904585318, 64.0233239891513 ], [ 10.033369750913518, 64.03496298787985 ], [ 10.081824822407432, 64.05091370659196 ], [ 10.040116659602543, 64.06300239390775 ], [ 10.020275947884617, 64.08255062131778 ], [ 10.04073001493791, 64.08098993739736 ], [ 10.028276234867652, 64.09801197303788 ], [ 10.081051461332406, 64.10376534172757 ], [ 10.13820017801455, 64.07882085127066 ], [ 10.185081859735135, 64.084468410881 ], [ 10.234043616071308, 64.10188723056909 ], [ 10.254044333528896, 64.10150367265645 ], [ 10.253164301960762, 64.11597306425764 ], [ 10.196255593888107, 64.10151689879137 ], [ 10.13457338124891, 64.11131746476622 ], [ 10.120946225754473, 64.12392197134385 ], [ 10.1580142221092, 64.14675028021374 ], [ 10.188895329863715, 64.15357496583185 ], [ 10.222869881918335, 64.14606252119796 ], [ 10.225963326218443, 64.1762313349478 ], [ 10.191375418828455, 64.18476219197044 ], [ 10.21454958345598, 64.20653241004682 ], [ 10.252657617118501, 64.18533091577194 ], [ 10.270124910364796, 64.1848812271847 ], [ 10.24785744492868, 64.20411202735667 ], [ 10.300552668523604, 64.2117964117445 ], [ 10.355301299110838, 64.20394008760273 ], [ 10.37036850626222, 64.19650699977835 ], [ 10.367035053352623, 64.17603294292401 ], [ 10.395196063532907, 64.20100388565075 ], [ 10.35180784046158, 64.21535424203768 ], [ 10.30092601524948, 64.22418930016345 ], [ 10.274845079684786, 64.23372534343991 ], [ 10.294739126649265, 64.24658114658101 ], [ 10.353007883509036, 64.25449037526246 ], [ 10.353754576960785, 64.27984487590184 ], [ 10.36988848904324, 64.2845137015282 ], [ 10.398102834470077, 64.27255727556158 ], [ 10.405836445220341, 64.29562365486001 ], [ 10.433117423832492, 64.29862598748657 ], [ 10.436424209118812, 64.28598180250418 ], [ 10.459465035629954, 64.28370690729814 ], [ 10.444077816999249, 64.29701239902649 ], [ 10.490932831096556, 64.28867993402763 ], [ 10.507466757528162, 64.3060193969062 ], [ 10.474105560808907, 64.30059668158948 ], [ 10.450798058064997, 64.30723620131873 ], [ 10.460798416793793, 64.31515865613511 ], [ 10.444611169464785, 64.3531705678918 ], [ 10.514587012943062, 64.337008231021 ], [ 10.473438870226987, 64.35748228787534 ], [ 10.487332701954191, 64.35834198664506 ], [ 10.540587945637926, 64.33598981863224 ], [ 10.580162698580672, 64.32841124332377 ], [ 10.513173628909392, 64.35545868923276 ], [ 10.509653502636858, 64.37287750892085 ], [ 10.5820827674566, 64.3675738288184 ], [ 10.59907004348391, 64.3535938042092 ], [ 10.634244638585987, 64.3443222836311 ], [ 10.645311702245852, 64.35446672911384 ], [ 10.679339589547027, 64.35678130272464 ], [ 10.659072195856671, 64.36422761668393 ], [ 10.636991403783496, 64.3602730023432 ], [ 10.606723651364348, 64.39017729339466 ], [ 10.571842400118316, 64.38591847795081 ], [ 10.582856128531628, 64.39500483264004 ], [ 10.548534897374406, 64.402504051139 ], [ 10.48725269908436, 64.396803586989 ], [ 10.459705044239444, 64.40959325945549 ], [ 10.53010756969015, 64.4400927265783 ], [ 10.585416220366199, 64.416841181391 ], [ 10.605176929214293, 64.39726650171116 ], [ 10.640751538665523, 64.39221411817216 ], [ 10.623897600754596, 64.41849444825587 ], [ 10.565842184881038, 64.42810984834185 ], [ 10.568935629181146, 64.44208987295104 ], [ 10.616697342469863, 64.45793478258379 ], [ 10.64176490835004, 64.44375636595082 ], [ 10.680832976450526, 64.41218558189958 ], [ 10.750542143696038, 64.41477790434368 ], [ 10.771796239447632, 64.37716277663455 ], [ 10.80033059635379, 64.38572008592702 ], [ 10.814464436690486, 64.36766641176283 ], [ 10.844358842383759, 64.3722823328495 ], [ 10.819344611750136, 64.38247968287192 ], [ 10.822518058920073, 64.39077246946601 ], [ 10.782249947772131, 64.40537412241639 ], [ 10.81723786951127, 64.41409014532789 ], [ 10.805344109529825, 64.43674651444384 ], [ 10.702940436146978, 64.42423459081063 ], [ 10.696913553286425, 64.43579423272968 ], [ 10.65469870563928, 64.44710257808528 ], [ 10.663205677464573, 64.45666507363158 ], [ 10.690619994193106, 64.45957482331373 ], [ 10.706967247261773, 64.47772108042236 ], [ 10.735634942284314, 64.46708726794762 ], [ 10.732354824621272, 64.45797446098855 ], [ 10.75790240772043, 64.45733960651245 ], [ 10.766756058648319, 64.46741792132059 ], [ 10.785770074044667, 64.46184971851976 ], [ 10.751155499031402, 64.49342050257098 ], [ 10.791370274932792, 64.50253330953007 ], [ 10.805130768543611, 64.48389768542944 ], [ 10.789130194577542, 64.47596200447815 ], [ 10.821584692105386, 64.47196771173266 ], [ 10.824598133535662, 64.45559375670317 ], [ 10.860652760205873, 64.45363628873517 ], [ 10.836678566880044, 64.48100116188222 ], [ 10.804864092310844, 64.48994202908735 ], [ 10.789663547043077, 64.51136836765583 ], [ 10.876813339911603, 64.50123714830802 ], [ 10.894253965534618, 64.47588264766863 ], [ 10.888467091283557, 64.46351621151953 ], [ 10.91148125017142, 64.4684098814395 ], [ 10.890920512625021, 64.48902942577794 ], [ 10.887800400701638, 64.50647469773587 ], [ 10.910761224342947, 64.49978227346695 ], [ 10.916521430970732, 64.51652656027417 ], [ 10.974016826755477, 64.49626412157853 ], [ 10.948069229307166, 64.52106312455133 ], [ 10.97721694154869, 64.53665673762062 ], [ 10.941135647255201, 64.558916322689 ], [ 10.936868827530917, 64.57066113049692 ], [ 10.906681077981599, 64.57749904224994 ], [ 10.945322464109658, 64.58788155816121 ], [ 10.951322679346934, 64.60208642706404 ], [ 10.985137225661894, 64.6045200358891 ], [ 11.058819868775645, 64.5687565670686 ], [ 11.085860838778302, 64.56969562264784 ], [ 11.072607030009742, 64.56014635323645 ], [ 11.073193717721832, 64.51529652972673 ], [ 11.087487563798186, 64.51241323231442 ], [ 11.098367954095114, 64.52615518649507 ], [ 11.116075255950896, 64.52151281313857 ], [ 11.149143108814108, 64.49585411139606 ], [ 11.188717861756853, 64.48159633795356 ], [ 11.18767782444906, 64.45661216909191 ], [ 11.166477063944017, 64.44460283858562 ], [ 11.193331360583738, 64.44489381355383 ], [ 11.23351946886185, 64.4538611330288 ], [ 11.249706716190856, 64.4495097346405 ], [ 11.286348030573155, 64.45503825903657 ], [ 11.296135048315735, 64.43923302780857 ], [ 11.338829913181865, 64.43859817333248 ], [ 11.314802384609482, 64.39064020811682 ], [ 11.27869442269272, 64.37498046437294 ], [ 11.225412511385706, 64.33284199852157 ], [ 11.214718794451716, 64.31402120853208 ], [ 11.235866219710207, 64.31567447539693 ], [ 11.270427459476917, 64.3560538653041 ], [ 11.318029167025973, 64.36908160819914 ], [ 11.337843211120623, 64.38273097943537 ], [ 11.330669620459169, 64.3920289522833 ], [ 11.37624458863919, 64.39930332648865 ], [ 11.373071141469254, 64.39058730357715 ], [ 11.399098741787393, 64.38217548176878 ], [ 11.361790736823174, 64.36652896415981 ], [ 11.406112326709188, 64.3681425526199 ], [ 11.407845722222177, 64.38113061711019 ], [ 11.352403733429746, 64.41860025733521 ], [ 11.385818265395555, 64.42951181864325 ], [ 11.377711307919412, 64.43407483519023 ], [ 11.403898913977214, 64.44726129170431 ], [ 11.418886118258765, 64.43306964893641 ], [ 11.48126168910316, 64.43850559038805 ], [ 11.522596505182175, 64.44846486998192 ], [ 11.53033011593244, 64.46223327643241 ], [ 11.581878631726461, 64.46421719667023 ], [ 11.618386607992377, 64.48049856875531 ], [ 11.570838235689873, 64.46973249493138 ], [ 11.526249969571094, 64.46732533837616 ], [ 11.501182403690917, 64.45919126540107 ], [ 11.483368431342026, 64.46557948856687 ], [ 11.442246956249228, 64.45333208763203 ], [ 11.446247099740745, 64.46941506769333 ], [ 11.427579763446996, 64.47497004435924 ], [ 11.444673709967415, 64.4867545305719 ], [ 11.445367068172612, 64.50708309994214 ], [ 11.46774120410183, 64.51877500321038 ], [ 11.514542882952586, 64.51388133329041 ], [ 11.537157027491297, 64.51799466125016 ], [ 11.537557041840449, 64.52849621237571 ], [ 11.488515282634445, 64.54309786532609 ], [ 11.528196706070299, 64.5494993146268 ], [ 11.547210721466644, 64.53112821322455 ], [ 11.621133373189886, 64.56794977283856 ], [ 11.705296392251412, 64.5782397058054 ], [ 11.725883797421089, 64.58479986872513 ], [ 11.795432958926938, 64.58900577962932 ], [ 11.757431595757524, 64.5920874690654 ], [ 11.728577227372044, 64.5876567138676 ], [ 11.685482348156764, 64.59297362010497 ], [ 11.650067744445195, 64.58025007831306 ], [ 11.608359581640308, 64.5780280876467 ], [ 11.60385275330653, 64.5851966527727 ], [ 11.628066955241849, 64.61556385854631 ], [ 11.603319400840995, 64.61869845252208 ], [ 11.538837087757734, 64.60082994424675 ], [ 11.59425240892689, 64.60618652888887 ], [ 11.601399331965066, 64.58642668332016 ], [ 11.549557472315001, 64.56529131971988 ], [ 11.51483622680863, 64.56698426498949 ], [ 11.460487610570546, 64.59290748943037 ], [ 11.397898698739937, 64.63123682842512 ], [ 11.397232008158017, 64.64364294297897 ], [ 11.416672705526793, 64.63197749198058 ], [ 11.41064582266624, 64.64791498455776 ], [ 11.386351617861092, 64.6520283125175 ], [ 11.379604709172064, 64.6696587503643 ], [ 11.436646755361103, 64.69013280721863 ], [ 11.407152364016982, 64.70181148435195 ], [ 11.405285630387606, 64.71192947756485 ], [ 11.432006588910943, 64.70834519500185 ], [ 11.51947639325879, 64.7290440961498 ], [ 11.540037130805189, 64.74166182886236 ], [ 11.529636757727245, 64.75012655521041 ], [ 11.551930890786636, 64.75533765236842 ], [ 11.628040287618573, 64.73273418779216 ], [ 11.603319400840995, 64.74478319670321 ], [ 11.63353381801359, 64.75453085813838 ], [ 11.618573281355316, 64.7626913833833 ], [ 11.583185345267024, 64.75618412500323 ], [ 11.575878416489186, 64.76853733501741 ], [ 11.627960284748742, 64.76693697269224 ], [ 11.660574788016248, 64.77394682419921 ], [ 11.675108642702096, 64.7682463600492 ], [ 11.732444032747178, 64.78223961079331 ], [ 11.737884227895641, 64.77136772789004 ], [ 11.789672752299154, 64.77488587977845 ], [ 11.851648308794395, 64.79539961503754 ], [ 11.809780140249847, 64.7994468123227 ], [ 11.734710780725704, 64.7947383082916 ], [ 11.746151191111444, 64.80859929768653 ], [ 11.70068289342453, 64.8047240401553 ], [ 11.679082118570335, 64.82023829641508 ], [ 11.632040431110092, 64.81867761249467 ], [ 11.702122945081475, 64.82976111355664 ], [ 11.760951722030057, 64.83528963795271 ], [ 11.817700424363052, 64.86052510337782 ], [ 11.786099290780065, 64.86071026926669 ], [ 11.762525111803388, 64.84433631423718 ], [ 11.719376897341554, 64.8383051967142 ], [ 11.651667801841803, 64.83559383905585 ], [ 11.680175491124682, 64.86330259171078 ], [ 11.714630060398287, 64.86470456201216 ], [ 11.69345596751652, 64.87270637363805 ], [ 11.741004339819025, 64.881025612502 ], [ 11.771325427484726, 64.89184459086559 ], [ 11.91205047551631, 64.9190375242587 ], [ 11.956905417867858, 64.93369208174875 ], [ 12.013067432488763, 64.93341433291545 ], [ 12.020107685033834, 64.92857356753517 ], [ 12.075229662346942, 64.9573404109836 ], [ 12.097017110564074, 64.9620489150147 ], [ 12.153819148143622, 64.9636625034748 ], [ 12.179713410345379, 64.95597811908696 ], [ 12.186620324774065, 64.93785831424817 ], [ 12.204674305732446, 64.93160235243157 ], [ 12.231421931879058, 64.94058289804146 ], [ 12.249502580460717, 64.93432693622485 ], [ 12.334545631090378, 64.92792548692414 ], [ 12.371453621705445, 64.92099499222668 ], [ 12.429455702332447, 64.88753287088205 ], [ 12.445909625894224, 64.89258525442105 ], [ 12.393161067052748, 64.92120661038538 ], [ 12.356733093656661, 64.9323165637172 ], [ 12.31705167022081, 64.93743507793077 ], [ 12.296837611777008, 64.94650820648509 ], [ 12.19694069498218, 64.94910052892918 ], [ 12.157659285895479, 64.96659870542678 ], [ 12.114484403810367, 64.96989201302156 ], [ 12.062615876537025, 64.96461478518896 ], [ 12.056295649820427, 64.97215368209268 ], [ 12.012827423879273, 64.94780436770714 ], [ 11.953065280116, 64.94980151407988 ], [ 11.933197900774799, 64.93755411314504 ], [ 11.885089508383482, 64.92217211823446 ], [ 11.839941222175888, 64.91528130194175 ], [ 11.721670312943356, 64.88254661801766 ], [ 11.659214739229132, 64.87332800197925 ], [ 11.619239971937235, 64.86125254079836 ], [ 11.658468045777383, 64.8623370838617 ], [ 11.642467471811312, 64.83993201130922 ], [ 11.611693034549905, 64.82699685135862 ], [ 11.567878129506152, 64.82201059849422 ], [ 11.549344131328787, 64.81263326883676 ], [ 11.515716258376763, 64.81580754121728 ], [ 11.505449223415201, 64.80691957855184 ], [ 11.45955424375586, 64.8077395989168 ], [ 11.465127777020708, 64.78763587384019 ], [ 11.431179892589363, 64.77651269437347 ], [ 11.38677829983352, 64.75052333925798 ], [ 11.318402513751849, 64.7434341309415 ], [ 11.24751997108216, 64.72831665872927 ], [ 11.22106568879159, 64.73047251872104 ], [ 11.286374698196433, 64.7475210066314 ], [ 11.303815323819448, 64.75896161333618 ], [ 11.348243584198569, 64.7635378560181 ], [ 11.386378285484367, 64.7906646587366 ], [ 11.43667342298438, 64.80447274359186 ], [ 11.442540300105271, 64.81354587214616 ], [ 11.379178027199636, 64.8032427130444 ], [ 11.32552276916675, 64.80693280468675 ], [ 11.289361472003431, 64.81535785263004 ], [ 11.277654385384924, 64.80393047206019 ], [ 11.2485066731434, 64.80981610209906 ], [ 11.263547212671506, 64.81920665789143 ], [ 11.260827115097275, 64.83293538593716 ], [ 11.309815539056725, 64.84268304737233 ], [ 11.269094078313078, 64.83945587045214 ], [ 11.28648136868954, 64.84844964219694 ], [ 11.370164370532084, 64.85760212756077 ], [ 11.413739266966346, 64.86529973808352 ], [ 11.506942610318703, 64.8675349548848 ], [ 11.56814480573892, 64.87244185093968 ], [ 11.562784613460286, 64.86428132569476 ], [ 11.607292876709236, 64.88179272832728 ], [ 11.667988387287194, 64.88831321284226 ], [ 11.683882290760156, 64.89786248225366 ], [ 11.728550559748768, 64.90738529939522 ], [ 11.68409563174637, 64.90696206307781 ], [ 11.637427291012001, 64.89470143600806 ], [ 11.59059894453797, 64.88785029812011 ], [ 11.559477828173964, 64.8976111856902 ], [ 11.573878344743427, 64.91143249668038 ], [ 11.593505715475139, 64.89762441182512 ], [ 11.586332124813685, 64.91420998501331 ], [ 11.614093120644815, 64.93031941734445 ], [ 11.571264917662303, 64.9187597754254 ], [ 11.538970425874119, 64.9018964534039 ], [ 11.52056976581314, 64.91657746316379 ], [ 11.475341476735714, 64.93806993240688 ], [ 11.506169249243676, 64.95035701174646 ], [ 11.546517363261447, 64.95662619969798 ], [ 11.584812070286908, 64.95089928327813 ], [ 11.592225669557854, 64.96198278434011 ], [ 11.623560126908075, 64.95358418866665 ], [ 11.643160830016509, 64.93214462396324 ], [ 11.64961439484949, 64.9469446689374 ], [ 11.61115968208437, 64.9667574190458 ], [ 11.655267930984168, 64.96936296762482 ], [ 11.67150851355973, 64.95539616915053 ], [ 11.726070470784027, 64.95382225909519 ], [ 11.732070686021302, 64.96784196210915 ], [ 11.789566081806047, 64.9849565806941 ], [ 11.71916355635534, 64.98536659087658 ], [ 11.71311000587151, 64.97347629558456 ], [ 11.685322342417102, 64.98450689210686 ], [ 11.611186349707646, 64.97807899053632 ], [ 11.611746369796458, 64.99421487513727 ], [ 11.649081042383955, 65.00798328158777 ], [ 11.714416719412071, 65.01737383738013 ], [ 11.746124523488167, 64.9980901326685 ], [ 11.774765550887432, 65.00352607412013 ], [ 11.807566727517875, 65.01971486326077 ], [ 11.85178164691078, 65.02737279537877 ], [ 11.925997642490067, 65.06018683611236 ], [ 11.947251738241663, 65.05912874531886 ], [ 11.960961592515728, 65.07715728236359 ], [ 11.981919510033874, 65.07081941244235 ], [ 11.969519203677777, 65.0651995412466 ], [ 12.04042841397074, 65.06710410467491 ], [ 12.04581948059637, 65.06271985480282 ], [ 12.046000552275437, 65.0624899547181 ], [ 12.046003770536315, 65.06248900397357 ], [ 12.03674237712698, 65.04403131703307 ], [ 12.049555483548708, 65.01506268106 ], [ 12.085061348643906, 64.9999515722669 ], [ 12.114119149384326, 65.00425735259027 ], [ 12.134321239422903, 65.02179386928705 ], [ 12.187337099327811, 65.00011129823447 ], [ 12.182159250186393, 64.9814783829849 ], [ 12.205360643709241, 64.97246815798765 ], [ 12.247729684598365, 64.9713780870197 ], [ 12.276815159434726, 64.95978245709821 ], [ 12.389171988964346, 64.99121737863626 ], [ 12.451743119892047, 64.98800166928083 ], [ 12.507783164177141, 64.97708733371431 ], [ 12.561249517539512, 64.9903044442006 ], [ 12.580898125659225, 64.98704785718388 ], [ 12.5871524713424, 64.96252126040517 ], [ 12.628663615257285, 64.93949351120739 ], [ 12.71508981688807, 64.95260161459689 ], [ 12.768334777482895, 64.94077434459471 ], [ 12.791304277115799, 64.95344641959704 ], [ 12.774672145453902, 64.97553398258498 ], [ 12.906954324062664, 64.97425314919765 ], [ 12.934240982662715, 64.98462244928021 ], [ 12.948050356538399, 65.0000197017024 ], [ 12.910967067974436, 65.01713381589909 ], [ 12.907895243324734, 65.02905646711096 ], [ 12.929896149599625, 65.03875809872565 ], [ 12.967588268274337, 65.03287171549876 ], [ 12.995954216616177, 65.06844890671499 ], [ 13.053239595218717, 65.0737902544579 ], [ 13.085396894704779, 65.10996698470649 ], [ 13.152534251463116, 65.11588061970758 ], [ 13.303994578560559, 65.1021184737373 ], [ 13.411259374436618, 65.09907990091418 ], [ 13.529787527361584, 65.11672542470774 ], [ 13.628916139030327, 65.10532055720564 ], [ 13.709696825088688, 65.11258315502955 ], [ 13.78051483660748, 65.11062102728727 ], [ 13.834091886353626, 65.11825152406286 ], [ 13.931615400457659, 65.11868755245004 ], [ 13.948856362230309, 65.1268358329354 ], [ 14.01220236784442, 65.12950650680686 ], [ 14.063842230874535, 65.12195776535387 ], [ 14.164299199148555, 65.13924901608286 ], [ 14.191502835460774, 65.13107348382329 ], [ 14.252441194727826, 65.13142775688786 ], [ 14.296664400045149, 65.11504944059453 ], [ 14.325982160818395, 65.11892381264147 ], [ 14.129890032953224, 64.97855513139339 ], [ 14.015219252863059, 64.8898077660881 ], [ 13.705462688409373, 64.63995563510387 ], [ 13.654246304188526, 64.58034266125749 ], [ 13.891183546284562, 64.50713048766008 ], [ 14.085233338900224, 64.47824375435567 ], [ 14.113862791363879, 64.46248457299586 ], [ 14.144705939220731, 64.28427910415134 ], [ 14.15710393420331, 64.19505679542524 ], [ 14.012257716036306, 64.05025449322117 ], [ 13.967536376992005, 64.0079733655521 ], [ 13.715397688852999, 64.04628936007529 ], [ 13.537682122845709, 64.06552858567726 ], [ 13.211120312574991, 64.0953698054069 ], [ 12.926713628566148, 64.05795311943227 ], [ 12.683571484536913, 63.97422857633262 ], [ 12.480219764617658, 63.81876429729148 ], [ 12.33057215522214, 63.7150624625983 ], [ 12.299451038858132, 63.67198494116769 ], [ 12.227250853600356, 63.63087694007949 ], [ 12.14976338495924, 63.59395078604044 ], [ 12.212887361284247, 63.478593434546056 ], [ 12.084083313274835, 63.35557611550471 ], [ 11.974586052100365, 63.26922268061972 ], [ 12.141285365203533, 63.086305234692404 ], [ 12.218221458357053, 63.00033535772006 ], [ 12.074683562665186, 62.902546022848696 ], [ 12.136378522520605, 62.747914572794336 ], [ 12.056135644080767, 62.61192345355901 ], [ 12.254675882680122, 62.33102181435644 ], [ 12.192077077656478, 62.32722019185574 ], [ 12.166644583484626, 62.312844880966 ], [ 12.130944999717826, 62.310037948223545 ], [ 12.083816014326459, 62.329863613952995 ], [ 12.058383520154607, 62.346364563230225 ], [ 11.993017305536636, 62.35413131887682 ], [ 11.987565508635816, 62.35943178895844 ], [ 11.766172741089768, 62.381723740252866 ], [ 11.72895108204609, 62.34864008637581 ], [ 11.691535704330807, 62.34964840202115 ], [ 11.689128057983744, 62.36606759597579 ], [ 11.671721051635437, 62.38179186968836 ], [ 11.556098678784512, 62.371586080251 ], [ 11.53202221531388, 62.38985839485113 ], [ 11.491258271989464, 62.43730373373083 ], [ 11.461591641138293, 62.45360029470157 ], [ 11.428880859733365, 62.47984375325479 ], [ 11.370958976924129, 62.493742158096055 ], [ 11.340379100906834, 62.51452163592246 ], [ 11.297705644962331, 62.52219301035936 ], [ 11.290399683633312, 62.52948285995747 ], [ 11.254257314331419, 62.532480555119314 ], [ 11.251683623408697, 62.552156336090675 ], [ 11.233197327318603, 62.5706602907715 ], [ 11.19611403875464, 62.570755671981196 ], [ 11.196446127905958, 62.59400143537257 ], [ 11.166807171150731, 62.61352733158584 ], [ 11.160801892331044, 62.64741491280175 ], [ 11.131439676535251, 62.64988119836672 ], [ 11.122528617641521, 62.6618038495786 ], [ 11.043823488778902, 62.66683180191823 ], [ 10.928256464119865, 62.696290969826876 ], [ 10.85129480330167, 62.69285724627785 ], [ 10.792348978942535, 62.679081474420485 ], [ 10.740349352665156, 62.645466410946554 ], [ 10.718071705430836, 62.6501809678829 ], [ 10.711762011555773, 62.66601424869227 ], [ 10.64952296977939, 62.676574311194216 ], [ 10.59281874719166, 62.66380685498219 ], [ 10.325071868940658, 62.695296280068625 ], [ 10.2387286895977, 62.69507826587504 ], [ 10.197521960738193, 62.687733912728525 ], [ 10.176461973725374, 62.69693138652054 ], [ 10.119508684274154, 62.66433826457906 ], [ 10.101907959254243, 62.63662321021912 ], [ 10.086272095046303, 62.62542273102351 ], [ 10.074178515119101, 62.60190444989016 ], [ 10.026689766480473, 62.58562151480651 ], [ 10.038755672311733, 62.56777160270645 ], [ 10.005740475851429, 62.55813810052726 ], [ 10.038534279544187, 62.50319852374296 ], [ 10.097590800287094, 62.42780649042263 ], [ 9.951803662858023, 62.397202747997646 ], [ 9.953381086326788, 62.38141034484958 ], [ 9.934202937838112, 62.35522138984476 ], [ 9.90027449621168, 62.34437518371373 ], [ 9.839308462848688, 62.362088836942796 ], [ 9.822095175171981, 62.34421167306854 ], [ 9.853256207204087, 62.330136131694985 ], [ 9.834686888826162, 62.3298499880659 ], [ 9.839640552000006, 62.31492964169219 ], [ 9.827297905209313, 62.29919174209252 ], [ 9.798378474948612, 62.287814126364616 ], [ 9.718068248521282, 62.28278617402498 ], [ 9.601920067847438, 62.25572516224581 ], [ 9.5150787547775, 62.27801711354023 ], [ 9.486712806435662, 62.29157487120402 ], [ 9.36054660303036, 62.31772294854754 ], [ 9.097393624705939, 62.363097152588146 ], [ 9.062053804186402, 62.37260802178344 ], [ 9.104671911939015, 62.38202350976905 ], [ 9.14219798603807, 62.39840182606238 ], [ 9.183626107665123, 62.426648290019195 ], [ 9.198708489954198, 62.44750952316819 ], [ 9.184290285967762, 62.458260348089524 ], [ 9.217222460140237, 62.519890235439576 ], [ 9.243734244053876, 62.55608059157527 ], [ 9.220986137188518, 62.574734431014186 ], [ 9.152243682865471, 62.57289493625578 ], [ 9.125621202568059, 62.586548075129265 ], [ 9.111369043157282, 62.60552893585856 ], [ 9.012129735104768, 62.66395673974028 ], [ 8.981162421744264, 62.66217174853028 ], [ 8.919974995613725, 62.711769977571656 ], [ 8.98639282587754, 62.741828684512676 ], [ 9.05770897112331, 62.74632522725544 ], [ 9.077136186475474, 62.75963771895144 ], [ 9.10378634086883, 62.754132860563324 ], [ 9.146819560060592, 62.7564628872573 ], [ 9.364836087901564, 62.79411121331262 ], [ 9.330769275795415, 62.79871676315217 ], [ 9.323546336754227, 62.80945396218641 ], [ 9.324570278304126, 62.85204848525876 ], [ 9.331184387234565, 62.86213164171223 ], [ 9.286130959038944, 62.87731087994083 ], [ 9.312227631513434, 62.891440924862785 ], [ 9.3078551243544, 62.90525757438146 ], [ 9.266731417782722, 62.925832663901375 ], [ 9.203302389880779, 62.92511049188511 ], [ 9.177620828845438, 62.91715297381913 ], [ 9.136303403602156, 62.9272361302726 ], [ 9.110843235334361, 62.97147938568396 ], [ 9.149116510023884, 62.993035539075024 ], [ 9.17346971445395, 62.9841242089121 ], [ 9.17764850294138, 62.993008287300825 ], [ 9.140648236665246, 63.000870424157114 ], [ 9.15606270810564, 63.01283395303028 ], [ 9.104395170979583, 63.02907601045263 ], [ 9.104256800499865, 63.043900975616644 ], [ 9.083750295405913, 63.090392502399396 ], [ 9.052699959757579, 63.089411438528245 ], [ 9.0134304176141, 63.07386430134797 ], [ 8.972832518865342, 63.072542590299335 ], [ 8.959023144989658, 63.09306317627085 ], [ 8.99516551429155, 63.1036368646599 ], [ 8.969954412887244, 63.133913585794495 ], [ 8.911091610815939, 63.11791679433994 ], [ 8.898721289929304, 63.12211356756652 ], [ 8.860143600184404, 63.11431956014573 ], [ 8.833548793982937, 63.12609232659951 ], [ 8.807147706453069, 63.12662373619638 ], [ 8.777259682834353, 63.10712509175731 ], [ 8.7348076196574, 63.094493894416274 ], [ 8.688730249911877, 63.07340102118659 ], [ 8.652560206514043, 63.06417629562038 ], [ 8.64768956562803, 63.072542590299335 ], [ 8.526034239861477, 63.057881135780505 ], [ 8.501985450486787, 63.048969805617574 ], [ 8.481506619488776, 63.07965530336516 ], [ 8.437200391883625, 63.0655388843303 ], [ 8.425162160148307, 63.046735160133295 ], [ 8.402801490626157, 63.05687282013516 ], [ 8.338320847078371, 63.03553468093769 ], [ 8.328607239402288, 63.04514093134268 ], [ 8.296809703163486, 63.038069095938155 ], [ 8.257509891205592, 63.020412804856846 ] ] ], [ [ [ 8.236265285914405, 63.489834611065675 ], [ 8.241732148686145, 63.498920965754905 ], [ 8.268239766223267, 63.500362614461054 ], [ 8.26671971169649, 63.49023139511324 ], [ 8.236265285914405, 63.489834611065675 ] ] ], [ [ [ 8.279866849971944, 63.67982803917456 ], [ 8.348562647532937, 63.691348002688855 ], [ 8.537262749839451, 63.710076209733906 ], [ 8.574010734714857, 63.70755001796441 ], [ 8.575717462604572, 63.7213845550895 ], [ 8.615078874561103, 63.723553641216185 ], [ 8.64742670159584, 63.73799658054754 ], [ 8.637293004750664, 63.74236120507075 ], [ 8.704095401059003, 63.762438477877524 ], [ 8.746096907719938, 63.77133966667789 ], [ 8.771217808846666, 63.784843550430004 ], [ 8.773057874852764, 63.804219838086084 ], [ 8.801112214539941, 63.79416797554778 ], [ 8.818819516395724, 63.79960391699941 ], [ 8.82257965127775, 63.75808707948923 ], [ 8.84330039456381, 63.74680518640347 ], [ 8.831913319424624, 63.731052859715156 ], [ 8.842740374474998, 63.71514181940781 ], [ 8.83484675798507, 63.702312468536554 ], [ 8.797058735801869, 63.68966828355416 ], [ 8.703402042853808, 63.68554172945949 ], [ 8.643426558104323, 63.67538405784183 ], [ 8.547263108568245, 63.66976295050134 ], [ 8.471820402318226, 63.66258115924041 ], [ 8.475553869576975, 63.672527212699364 ], [ 8.389417446392969, 63.67751346556376 ], [ 8.359176361597097, 63.663652476168835 ], [ 8.306214461769406, 63.662819229668955 ], [ 8.31106796920578, 63.67119137307257 ], [ 8.279866849971944, 63.67982803917456 ] ] ], [ [ [ 8.280026855711604, 63.51504362422095 ], [ 8.30824120113844, 63.52530710491796 ], [ 8.322401709098413, 63.51838983635541 ], [ 8.280026855711604, 63.51504362422095 ] ] ], [ [ [ 8.291733942330112, 63.44567254657173 ], [ 8.334002125223813, 63.45430921267372 ], [ 8.351949435689088, 63.45153172434077 ], [ 8.326641861199422, 63.43970755972334 ], [ 8.291733942330112, 63.44567254657173 ] ] ], [ [ [ 8.29624077066389, 63.479809200797206 ], [ 8.300800934244219, 63.49228144602566 ], [ 8.359443037829864, 63.51684237856991 ], [ 8.362403144013587, 63.52438127547364 ], [ 8.401577882607182, 63.542474628042584 ], [ 8.44120597079648, 63.55146839978739 ], [ 8.469073637120719, 63.550238369239935 ], [ 8.506861659303919, 63.560634111286134 ], [ 8.56230364809635, 63.55375652112834 ], [ 8.614225510616247, 63.566400706110734 ], [ 8.661373868569598, 63.56969401370552 ], [ 8.713802415931752, 63.559549568222785 ], [ 8.715109129472316, 63.56773654573754 ], [ 8.649240099978662, 63.57305345197491 ], [ 8.618225654107764, 63.5837269428544 ], [ 8.544116329021584, 63.593659770178434 ], [ 8.58502446312817, 63.61016598655712 ], [ 8.682441290958256, 63.621765306880924 ], [ 8.710362292529048, 63.629092585625955 ], [ 8.85308741230639, 63.64411747489374 ], [ 8.868794642416415, 63.636155341672605 ], [ 8.849513950787301, 63.61166053980295 ], [ 8.924396636948508, 63.623352443071184 ], [ 8.885168563108358, 63.626248966618405 ], [ 8.871621410483755, 63.63511047701402 ], [ 8.88698196149118, 63.64629978715534 ], [ 8.911649513022205, 63.640652227545004 ], [ 8.948370830274335, 63.65398417154318 ], [ 9.002106091177051, 63.64751659156787 ], [ 8.998185950555364, 63.636935683632814 ], [ 8.96757151903362, 63.62228112614276 ], [ 8.990158995949052, 63.615350631445295 ], [ 8.971731668264795, 63.59354073496416 ], [ 9.000986050999426, 63.580896549981766 ], [ 9.017599980300862, 63.599241199114175 ], [ 9.085789093019596, 63.60142351137578 ], [ 9.149764721260599, 63.58096268065636 ], [ 9.129764003803011, 63.56186414183358 ], [ 9.180939172871156, 63.57420412571284 ], [ 9.199099824322646, 63.56001248294495 ], [ 9.155871606990981, 63.54447177441533 ], [ 9.13515086370492, 63.53157629286948 ], [ 9.051894543834806, 63.510520286078716 ], [ 8.926956728783079, 63.491408521121016 ], [ 8.914156269610222, 63.48564192629641 ], [ 8.839006907216248, 63.47463778204395 ], [ 8.84172700479048, 63.48093342226531 ], [ 8.806285733455635, 63.484345765074366 ], [ 8.765670943205095, 63.47416164118687 ], [ 8.750310392197669, 63.47781205442446 ], [ 8.627479319384808, 63.4623771549742 ], [ 8.562730330068778, 63.43449646256532 ], [ 8.539449494948148, 63.42923246086763 ], [ 8.433525695292767, 63.42556882149512 ], [ 8.385123959045405, 63.42698401793143 ], [ 8.348375974169999, 63.44829132128565 ], [ 8.371470135927693, 63.4551424591736 ], [ 8.31272136184894, 63.45383307181664 ], [ 8.319814949640564, 63.46926797126691 ], [ 8.29624077066389, 63.479809200797206 ] ] ], [ [ [ 8.363416513698105, 63.58126688175949 ], [ 8.405978040447849, 63.59094841252007 ], [ 8.423445333694143, 63.583859204203584 ], [ 8.392830902172395, 63.56636102770598 ], [ 8.363416513698105, 63.58126688175949 ] ] ], [ [ [ 8.391577523878388, 63.674154027294385 ], [ 8.437392500667901, 63.67593955550842 ], [ 8.414191668417098, 63.66730288940643 ], [ 8.391577523878388, 63.674154027294385 ] ] ], [ [ [ 8.401604550230457, 63.56900625468975 ], [ 8.409818178199707, 63.57598965392688 ], [ 8.441099300303373, 63.57153244645924 ], [ 8.401604550230457, 63.56900625468975 ] ] ], [ [ [ 8.46192671408254, 63.585446340393844 ], [ 8.491234432063724, 63.58208690212446 ], [ 8.465340169861967, 63.57601610619672 ], [ 8.46192671408254, 63.585446340393844 ] ] ], [ [ [ 8.496834632951849, 63.14452668060506 ], [ 8.540809543735264, 63.15609954865903 ], [ 8.53968950355764, 63.14623285200959 ], [ 8.496834632951849, 63.14452668060506 ] ] ], [ [ [ 8.498061343622581, 63.56593779138858 ], [ 8.532489245272906, 63.58459986775904 ], [ 8.58353107622467, 63.586821858425395 ], [ 8.611532080665292, 63.566559419729764 ], [ 8.566570467820636, 63.5573143514215 ], [ 8.498061343622581, 63.56593779138858 ] ] ], [ [ [ 8.567717175621537, 63.74788972946682 ], [ 8.592331391906008, 63.75927743163192 ], [ 8.602971773593444, 63.75426472649769 ], [ 8.567717175621537, 63.74788972946682 ] ] ], [ [ [ 8.623052493920861, 63.624701508832906 ], [ 8.664547315739537, 63.633576245363436 ], [ 8.66126719807649, 63.62667220293581 ], [ 8.623052493920861, 63.624701508832906 ] ] ], [ [ [ 8.625985932481306, 63.783573841477796 ], [ 8.676867757693408, 63.79345376426216 ], [ 8.657187051715145, 63.78164282577965 ], [ 8.625985932481306, 63.783573841477796 ] ] ], [ [ [ 8.642013174070655, 63.86164771590361 ], [ 8.664200636636938, 63.8693717786962 ], [ 8.661667212425643, 63.85808988561045 ], [ 8.642013174070655, 63.86164771590361 ] ] ], [ [ [ 8.663640616548125, 63.76526887075015 ], [ 8.723829442283822, 63.80006683172157 ], [ 8.761457458727364, 63.80731475365708 ], [ 8.754497209052124, 63.790808537278394 ], [ 8.709988945803174, 63.769937696376495 ], [ 8.663640616548125, 63.76526887075015 ] ] ], [ [ [ 8.664013963274, 63.64017608668793 ], [ 8.7590040373859, 63.65053215032937 ], [ 8.805565707627164, 63.662171149057926 ], [ 8.86327444439812, 63.657396514352236 ], [ 8.833966726416936, 63.64313874090974 ], [ 8.739189993291252, 63.63857572436275 ], [ 8.674387668728668, 63.6285635402292 ], [ 8.664013963274, 63.64017608668793 ] ] ], [ [ [ 8.672040917880311, 63.78404998233488 ], [ 8.69153495049564, 63.80205075195939 ], [ 8.716975863101691, 63.799722952213685 ], [ 8.697215154253595, 63.78772684784231 ], [ 8.672040917880311, 63.78404998233488 ] ] ], [ [ [ 8.713269063466218, 63.767583444360945 ], [ 8.742470110954294, 63.7820263836923 ], [ 8.755163899634043, 63.77707980923266 ], [ 8.713269063466218, 63.767583444360945 ] ] ], [ [ [ 8.78708504469635, 63.807116361633305 ], [ 8.81031254457043, 63.81601755043367 ], [ 8.806365736325466, 63.80365111428457 ], [ 8.78708504469635, 63.807116361633305 ] ] ], [ [ [ 8.827353155844294, 63.7678347409244 ], [ 8.882608471273787, 63.78350771080321 ], [ 8.89535559520009, 63.77444780838381 ], [ 8.871221396134601, 63.760626497393645 ], [ 8.853380756162434, 63.7702948020193 ], [ 8.827353155844294, 63.7678347409244 ] ] ], [ [ [ 8.870768046538895, 63.73180674940553 ], [ 8.907169352311705, 63.74251991868977 ], [ 8.930876869404765, 63.73652847957155 ], [ 8.879915041322832, 63.7180118906852 ], [ 8.870768046538895, 63.73180674940553 ] ] ], [ [ [ 8.876794929399448, 63.43958852450907 ], [ 8.888555351264511, 63.4468496725795 ], [ 8.946797440501005, 63.45376694114205 ], [ 8.915943000369767, 63.444759943262326 ], [ 8.930290181692676, 63.433755799009866 ], [ 8.876794929399448, 63.43958852450907 ] ] ], [ [ [ 9.012879810980872, 63.62052205019856 ], [ 9.03021376611078, 63.63984543331496 ], [ 9.052747907779661, 63.64960632088505 ], [ 9.051761205718421, 63.66072950035178 ], [ 9.122937092244154, 63.66002851520108 ], [ 9.111336676118754, 63.647926601750356 ], [ 9.158271693085892, 63.653349317067075 ], [ 9.177659055208112, 63.64647172690929 ], [ 9.147364635165687, 63.62817998231655 ], [ 9.079228857693508, 63.610906650112575 ], [ 9.012879810980872, 63.62052205019856 ] ] ], [ [ [ 9.033520551397102, 63.67784411893673 ], [ 9.077148783077918, 63.683081668364586 ], [ 9.103709735861594, 63.67627020888139 ], [ 9.109123263386781, 63.66464443628775 ], [ 9.061734896823939, 63.66263406378009 ], [ 9.033520551397102, 63.67784411893673 ] ] ], [ [ [ 9.03370722476004, 63.45933514394287 ], [ 9.053494601231412, 63.46563078416423 ], [ 9.064775005877491, 63.456584107879756 ], [ 9.03370722476004, 63.45933514394287 ] ] ], [ [ [ 9.049334452000235, 63.97586861706256 ], [ 9.068561808382794, 63.985100459235895 ], [ 9.078908846214187, 63.97520731031661 ], [ 9.049334452000235, 63.97586861706256 ] ] ], [ [ [ 9.063841639062804, 63.504184967452595 ], [ 9.113070071631745, 63.51954051009335 ], [ 9.082588978226383, 63.50517692757151 ], [ 9.063841639062804, 63.504184967452595 ] ] ], [ [ [ 9.069308501834545, 63.9881292441323 ], [ 9.096402807083756, 63.98217748341884 ], [ 9.080935585583221, 63.97528666712613 ], [ 9.069308501834545, 63.9881292441323 ] ] ], [ [ [ 9.096589480446692, 63.48943782701811 ], [ 9.107976555585878, 63.498365468088316 ], [ 9.166111974329265, 63.50079907691338 ], [ 9.119736977450941, 63.48012662803526 ], [ 9.096589480446692, 63.48943782701811 ] ] ], [ [ [ 9.104189753080576, 63.98445237862487 ], [ 9.125497184078725, 63.985272398989835 ], [ 9.114563458535244, 63.97355404345176 ], [ 9.104189753080576, 63.98445237862487 ] ] ], [ [ [ 9.151444781527035, 64.00180506763837 ], [ 9.169418759615587, 64.01054754281971 ], [ 9.18024581466596, 63.99339324582999 ], [ 9.151444781527035, 64.00180506763837 ] ] ], [ [ [ 9.290116422566307, 63.56702233445192 ], [ 9.315290658939588, 63.5832375758624 ], [ 9.369612607554394, 63.58948031154408 ], [ 9.329477834522837, 63.57510350288732 ], [ 9.322170905744997, 63.56682394242814 ], [ 9.290116422566307, 63.56702233445192 ] ] ], [ [ [ 9.310170475270446, 63.638178940315186 ], [ 9.314890644590436, 63.646894963226686 ], [ 9.343851683469023, 63.64878630052008 ], [ 9.310170475270446, 63.638178940315186 ] ] ], [ [ [ 9.365799137425814, 63.654129659027284 ], [ 9.371692682169984, 63.66646964290655 ], [ 9.415774263446504, 63.68745951902272 ], [ 9.437028359198102, 63.67687861108766 ], [ 9.42849471974953, 63.65353448295594 ], [ 9.460015850462689, 63.64440844986195 ], [ 9.436815018211888, 63.63854927209292 ], [ 9.40870734327816, 63.649963426527854 ], [ 9.428388049256423, 63.6568806950904 ], [ 9.406520598169461, 63.66301762169273 ], [ 9.391106711915482, 63.64751659156787 ], [ 9.365799137425814, 63.654129659027284 ] ] ], [ [ [ 9.382626407713465, 63.79773903197586 ], [ 9.397080259529481, 63.81777662637787 ], [ 9.430254782885799, 63.82621490045608 ], [ 9.443988608873342, 63.81162647364062 ], [ 9.428148040646933, 63.79631060940463 ], [ 9.387319909410179, 63.786430686620264 ], [ 9.382626407713465, 63.79773903197586 ] ] ], [ [ [ 9.40105373539772, 63.54488178459781 ], [ 9.426281307017558, 63.5522487417476 ], [ 9.426201304147728, 63.54055683847936 ], [ 9.40105373539772, 63.54488178459781 ] ] ], [ [ [ 9.460469200058395, 63.823278698504105 ], [ 9.48943023893698, 63.83805229120843 ], [ 9.48156329007033, 63.82149317029006 ], [ 9.460469200058395, 63.823278698504105 ] ] ], [ [ [ 9.479243206845249, 63.81962828526651 ], [ 9.513537770379191, 63.829190780812816 ], [ 9.48684347947913, 63.81247294627543 ], [ 9.479243206845249, 63.81962828526651 ] ] ], [ [ [ 9.499350594795942, 63.64110191613224 ], [ 9.555192597937527, 63.64723884273458 ], [ 9.526604905784815, 63.63717375406136 ], [ 9.499350594795942, 63.64110191613224 ] ] ], [ [ [ 9.701437843987403, 63.85488916096009 ], [ 9.704904635013385, 63.862150309030525 ], [ 9.748399528577817, 63.87315445328298 ], [ 9.746692800688102, 63.86420035994294 ], [ 9.701437843987403, 63.85488916096009 ] ] ], [ [ [ 9.75159964337103, 63.923321183030076 ], [ 9.7690936042406, 63.93195784913207 ], [ 9.75973326847045, 63.9138512704282 ], [ 9.75159964337103, 63.923321183030076 ] ] ], [ [ [ 9.825228951238227, 63.881949833004 ], [ 9.827042349621049, 63.890520368431396 ], [ 9.863843669743009, 63.90037383894592 ], [ 9.864617030818035, 63.88754448807466 ], [ 9.825228951238227, 63.881949833004 ] ] ], [ [ [ 9.840402828882716, 64.0330981028563 ], [ 9.878457527298686, 64.03391812322127 ], [ 9.881177624872919, 64.04666811728302 ], [ 9.904325121877166, 64.05033175665552 ], [ 9.909898655142014, 64.03555816395121 ], [ 9.94259316127935, 64.02479209012728 ], [ 9.946219958044992, 64.00613001375682 ], [ 9.895711479558765, 63.9958533069249 ], [ 9.872697320670902, 64.00274412321761 ], [ 9.89077796925256, 64.01952808842958 ], [ 9.847976433893324, 64.02095651100082 ], [ 9.840402828882716, 64.0330981028563 ] ] ], [ [ [ 9.845256336319093, 64.00841813509778 ], [ 9.87371069035542, 64.0128621164305 ], [ 9.865923744358598, 64.00316735953501 ], [ 9.845256336319093, 64.00841813509778 ] ] ], [ [ [ 9.910138663751503, 63.92620448044238 ], [ 9.929259349640958, 63.93650763954414 ], [ 9.953153540096956, 63.934827920409454 ], [ 9.935659579227385, 63.922236639966734 ], [ 9.910138663751503, 63.92620448044238 ] ] ], [ [ [ 9.932219455824681, 64.06228818262214 ], [ 9.954273580274581, 64.07718081054074 ], [ 9.98726143026796, 64.08249771677811 ], [ 10.042410075204348, 64.0579764626386 ], [ 10.044570152689767, 64.0485594545764 ], [ 10.013129024846439, 64.04628455937036 ], [ 9.988061458966264, 64.03635173204633 ], [ 9.946593304770866, 64.04592745372756 ], [ 9.932219455824681, 64.06228818262214 ] ] ], [ [ [ 10.00094192100895, 64.16826920172666 ], [ 10.00558208745911, 64.17711748598735 ], [ 10.04065001206808, 64.18924585170791 ], [ 10.047103576901062, 64.18457702608157 ], [ 10.00094192100895, 64.16826920172666 ] ] ], [ [ [ 10.16116100165586, 64.16591494971111 ], [ 10.174201469438207, 64.17628423948747 ], [ 10.19206877703365, 64.1640103862828 ], [ 10.175108168629617, 64.15738409268847 ], [ 10.16116100165586, 64.16591494971111 ] ] ], [ [ [ 10.233590266475602, 64.25439779231803 ], [ 10.259004511458377, 64.26001889965853 ], [ 10.271351621035528, 64.25167320852476 ], [ 10.255724393795333, 64.2428513765339 ], [ 10.233590266475602, 64.25439779231803 ] ] ], [ [ [ 10.235723676337745, 64.22266829464778 ], [ 10.280711956805678, 64.21729848387074 ], [ 10.283645395366124, 64.2117964117445 ], [ 10.235723676337745, 64.22266829464778 ] ] ], [ [ [ 10.267804827139715, 64.28579663661532 ], [ 10.30199272018055, 64.29512106173308 ], [ 10.29569916108723, 64.28624632520255 ], [ 10.267804827139715, 64.28579663661532 ] ] ], [ [ [ 10.269004870187171, 64.29592785596314 ], [ 10.27588511699258, 64.30228962685909 ], [ 10.306126201788452, 64.29693304221696 ], [ 10.269004870187171, 64.29592785596314 ] ] ], [ [ [ 10.274845079684786, 64.26101085977744 ], [ 10.302872751748684, 64.26992527471273 ], [ 10.313139786710245, 64.26401319240402 ], [ 10.295139140998417, 64.24919992129495 ], [ 10.274845079684786, 64.26101085977744 ] ] ], [ [ [ 10.348261046565767, 64.32628183560183 ], [ 10.362768233628337, 64.33491850170383 ], [ 10.390715902822407, 64.32191721107863 ], [ 10.348261046565767, 64.32628183560183 ] ] ], [ [ [ 10.39028922084998, 64.33819858316369 ], [ 10.41581013632586, 64.34134640327437 ], [ 10.442691100588856, 64.33113582711704 ], [ 10.428050575409902, 64.32543536296703 ], [ 10.39028922084998, 64.33819858316369 ] ] ], [ [ [ 10.392289292595738, 64.36141044994622 ], [ 10.409783253465307, 64.37012647285773 ], [ 10.427703896307303, 64.36388373717605 ], [ 10.392289292595738, 64.36141044994622 ] ] ], [ [ [ 10.652805304386629, 64.48154343341389 ], [ 10.68395308837391, 64.47151802314542 ], [ 10.659738886438591, 64.46732533837616 ], [ 10.652805304386629, 64.48154343341389 ] ] ], [ [ [ 10.660538915136895, 64.85844860019557 ], [ 10.665765769299144, 64.86846078432912 ], [ 10.695580172122586, 64.87438609277275 ], [ 10.660538915136895, 64.85844860019557 ] ] ], [ [ [ 10.674699423096866, 64.53036109739926 ], [ 10.705287186995335, 64.5254674274793 ], [ 10.726221271267612, 64.53182919837525 ], [ 10.757129046645403, 64.51607687168693 ], [ 10.74371523213718, 64.51177837783831 ], [ 10.694620137684623, 64.51746561585341 ], [ 10.674699423096866, 64.53036109739926 ] ] ], [ [ [ 10.67483276121325, 64.54116684962794 ], [ 10.682726377703178, 64.55143033032495 ], [ 10.70915399237047, 64.55120548603132 ], [ 10.67483276121325, 64.54116684962794 ] ] ], [ [ [ 10.697446905751962, 64.50587952166453 ], [ 10.733208188566127, 64.50841893956894 ], [ 10.72960805942376, 64.49711059421334 ], [ 10.697446905751962, 64.50587952166453 ] ] ], [ [ [ 10.710034023938604, 64.87059019205104 ], [ 10.729341383190995, 64.88593250855688 ], [ 10.733128185696298, 64.87621129939154 ], [ 10.710034023938604, 64.87059019205104 ] ] ], [ [ [ 10.724941225350324, 64.86373905416309 ], [ 10.755155642522919, 64.87769262650245 ], [ 10.753955599475464, 64.8954950041032 ], [ 10.791450277802621, 64.90181709659439 ], [ 10.754302278578063, 64.90881372196644 ], [ 10.865452932395694, 64.93828155056558 ], [ 10.841238730460375, 64.90082513647548 ], [ 10.873586557495113, 64.92774032103527 ], [ 10.952282713784898, 64.95240706265888 ], [ 11.02769875241164, 64.96793454505358 ], [ 11.120422078545014, 64.98109454929781 ], [ 11.163170278657695, 64.97676960317935 ], [ 11.12524891835811, 64.965421579419 ], [ 11.045166045657933, 64.9593111050865 ], [ 11.076660508747814, 64.9562161895155 ], [ 11.051032922778823, 64.9340095089868 ], [ 10.925295079028793, 64.9042903838242 ], [ 10.91132124443176, 64.88815449922325 ], [ 10.828224930301305, 64.85683501173547 ], [ 10.749635444504626, 64.85087002488709 ], [ 10.736194962373126, 64.86410938594082 ], [ 10.78731679619472, 64.88544314156488 ], [ 10.806144138228127, 64.88445118144597 ], [ 10.829611646711697, 64.89725408004739 ], [ 10.724941225350324, 64.86373905416309 ] ] ], [ [ [ 10.725367907322752, 64.93670764051024 ], [ 10.759342459377375, 64.95071411738927 ], [ 10.752942229790946, 64.94076806393032 ], [ 10.725367907322752, 64.93670764051024 ] ] ], [ [ [ 10.7720629156804, 64.53149854500228 ], [ 10.796810470081255, 64.5390242157711 ], [ 10.849025676457195, 64.51505845929819 ], [ 10.779503182574622, 64.51832531462313 ], [ 10.7720629156804, 64.53149854500228 ] ] ], [ [ [ 10.794330381116513, 64.57161341221106 ], [ 10.83614521441451, 64.58244561670958 ], [ 10.841345400953482, 64.56423322892637 ], [ 10.81185100960936, 64.56105895654585 ], [ 10.794330381116513, 64.57161341221106 ] ] ], [ [ [ 10.79553042416397, 64.96372863414939 ], [ 10.812544367814557, 64.97809221667123 ], [ 10.877240021884031, 64.99576233292278 ], [ 10.905721043543636, 64.98075066978991 ], [ 10.842412105884552, 64.96646644407758 ], [ 10.85163910353832, 64.95991950729277 ], [ 10.821584692105386, 64.94761920181827 ], [ 10.820384649057932, 64.96670451450613 ], [ 10.79553042416397, 64.96372863414939 ] ] ], [ [ [ 10.832118403299715, 64.843714685896 ], [ 10.838491965262865, 64.85252329175194 ], [ 10.959189628213585, 64.9050574996495 ], [ 11.03897915705772, 64.92857356753517 ], [ 11.070660293510537, 64.93193300580454 ], [ 11.122955502756309, 64.96247215133211 ], [ 11.156530040461778, 64.96460155905403 ], [ 11.150929839573653, 64.95641458153929 ], [ 11.183651013334266, 64.9411780741128 ], [ 11.22223906421577, 64.94402169312035 ], [ 11.208771914460995, 64.93217107623309 ], [ 11.258507031872195, 64.91070505925984 ], [ 11.252026799415937, 64.90087804101515 ], [ 11.295895039706243, 64.90770272663326 ], [ 11.302401939785778, 64.90040190015807 ], [ 11.263333871685292, 64.87103988063829 ], [ 11.154209957236697, 64.82858398754887 ], [ 11.124502224906362, 64.82964207834237 ], [ 11.125115580241726, 64.84158527817407 ], [ 11.083220744073902, 64.82849140460443 ], [ 11.10130139265556, 64.84159850430899 ], [ 11.0862075178809, 64.85031452722049 ], [ 11.111515092370567, 64.85918926375102 ], [ 11.058926539268752, 64.85432204610089 ], [ 11.072687032879571, 64.87011405119397 ], [ 11.107221605023007, 64.8865805891679 ], [ 11.090927687200892, 64.89284977711942 ], [ 11.035805709887782, 64.88970195700874 ], [ 11.050712911299502, 64.90204194088801 ], [ 11.00391123244875, 64.8898738967627 ], [ 10.998871051649438, 64.88183240673204 ], [ 10.910921230082607, 64.85555207664835 ], [ 10.870759789427773, 64.85260264856144 ], [ 10.87185316198212, 64.84044783057105 ], [ 10.832118403299715, 64.843714685896 ] ] ], [ [ [ 10.852492467483177, 64.51803433965492 ], [ 10.87483993578912, 64.52742489544728 ], [ 10.892200558542307, 64.5120429005367 ], [ 10.878093385828889, 64.50675244656917 ], [ 10.852492467483177, 64.51803433965492 ] ] ], [ [ [ 10.86681298118281, 64.96507769991112 ], [ 10.871399812386416, 64.97214045595777 ], [ 10.95500281135913, 64.98962540632044 ], [ 10.941295652994864, 64.97998355396463 ], [ 10.958122923282513, 64.97020944025962 ], [ 10.926948471671954, 64.96376831255415 ], [ 10.930068583595338, 64.97257691841008 ], [ 10.876093314083128, 64.9598666027531 ], [ 10.86681298118281, 64.96507769991112 ] ] ], [ [ [ 10.868919723421676, 64.60596168459526 ], [ 10.88686703388695, 64.61391059168146 ], [ 10.899614157813252, 64.59936184327076 ], [ 10.874119909960648, 64.59490463580312 ], [ 10.868919723421676, 64.60596168459526 ] ] ], [ [ [ 10.876973345651264, 64.98774729516198 ], [ 10.882200199813512, 64.99651622261315 ], [ 10.905747711166912, 64.99092156754249 ], [ 10.876973345651264, 64.98774729516198 ] ] ], [ [ [ 10.887133710119718, 64.55747467398285 ], [ 10.904120986147028, 64.56068862476812 ], [ 10.928975211040989, 64.54766088187309 ], [ 10.893187260603547, 64.54961834984107 ], [ 10.887133710119718, 64.55747467398285 ] ] ], [ [ [ 10.981590431766083, 64.85846182633048 ], [ 10.985643910504153, 64.87010082505905 ], [ 11.017031703100926, 64.87801005374051 ], [ 11.010524803021392, 64.86782592985301 ], [ 10.981590431766083, 64.85846182633048 ] ] ], [ [ [ 10.998204361067518, 63.74728132726055 ], [ 11.031218878684175, 63.771524832566755 ], [ 11.039379171406871, 63.79230309052422 ], [ 11.053699685106503, 63.800450389634214 ], [ 11.077460537446116, 63.794816056158794 ], [ 11.153836610510822, 63.80525147660975 ], [ 11.197278168828701, 63.8172343548462 ], [ 11.225279173269323, 63.81802792294133 ], [ 11.227999270843554, 63.80560858225256 ], [ 11.198638217615816, 63.79285858819081 ], [ 11.151943209258171, 63.8015613849674 ], [ 11.139089414838761, 63.78852041593744 ], [ 11.081914030533339, 63.76356269934562 ], [ 11.052526309682325, 63.76008422586197 ], [ 11.036445732846424, 63.74425254236414 ], [ 10.998204361067518, 63.74728132726055 ] ] ], [ [ [ 11.021751872420918, 64.98323718315466 ], [ 11.05812651057045, 64.99040574828066 ], [ 11.06308668849993, 64.98134584586127 ], [ 11.021751872420918, 64.98323718315466 ] ] ], [ [ [ 11.024098623269275, 64.86979662395592 ], [ 11.061139952000726, 64.88244080893831 ], [ 11.046019409602788, 64.86290580766321 ], [ 11.02529866631673, 64.85884538424312 ], [ 11.024098623269275, 64.86979662395592 ] ] ], [ [ [ 11.024258629008933, 65.01220241862687 ], [ 11.059966576576546, 65.01806159639591 ], [ 11.060473261418807, 65.01084012673024 ], [ 11.024258629008933, 65.01220241862687 ] ] ], [ [ [ 11.028338775370283, 64.61897620135537 ], [ 11.03772577876371, 64.63214943173452 ], [ 11.068820227504439, 64.63533693024995 ], [ 11.07394041117358, 64.65185637276356 ], [ 11.099487994272739, 64.65283510674756 ], [ 11.129062388486691, 64.64169870114591 ], [ 11.157116728173866, 64.61701873338738 ], [ 11.235012855765348, 64.61078922384063 ], [ 11.285414663758468, 64.58162559634462 ], [ 11.268267381991496, 64.5444469310878 ], [ 11.297788440958897, 64.53706674780311 ], [ 11.341576678379372, 64.54012198496935 ], [ 11.337549867264578, 64.55002836002355 ], [ 11.382138133383359, 64.549142208984 ], [ 11.453074011299602, 64.5240654571779 ], [ 11.423099602736498, 64.4928650049044 ], [ 11.41603268256815, 64.47463939098627 ], [ 11.394725251570001, 64.47418970239903 ], [ 11.390938449064699, 64.48783907363524 ], [ 11.310455562015367, 64.48074986531876 ], [ 11.28597468384728, 64.49759996120534 ], [ 11.287974755593039, 64.50996639735443 ], [ 11.25397353591514, 64.51672495229795 ], [ 11.197011492595934, 64.50554886829156 ], [ 11.16173022700075, 64.52425062306676 ], [ 11.132689185252334, 64.5639025755534 ], [ 11.197758186047682, 64.58552730614566 ], [ 11.221679044126958, 64.56726201382277 ], [ 11.223439107263225, 64.58741864343907 ], [ 11.18842451790081, 64.59043420220056 ], [ 11.106581582064363, 64.58464115510611 ], [ 11.032978941820442, 64.59866085812006 ], [ 11.028338775370283, 64.61897620135537 ] ] ], [ [ [ 11.058393186803215, 64.97747058833005 ], [ 11.1112484161378, 64.98617338510664 ], [ 11.100448028710703, 64.97998355396463 ], [ 11.058393186803215, 64.97747058833005 ] ] ], [ [ [ 11.088874280208579, 65.00219023449333 ], [ 11.109861699727407, 65.02274364815717 ], [ 11.137436022195601, 65.01579992732479 ], [ 11.136022638161931, 65.00122472664425 ], [ 11.088874280208579, 65.00219023449333 ] ] ], [ [ [ 11.118582012538916, 64.73745591795819 ], [ 11.133729222560127, 64.74930653484545 ], [ 11.162290247089562, 64.74808973043291 ], [ 11.118582012538916, 64.73745591795819 ] ] ], [ [ [ 11.153756607640991, 64.65858847543724 ], [ 11.21031863661105, 64.67955189928358 ], [ 11.290268171194842, 64.68772565066341 ], [ 11.329229568802223, 64.68826792219508 ], [ 11.292214907694047, 64.68031901510886 ], [ 11.342563380440613, 64.68050418099773 ], [ 11.358270610550639, 64.67486984752232 ], [ 11.353737114593585, 64.6485762913037 ], [ 11.339016586544801, 64.63468884963893 ], [ 11.34632351532264, 64.62160820220421 ], [ 11.31384235017152, 64.59474592218409 ], [ 11.273360898037362, 64.6144264109433 ], [ 11.254106874031525, 64.63322074866295 ], [ 11.230719368417788, 64.6298216319888 ], [ 11.165810373362097, 64.6487879094624 ], [ 11.201704994292648, 64.65635325863596 ], [ 11.153756607640991, 64.65858847543724 ] ] ], [ [ [ 11.15524999454449, 64.81337393239222 ], [ 11.214505453465502, 64.83481349709564 ], [ 11.248293332157186, 64.83640063328589 ], [ 11.173223972633043, 64.81127097694012 ], [ 11.15524999454449, 64.81337393239222 ] ] ], [ [ [ 11.181757612081615, 64.74070954714821 ], [ 11.259760410166203, 64.7545440842733 ], [ 11.27520096404346, 64.7489229769328 ], [ 11.250213401033115, 64.73815690310887 ], [ 11.20781188002303, 64.73149093110979 ], [ 11.181757612081615, 64.74070954714821 ] ] ], [ [ [ 11.190237916283632, 64.4550647113064 ], [ 11.209811951768788, 64.46977217333614 ], [ 11.216158846108662, 64.49006106430161 ], [ 11.26741401804664, 64.48881780761924 ], [ 11.276027660365042, 64.48410930358814 ], [ 11.256293619140221, 64.46233908551176 ], [ 11.190237916283632, 64.4550647113064 ] ] ], [ [ [ 11.196558143000228, 64.8369693570874 ], [ 11.225839193358135, 64.85159746230762 ], [ 11.248133326417527, 64.85433527223582 ], [ 11.25962707204982, 64.84347661546747 ], [ 11.196558143000228, 64.8369693570874 ] ] ], [ [ [ 11.242933139878552, 64.7861016421896 ], [ 11.281547858383334, 64.80164235071922 ], [ 11.312108954658527, 64.79898389760055 ], [ 11.302001925436628, 64.78841621580041 ], [ 11.242933139878552, 64.7861016421896 ] ] ], [ [ [ 11.26069377698089, 64.45695604859979 ], [ 11.2952550167476, 64.46318555814656 ], [ 11.298588469657199, 64.45550117375873 ], [ 11.26069377698089, 64.45695604859979 ] ] ], [ [ [ 11.278161070227183, 64.85723179578304 ], [ 11.291441546619021, 64.87513998246312 ], [ 11.318669189984616, 64.88763867996141 ], [ 11.35088367890297, 64.89378883269866 ], [ 11.355177166250531, 64.90224033291179 ], [ 11.463794395856869, 64.93746153020061 ], [ 11.460194266714502, 64.92977714581278 ], [ 11.520943112539014, 64.90690915853813 ], [ 11.541663855825075, 64.88697737321547 ], [ 11.569371516409651, 64.8809594818274 ], [ 11.536783680765422, 64.87478287682032 ], [ 11.509156023050675, 64.87709745043111 ], [ 11.416726040773346, 64.87031244321776 ], [ 11.3131756595896, 64.85807826841784 ], [ 11.278161070227183, 64.85723179578304 ] ] ], [ [ [ 11.279574454260853, 64.9175032926081 ], [ 11.28773474698355, 64.92828259256694 ], [ 11.323389359304606, 64.9415219536207 ], [ 11.366430903273335, 64.94794985519124 ], [ 11.36771094919062, 64.9417467979143 ], [ 11.322162648633874, 64.91413062820381 ], [ 11.283201251026496, 64.90735884712538 ], [ 11.279574454260853, 64.9175032926081 ] ] ], [ [ [ 11.290161500701736, 64.88237467826372 ], [ 11.308828836995485, 64.89856346740436 ], [ 11.313442335822366, 64.88942420817546 ], [ 11.290161500701736, 64.88237467826372 ] ] ], [ [ [ 11.300001853690869, 64.45185076052113 ], [ 11.336749838566275, 64.4623655377816 ], [ 11.341283334523329, 64.44042337995127 ], [ 11.300001853690869, 64.45185076052113 ] ] ], [ [ [ 11.342536712817337, 64.57091242706036 ], [ 11.357203905619567, 64.58769639227236 ], [ 11.384111537505841, 64.59493108807295 ], [ 11.368004293046663, 64.60147802485777 ], [ 11.358430616290299, 64.63863023784474 ], [ 11.373871170167558, 64.63997930360647 ], [ 11.3745111931262, 64.61826199006975 ], [ 11.392965188433733, 64.60658331293644 ], [ 11.391685142516447, 64.62916032524286 ], [ 11.44504705669329, 64.59268264513675 ], [ 11.4781149095565, 64.58338467228882 ], [ 11.482888414123044, 64.55177420983284 ], [ 11.436913431593872, 64.54013521110427 ], [ 11.384778228087761, 64.55304391878504 ], [ 11.371924433668351, 64.56113831335536 ], [ 11.34267005093372, 64.56193188145049 ], [ 11.342536712817337, 64.57091242706036 ] ] ], [ [ [ 11.393925222871697, 64.94859793580225 ], [ 11.42251291502441, 64.95058185604009 ], [ 11.454567398203102, 64.96166535710206 ], [ 11.46270102330252, 64.9515076854844 ], [ 11.440700234099175, 64.94067548098589 ], [ 11.400992143040044, 64.93845349031952 ], [ 11.393925222871697, 64.94859793580225 ] ] ], [ [ [ 11.490515354380204, 64.80006844066389 ], [ 11.512969493179256, 64.80561019119487 ], [ 11.540090466051744, 64.80145718483037 ], [ 11.490515354380204, 64.80006844066389 ] ] ], [ [ [ 11.515476249767273, 65.05369280386722 ], [ 11.547477397699414, 65.09371508813157 ], [ 11.56539804054141, 65.10354210637627 ], [ 11.629160327796198, 65.11002291248649 ], [ 11.646227606693339, 65.11831569908058 ], [ 11.708656512784287, 65.11724438215217 ], [ 11.715030074747439, 65.10727187642337 ], [ 11.744311125105346, 65.10709993666943 ], [ 11.790152769518135, 65.12168836348489 ], [ 11.770792075019191, 65.10190206564633 ], [ 11.644947560776053, 65.06444565155623 ], [ 11.599585933582246, 65.0408899052658 ], [ 11.540970497619877, 65.04070473937693 ], [ 11.550330833390028, 65.0511533859628 ], [ 11.515476249767273, 65.05369280386722 ] ] ], [ [ [ 11.52139646213472, 64.55777887508599 ], [ 11.575905084112463, 64.55566269349897 ], [ 11.56025118924899, 64.54210590520718 ], [ 11.52139646213472, 64.55777887508599 ] ] ], [ [ [ 11.6183599403691, 65.01142207666666 ], [ 11.642200795578546, 65.02049520522098 ], [ 11.679748809152255, 65.02384141735544 ], [ 11.675241980818479, 65.01524442965821 ], [ 11.634200508595509, 65.0080097338576 ], [ 11.6183599403691, 65.01142207666666 ] ] ], [ [ [ 11.646174271446785, 65.03854887938517 ], [ 11.674308614003792, 65.0656889082386 ], [ 11.709509876729143, 65.06731572283361 ], [ 11.706656441038529, 65.05695965919217 ], [ 11.680735511213495, 65.04342932317022 ], [ 11.646174271446785, 65.03854887938517 ] ] ], [ [ [ 11.646787626782151, 64.8037320800364 ], [ 11.688762465819806, 64.80486952763943 ], [ 11.656574644524731, 64.79740998754521 ], [ 11.646787626782151, 64.8037320800364 ] ] ], [ [ [ 11.68625570923179, 65.12756076738884 ], [ 11.713456684974108, 65.13856491164131 ], [ 11.737057531574061, 65.13856491164131 ], [ 11.68625570923179, 65.12756076738884 ] ] ], [ [ [ 11.92384058403903, 65.06783977739472 ], [ 11.849434896062423, 65.03770240675037 ], [ 11.75289809980047, 65.01073431765089 ], [ 11.73913760618965, 65.02567985010916 ], [ 11.746897884563193, 65.03792725104398 ], [ 11.857301844929076, 65.11422882339068 ], [ 11.938723010105, 65.1489496488234 ], [ 11.935953319701643, 65.12663144462891 ], [ 11.960195827747935, 65.11682080591743 ], [ 11.925441477187238, 65.0970639768258 ], [ 11.923994068407037, 65.09489226899284 ], [ 11.917107260364286, 65.07989465187838 ], [ 11.878612592907217, 65.0663641459888 ], [ 11.92384058403903, 65.06783977739472 ] ] ], [ [ [ 11.741511024661284, 64.78868073849878 ], [ 11.78788602153961, 64.77832467485734 ], [ 11.758764976921363, 64.77753110676221 ], [ 11.741511024661284, 64.78868073849878 ] ] ] ] } },
{ "type": "Feature", "properties": { "ISO": "NO-18", "NAME_1": "Nordland" }, "geometry": { "type": "MultiPolygon", "coordinates": [ [ [ [ 11.70572307422384, 65.66827161514014 ], [ 11.723617049442563, 65.67864090491649 ], [ 11.753751463745328, 65.6702158569732 ], [ 11.72596380029092, 65.65960849676831 ], [ 11.70572307422384, 65.66827161514014 ] ] ], [ [ [ 11.744604468961391, 65.6143486630761 ], [ 11.762285103193896, 65.6217288463608 ], [ 11.788312703512037, 65.6608649795856 ], [ 11.821460559245079, 65.6929119044939 ], [ 11.85410173013586, 65.70507994861921 ], [ 11.887382923985285, 65.7095636083567 ], [ 11.941758207846647, 65.70490800886527 ], [ 12.005253818868665, 65.70796324603153 ], [ 12.0323214564946, 65.67536082345663 ], [ 12.005360489361772, 65.67815153792449 ], [ 12.029281347441046, 65.6614204772522 ], [ 11.999626950357264, 65.6520828259995 ], [ 11.992320021579426, 65.63266685993867 ], [ 11.94205155170269, 65.60382065968072 ], [ 11.907116965210104, 65.58880899654785 ], [ 11.891756414202678, 65.60039509073674 ], [ 11.84954156655553, 65.5959378832691 ], [ 11.814473641946561, 65.6145602812348 ], [ 11.790099434271582, 65.60878046027527 ], [ 11.744604468961391, 65.6143486630761 ] ] ], [ [ [ 11.92384058403903, 65.06783977739472 ], [ 11.878612592907217, 65.0663641459888 ], [ 11.917107260364286, 65.07989465187838 ], [ 11.923994068407037, 65.09489226899284 ], [ 11.997280199508907, 65.10859448991525 ], [ 12.010454005407638, 65.10122753276546 ], [ 11.975519418915052, 65.084033557371 ], [ 11.92384058403903, 65.06783977739472 ] ] ], [ [ [ 11.925441477187238, 65.0970639768258 ], [ 11.960195827747935, 65.11682080591743 ], [ 11.935953319701643, 65.12663144462891 ], [ 11.938723010105, 65.1489496488234 ], [ 12.009920652942103, 65.16693497104218 ], [ 12.033948181514482, 65.15130167956814 ], [ 12.004480457793639, 65.11491658240645 ], [ 11.925441477187238, 65.0970639768258 ] ] ], [ [ [ 11.92349088590205, 67.46131227381504 ], [ 11.94554501035195, 67.46959183427423 ], [ 11.943891617708788, 67.45739733787907 ], [ 11.92349088590205, 67.46131227381504 ] ] ], [ [ [ 11.960961592515728, 65.07715728236359 ], [ 12.002293712684942, 65.08962821244167 ], [ 12.039575050025885, 65.08642748779131 ], [ 12.042588491456161, 65.07642852979268 ], [ 12.06829608029498, 65.07872987726856 ], [ 12.071789538944238, 65.08924465452901 ], [ 12.054108904711732, 65.10811834905817 ], [ 12.086270058383532, 65.13338026675312 ], [ 12.101737279884066, 65.11343525529554 ], [ 12.124991447381419, 65.12126512716749 ], [ 12.107950836107555, 65.13558903128457 ], [ 12.120617957164027, 65.15561339955167 ], [ 12.11528443250867, 65.18666836434106 ], [ 12.148992308330524, 65.19178687855465 ], [ 12.160032704367111, 65.20046322306139 ], [ 12.210834526709384, 65.21374226251989 ], [ 12.231101920399738, 65.21228738767883 ], [ 12.260836320353352, 65.19490824639549 ], [ 12.271796713520109, 65.16630011656608 ], [ 12.292677462545829, 65.16903792649427 ], [ 12.296757608907178, 65.15262429306001 ], [ 12.261796354791315, 65.13449126208631 ], [ 12.243049015627737, 65.1091896659866 ], [ 12.274063461498635, 65.11736341736643 ], [ 12.336119020863709, 65.11360719504948 ], [ 12.315611618563864, 65.08949595109247 ], [ 12.258649575244654, 65.07023869865067 ], [ 12.179046719763459, 65.05443346742268 ], [ 12.130271636790223, 65.05120629050248 ], [ 12.081363215700602, 65.06740830577805 ], [ 11.981919510033874, 65.07081941244235 ], [ 11.960961592515728, 65.07715728236359 ] ] ], [ [ [ 11.964399020008635, 65.2131867648533 ], [ 11.975066069319347, 65.2320869116523 ], [ 12.01490749849486, 65.2408029345638 ], [ 12.041148439799215, 65.20841213014761 ], [ 12.013494114461192, 65.203134902315 ], [ 11.964399020008635, 65.2131867648533 ] ] ], [ [ [ 11.989839932614686, 66.03654011581983 ], [ 12.025387874442636, 66.05680255451546 ], [ 12.020907713732136, 66.04751780780245 ], [ 11.989839932614686, 66.03654011581983 ] ] ], [ [ [ 11.99909359789173, 65.39277122478107 ], [ 12.009787314825719, 65.40328600204154 ], [ 12.035921585636967, 65.39945042291508 ], [ 12.008213925052388, 65.38770561510717 ], [ 11.99909359789173, 65.39277122478107 ] ] ], [ [ [ 11.999653617980542, 66.50584306114439 ], [ 12.033548167165332, 66.50572402593014 ], [ 12.056615661299748, 66.51437391816704 ], [ 12.06472261877589, 66.50582983500948 ], [ 12.029841367529858, 66.49114882524958 ], [ 12.036721614335269, 66.50381946250181 ], [ 11.999653617980542, 66.50584306114439 ] ] ], [ [ [ 12.034961551199, 65.6744349940123 ], [ 12.096990442940797, 65.6944593622794 ], [ 12.124351424422777, 65.69469743270794 ], [ 12.134138442165355, 65.68444717814586 ], [ 12.11032425457919, 65.66989842973516 ], [ 12.06008245232573, 65.66477991552156 ], [ 12.034961551199, 65.6744349940123 ] ] ], [ [ [ 12.187337099327811, 65.00011129823447 ], [ 12.134321239422903, 65.02179386928705 ], [ 12.114119149384326, 65.00425735259027 ], [ 12.085061348643906, 64.9999515722669 ], [ 12.049555483548708, 65.01506268106 ], [ 12.03674237712698, 65.04403131703307 ], [ 12.046003770536315, 65.06248900397357 ], [ 12.074029619299488, 65.06496147081806 ], [ 12.13195169705666, 65.04690779665387 ], [ 12.168112994219978, 65.04620681150317 ], [ 12.184593585405029, 65.0382843566868 ], [ 12.197500715070992, 65.01800869185624 ], [ 12.187337099327811, 65.00011129823447 ] ] ], [ [ [ 12.037308302047357, 65.41880025830132 ], [ 12.108884202922244, 65.44702483021808 ], [ 12.089443505553469, 65.4303202218156 ], [ 12.11877789115793, 65.44344054765507 ], [ 12.129364937598812, 65.46814696768344 ], [ 12.15168573828148, 65.48051340383253 ], [ 12.178273358688433, 65.47319935122243 ], [ 12.132378379029088, 65.4386130084097 ], [ 12.103230666787564, 65.3925860588922 ], [ 12.072482897149435, 65.38934565583709 ], [ 12.085416694438674, 65.41566566432554 ], [ 12.045788606249374, 65.39935783997065 ], [ 12.037308302047357, 65.41880025830132 ] ] ], [ [ [ 12.182159250186393, 64.9814783829849 ], [ 12.181953490700629, 64.98975766766964 ], [ 12.211954566887009, 64.9954978102244 ], [ 12.214994675940561, 65.01572057051528 ], [ 12.170753088924378, 65.04795266131245 ], [ 12.248435875529648, 65.06082169058847 ], [ 12.252409351397887, 65.05430120607349 ], [ 12.322065183396845, 65.06842671816679 ], [ 12.32990546464022, 65.08163962695069 ], [ 12.364333366290545, 65.08456260276776 ], [ 12.384627427604176, 65.0933844347586 ], [ 12.43092242161267, 65.0758069014515 ], [ 12.477590762347042, 65.08532971859304 ], [ 12.495004720346781, 65.10592281066165 ], [ 12.481644241085112, 65.10846222856607 ], [ 12.438682699986217, 65.08756493539433 ], [ 12.399027944173639, 65.09880715007533 ], [ 12.429135690853126, 65.101954970186 ], [ 12.449643093152973, 65.11170263162117 ], [ 12.506471798355797, 65.11828924681075 ], [ 12.542473089779453, 65.13278509068178 ], [ 12.587141358768065, 65.13307606564999 ], [ 12.604981998740232, 65.14687092437032 ], [ 12.647170178764103, 65.15970027524159 ], [ 12.659437285471423, 65.15295494643298 ], [ 12.66410411954486, 65.17210638979543 ], [ 12.70845237705415, 65.192871421618 ], [ 12.759227531773146, 65.20632240083043 ], [ 12.790455318630258, 65.22212763205843 ], [ 12.813176133662076, 65.2443872171268 ], [ 12.858751101842099, 65.2748073274401 ], [ 12.917713216907064, 65.29558558539756 ], [ 12.929553641641956, 65.3062987546818 ], [ 12.959501382581784, 65.31350699821257 ], [ 12.963768202306067, 65.32281819719542 ], [ 12.943527476238991, 65.33316103470193 ], [ 12.853684253419509, 65.2873986078828 ], [ 12.832830172017065, 65.28013745981238 ], [ 12.802749092960852, 65.25461101941906 ], [ 12.76498773840093, 65.23917611996879 ], [ 12.73015982240145, 65.21525004190063 ], [ 12.629729553141086, 65.18501509747621 ], [ 12.493644671559665, 65.13389608601496 ], [ 12.416228561187165, 65.13964945470465 ], [ 12.353132964514296, 65.15685665623404 ], [ 12.35774646334118, 65.17135250010506 ], [ 12.401241356905611, 65.1888771288725 ], [ 12.454229924356579, 65.18307085564314 ], [ 12.511165300052511, 65.1962573121572 ], [ 12.478524129161729, 65.19492147253041 ], [ 12.457643380136009, 65.20859729603647 ], [ 12.4238821690676, 65.20829309493334 ], [ 12.445669617284732, 65.22104308899507 ], [ 12.423135475615851, 65.23088333337469 ], [ 12.357106440382537, 65.22116212420934 ], [ 12.334305622480887, 65.22847617681946 ], [ 12.382254009132543, 65.24719115772959 ], [ 12.440976115588018, 65.2488841029992 ], [ 12.444576244730385, 65.26341962527499 ], [ 12.362946649880152, 65.2683529735997 ], [ 12.326225332628024, 65.25593363291094 ], [ 12.314491578386239, 65.25922694050573 ], [ 12.273343435670162, 65.22700807584347 ], [ 12.251262643596986, 65.23698058157225 ], [ 12.310491434894722, 65.25782497020433 ], [ 12.327158699442709, 65.27027076316294 ], [ 12.33742573440427, 65.29278164479477 ], [ 12.382974034961016, 65.31087499736373 ], [ 12.421188739116646, 65.30763459430861 ], [ 12.445322938182134, 65.3120521233715 ], [ 12.44286951684067, 65.32220979498915 ], [ 12.467857079851015, 65.32404822774286 ], [ 12.450683130460767, 65.33203681323384 ], [ 12.428629006010869, 65.31867841696582 ], [ 12.406041529095432, 65.32100621671154 ], [ 12.439189384828474, 65.34105703724848 ], [ 12.422015435438226, 65.34698234569211 ], [ 12.448976402571054, 65.35204795536602 ], [ 12.46881711428898, 65.37117294645863 ], [ 12.417028589885469, 65.358568439881 ], [ 12.335318992165405, 65.32383660958416 ], [ 12.242809007018245, 65.31769968298184 ], [ 12.228408490448784, 65.32550310258394 ], [ 12.238115505321531, 65.29988407924618 ], [ 12.271103355314914, 65.29107547339025 ], [ 12.266009839269046, 65.27512475467815 ], [ 12.246942488626146, 65.27054851199624 ], [ 12.207021056580803, 65.24527336816637 ], [ 12.156912592443728, 65.22995750393036 ], [ 12.138031915163767, 65.23079075043026 ], [ 12.10096391880904, 65.21548811232918 ], [ 12.053682222739303, 65.20874278352058 ], [ 12.040455081594018, 65.21651975085284 ], [ 12.10211062660994, 65.23850158708792 ], [ 12.10277731719186, 65.2638560877273 ], [ 12.119151237883806, 65.27042947678197 ], [ 12.145525517304542, 65.30763459430861 ], [ 12.085416694438674, 65.30506872413436 ], [ 12.127444868722883, 65.33331974832096 ], [ 12.125631470340062, 65.34862238642204 ], [ 12.142778752107034, 65.35306636775476 ], [ 12.154139159622943, 65.372416203141 ], [ 12.172299811074431, 65.36462600967381 ], [ 12.195820654804555, 65.36703316622904 ], [ 12.195287302339018, 65.34519681747807 ], [ 12.215874707508696, 65.35179665880256 ], [ 12.191980517052698, 65.37158295664112 ], [ 12.238728860656899, 65.38081479881446 ], [ 12.23216862533081, 65.36724478438774 ], [ 12.276276874230607, 65.3927183202414 ], [ 12.2410222762587, 65.38346002579821 ], [ 12.186433651411127, 65.37598725956909 ], [ 12.168219664713085, 65.39064181705913 ], [ 12.19942078394692, 65.41585083021441 ], [ 12.274276802484849, 65.44193276827433 ], [ 12.342545918073412, 65.45966901520048 ], [ 12.354066331328983, 65.46794857565965 ], [ 12.327265369935816, 65.46835858584214 ], [ 12.339825820499183, 65.4899700902995 ], [ 12.262543048243066, 65.46617627358053 ], [ 12.277396914408232, 65.47928337328509 ], [ 12.23664878604131, 65.46625563039005 ], [ 12.247102494365809, 65.4813334241975 ], [ 12.282623768570483, 65.49600120782247 ], [ 12.229475195379855, 65.48392574664159 ], [ 12.230568567934203, 65.46683758032647 ], [ 12.18318020137136, 65.44539801562307 ], [ 12.19552731094851, 65.46329297616823 ], [ 12.235262069630917, 65.49530022267177 ], [ 12.241075611505256, 65.5226518696839 ], [ 12.260782985106797, 65.54569179671249 ], [ 12.241715634463898, 65.53606317049159 ], [ 12.256462830135959, 65.5717605086375 ], [ 12.291957436717357, 65.58841221250029 ], [ 12.324278596128817, 65.5775271034621 ], [ 12.318331716138095, 65.55604786035393 ], [ 12.324891951464183, 65.53911840765784 ], [ 12.387214187062025, 65.51740109412113 ], [ 12.451056477186643, 65.47998435843579 ], [ 12.45505662067816, 65.4630549057397 ], [ 12.433402510577412, 65.45088686161438 ], [ 12.446202969750267, 65.42116773645178 ], [ 12.47537734961507, 65.41685601646824 ], [ 12.482310931667032, 65.40306115774791 ], [ 12.512685354579286, 65.39927848316113 ], [ 12.498711519982253, 65.41593018702393 ], [ 12.469510472494175, 65.4301086036569 ], [ 12.455589973143695, 65.45186559559836 ], [ 12.484417673905899, 65.46070065372415 ], [ 12.494418032634691, 65.45227560578086 ], [ 12.538739622520705, 65.4437315226233 ], [ 12.513965400496573, 65.45375693289176 ], [ 12.548073290667578, 65.45084718320962 ], [ 12.569807403638155, 65.43779298804473 ], [ 12.557220285451514, 65.41936898210282 ], [ 12.576020959861648, 65.41709408689678 ], [ 12.58047445294887, 65.439380124235 ], [ 12.603515279460009, 65.43694651540994 ], [ 12.632662991701533, 65.41114232618331 ], [ 12.709945763957649, 65.36479794942775 ], [ 12.696798625682195, 65.38043124090181 ], [ 12.629302871168658, 65.42010964565827 ], [ 12.610502196758528, 65.4345261327198 ], [ 12.651917015707369, 65.43325642376759 ], [ 12.6460234709632, 65.44771258923386 ], [ 12.702745505672919, 65.45148203768572 ], [ 12.781788341065301, 65.46456268512044 ], [ 12.742000247136342, 65.46588529861232 ], [ 12.688504994843115, 65.45859769827204 ], [ 12.625089386690927, 65.45459017939164 ], [ 12.60308859748758, 65.46489333849341 ], [ 12.664077451921582, 65.480764700396 ], [ 12.636316456090452, 65.48348928418928 ], [ 12.594954972388162, 65.47405904999215 ], [ 12.566313944988899, 65.5016355412979 ], [ 12.549113327975373, 65.50696567367018 ], [ 12.592261542437207, 65.52328672416 ], [ 12.570874108569228, 65.54804604872804 ], [ 12.573940885246056, 65.56571616497959 ], [ 12.561860451901676, 65.58768477507975 ], [ 12.548179961160685, 65.55733079544106 ], [ 12.55495353747299, 65.53525637626154 ], [ 12.524072429718473, 65.5147823194072 ], [ 12.498391508502932, 65.50843377464616 ], [ 12.46217687609306, 65.51556266136741 ], [ 12.462603558065489, 65.52623615224691 ], [ 12.506071784006647, 65.55290004024324 ], [ 12.540473018033694, 65.58140236099331 ], [ 12.522392369452035, 65.57959038050943 ], [ 12.50753850328687, 65.56217156082134 ], [ 12.4489230673245, 65.52505902623913 ], [ 12.40044132820731, 65.53783547257072 ], [ 12.387187519438747, 65.55177581877516 ], [ 12.3905743075949, 65.57810905339852 ], [ 12.373960378293464, 65.58234141657255 ], [ 12.362066618312019, 65.60967983744976 ], [ 12.362653306024107, 65.63162199528009 ], [ 12.348359459947751, 65.62682090830455 ], [ 12.40574818523939, 65.67895833215455 ], [ 12.440069416396607, 65.70272569660366 ], [ 12.514632091078493, 65.73938854259865 ], [ 12.586154656706825, 65.7141266249037 ], [ 12.5966350326546, 65.68907632536744 ], [ 12.636476461830114, 65.6934674021605 ], [ 12.646050138586478, 65.68551849507428 ], [ 12.60599536842475, 65.66815257992587 ], [ 12.61319562670948, 65.65035020232513 ], [ 12.643436711505352, 65.67160460113968 ], [ 12.64047660532163, 65.64728173902397 ], [ 12.671944400788234, 65.64770497534137 ], [ 12.744053654128656, 65.63873765586641 ], [ 12.742240255745834, 65.62387148021764 ], [ 12.759627546122296, 65.6343069006686 ], [ 12.789201940336248, 65.6333149405497 ], [ 12.761280938765456, 65.64365777805621 ], [ 12.716185987804415, 65.65058827275367 ], [ 12.651863680460817, 65.65037665459496 ], [ 12.645676791860602, 65.65970107971275 ], [ 12.671837730295127, 65.68915568217696 ], [ 12.62770281377205, 65.70062274115158 ], [ 12.626422767854766, 65.7149730975385 ], [ 12.538632952027598, 65.75149045604937 ], [ 12.58028777958593, 65.76539112384904 ], [ 12.612235592271517, 65.80169686420122 ], [ 12.646636826298568, 65.81440717985821 ], [ 12.671517718815807, 65.8137061947075 ], [ 12.686504923097356, 65.78249251629909 ], [ 12.709625752478328, 65.774847810316 ], [ 12.707999027458445, 65.7926237356469 ], [ 12.69237180021825, 65.80685505681956 ], [ 12.728693103121227, 65.80451403093893 ], [ 12.69626527321666, 65.81684078868327 ], [ 12.68797164237758, 65.83373056297461 ], [ 12.67522451845128, 65.81993570425428 ], [ 12.627729481395328, 65.82508067073769 ], [ 12.614715681236259, 65.81572979335009 ], [ 12.597461728976182, 65.82494840938851 ], [ 12.60922215084124, 65.84777671825839 ], [ 12.634796401563676, 65.86124092360575 ], [ 12.641703315992363, 65.89629018114063 ], [ 12.6642907929078, 65.91977979675646 ], [ 12.711999170949962, 65.93657698810337 ], [ 12.846003977915796, 65.97566021678848 ], [ 12.870538191330436, 65.97329273863802 ], [ 12.867711423263096, 65.95980208102083 ], [ 12.896512456402021, 65.960423709362 ], [ 12.938967312658662, 65.92897196052505 ], [ 13.029343887943675, 65.92503057231923 ], [ 13.050171301722845, 65.91753135382027 ], [ 13.057984915342942, 65.8964092163549 ], [ 13.092706160849314, 65.8874815752847 ], [ 13.126254030931506, 65.8961975981962 ], [ 13.139961189295772, 65.87205990196935 ], [ 13.186629530030142, 65.83095307464166 ], [ 13.193696450198487, 65.8652087640814 ], [ 13.168442210955376, 65.87297250527875 ], [ 13.155641751782518, 65.8938697984505 ], [ 13.16881555768125, 65.91098441703545 ], [ 13.135774372441318, 65.91960785700252 ], [ 13.13318761298347, 65.94579560414178 ], [ 13.09745299779258, 65.93295302713561 ], [ 13.069718669584727, 65.93517501780197 ], [ 13.05169135624962, 65.94784565505421 ], [ 13.01963687307093, 65.94554430757833 ], [ 12.960381414149918, 65.95825462323532 ], [ 12.928300263347946, 65.97103106956689 ], [ 12.895419083847674, 65.97165269790808 ], [ 12.898459192901228, 65.98468044080312 ], [ 12.929153627292806, 65.9932377500956 ], [ 12.952941147255693, 66.00949266991083 ], [ 12.938273954453464, 66.02077456299659 ], [ 12.952034448064282, 66.03583913066913 ], [ 12.947154273004632, 66.04704166694538 ], [ 13.029050544087632, 66.06637827619669 ], [ 13.053051405036737, 66.07564979677478 ], [ 12.999289476510743, 66.07211841875146 ], [ 12.90291268598845, 66.05235857318274 ], [ 12.858511093232607, 66.04962076325454 ], [ 12.820403059570083, 66.05414410139677 ], [ 12.743040284444138, 66.04567937504873 ], [ 12.659757296950744, 66.031461280011 ], [ 12.66559750644836, 66.03759820661332 ], [ 12.724452951020218, 66.05009690411161 ], [ 12.833763538831754, 66.06865317140273 ], [ 12.715385959106115, 66.05368118667462 ], [ 12.752773966940161, 66.06311142087173 ], [ 12.688931676815546, 66.05985779168171 ], [ 12.677331260690146, 66.07031966440249 ], [ 12.748000462373618, 66.09912618625569 ], [ 12.819016343159692, 66.11538110607093 ], [ 12.834910246632653, 66.1292024170611 ], [ 12.935607192125786, 66.14270630081322 ], [ 12.996249367457189, 66.14660801061426 ], [ 13.00950317622575, 66.15286397243086 ], [ 13.073692145452966, 66.15771796394607 ], [ 13.078038968047082, 66.15282429402612 ], [ 13.122947245645186, 66.16882791727788 ], [ 13.182069366449813, 66.18026852398266 ], [ 13.202363427763444, 66.17927656386375 ], [ 13.241484831110483, 66.19226462835404 ], [ 13.232284501079995, 66.19628537336936 ], [ 13.297726848601219, 66.22170600468334 ], [ 13.355435585372177, 66.22719485067465 ], [ 13.380076469279924, 66.21813494825525 ], [ 13.429944924807508, 66.22726098134925 ], [ 13.497654020307259, 66.23015750489647 ], [ 13.522134898475347, 66.24198166951389 ], [ 13.578083572110035, 66.23554054180843 ], [ 13.585950520976688, 66.21707685746175 ], [ 13.54141559010446, 66.20637691431241 ], [ 13.50626766262566, 66.19102137167167 ], [ 13.562403009623289, 66.20049128427354 ], [ 13.60829798928263, 66.20168163641624 ], [ 13.599070991628864, 66.1788136491416 ], [ 13.5525093213876, 66.14966324778051 ], [ 13.539415518358702, 66.135736127711 ], [ 13.540268882303558, 66.10755123419898 ], [ 13.560109594021483, 66.10581861052462 ], [ 13.565256445313903, 66.123515179046 ], [ 13.59787094858141, 66.14763964913793 ], [ 13.649312793882324, 66.1635639155802 ], [ 13.693874392377825, 66.1590670297078 ], [ 13.758223367344701, 66.17259736572976 ], [ 13.788624457880235, 66.16029706025525 ], [ 13.784384305779227, 66.15330043488319 ], [ 13.819078883662321, 66.13745552525045 ], [ 13.842679730262272, 66.16360359398496 ], [ 13.789584492318198, 66.18509606322803 ], [ 13.759183401782668, 66.18804549131494 ], [ 13.682567320108472, 66.1760097085388 ], [ 13.663659975205231, 66.19304497031425 ], [ 13.614378207389738, 66.17927656386375 ], [ 13.61949839105888, 66.1946982371791 ], [ 13.652006223833279, 66.20858567884386 ], [ 13.629152070685073, 66.21190543870848 ], [ 13.641392509769119, 66.22087275818345 ], [ 13.59877764777282, 66.22521093043683 ], [ 13.691154294803596, 66.24093680485531 ], [ 13.777584061843648, 66.24481206238652 ], [ 13.822038989846043, 66.23214142513429 ], [ 13.769210428134738, 66.20322909420175 ], [ 13.765610298992371, 66.19317723166344 ], [ 13.791504561194127, 66.19079652737805 ], [ 13.78790443205176, 66.20427395886033 ], [ 13.855986874277388, 66.22837197668242 ], [ 13.947110143014154, 66.24104261393465 ], [ 13.985804864388768, 66.24986444592551 ], [ 13.967644212937277, 66.26160925373343 ], [ 13.98329810780075, 66.27301018203345 ], [ 14.015939278691533, 66.2731821217874 ], [ 14.04455363846752, 66.28925187571376 ], [ 14.073941359318535, 66.29013802675333 ], [ 14.111089358543094, 66.30589035344164 ], [ 14.146557297501214, 66.32882447139087 ], [ 14.143677194187322, 66.33940537932594 ], [ 14.0719146199495, 66.32197333350292 ], [ 14.022472846394344, 66.30639294656856 ], [ 13.998605323561623, 66.31095596311555 ], [ 13.943963363467496, 66.30468677516403 ], [ 13.91134886019999, 66.28861702123766 ], [ 13.905962000298079, 66.27183305602567 ], [ 13.871694104387412, 66.2765680123266 ], [ 13.77630401592636, 66.27209757872404 ], [ 13.751876473004828, 66.25938726306705 ], [ 13.730969056355832, 66.26416189777275 ], [ 13.773023898263318, 66.2761447760092 ], [ 13.767317026882086, 66.29269067079265 ], [ 13.751183114799634, 66.29030996650727 ], [ 13.748596355341785, 66.27451796141419 ], [ 13.722302078790875, 66.26901588928797 ], [ 13.734942532224071, 66.25692720197216 ], [ 13.690060922249245, 66.25508876921845 ], [ 13.618591691867469, 66.24095003099022 ], [ 13.57200335400293, 66.25381906026624 ], [ 13.575763488884956, 66.26393705347914 ], [ 13.631552156779986, 66.28720182480134 ], [ 13.564109737513, 66.2894238154677 ], [ 13.557602837433468, 66.27097335725595 ], [ 13.459865998124059, 66.24585692704511 ], [ 13.380689824615288, 66.23764349726052 ], [ 13.363862554327639, 66.24831698814 ], [ 13.316314182025135, 66.25004961181438 ], [ 13.269672508914041, 66.23428405899114 ], [ 13.252338553784135, 66.22238053756419 ], [ 13.211937104519809, 66.21386290667648 ], [ 13.188229587426747, 66.20117904328933 ], [ 13.103879895002283, 66.18889196394974 ], [ 13.064358477306094, 66.1772000606815 ], [ 13.025823761671141, 66.17577163811026 ], [ 13.008516474164509, 66.20071612856717 ], [ 13.030490595744578, 66.2013774353131 ], [ 13.087185962831018, 66.22482737252417 ], [ 13.104706591323865, 66.23716735640345 ], [ 13.178202561074677, 66.26113311287635 ], [ 13.140921223733734, 66.25776044847204 ], [ 13.175909145472875, 66.2733937399461 ], [ 13.233564546997279, 66.28500628640482 ], [ 13.250391817284928, 66.28335301953997 ], [ 13.305780470830808, 66.29485975691935 ], [ 13.379703122554048, 66.3041048252276 ], [ 13.457652585392086, 66.30090410057724 ], [ 13.513547923780223, 66.30800653502865 ], [ 13.561762986664643, 66.3086017111 ], [ 13.503654235544534, 66.3207565290904 ], [ 13.4462655102529, 66.3202010314238 ], [ 13.429784919067846, 66.33120517567627 ], [ 13.486000268935303, 66.34349225501586 ], [ 13.458612619830049, 66.34171995293673 ], [ 13.430291603910106, 66.34923239757062 ], [ 13.40578405811874, 66.33601948878672 ], [ 13.369409419969209, 66.33451170940597 ], [ 13.362369167424141, 66.32787218967673 ], [ 13.235084601524054, 66.30680295675104 ], [ 13.15812184074726, 66.30222671406912 ], [ 13.110866812300802, 66.30682940902088 ], [ 13.141774587678594, 66.31319117991683 ], [ 13.163295359662957, 66.32789864194656 ], [ 13.142254604897573, 66.33186648242221 ], [ 13.109906777862836, 66.32244947436001 ], [ 13.101133129804776, 66.3110617721949 ], [ 13.05782490960328, 66.32369273104237 ], [ 13.022383638268437, 66.32576923422464 ], [ 12.99168920387686, 66.34527778322989 ], [ 12.997129399025322, 66.35595127410939 ], [ 13.090306074754402, 66.37921604543159 ], [ 13.159801901013697, 66.40699092876112 ], [ 13.140867888487183, 66.43025570008332 ], [ 13.151214926318573, 66.43885268778057 ], [ 13.089106031706947, 66.45646989949243 ], [ 13.080199045532503, 66.46715661650684 ], [ 13.112680210683624, 66.46078161947597 ], [ 13.161881975629289, 66.46187938867423 ], [ 13.156041766131672, 66.47047637637147 ], [ 13.105079938049741, 66.4745103475217 ], [ 13.094919573581286, 66.49874062669299 ], [ 13.051984700105667, 66.49322532843183 ], [ 13.028063842026391, 66.50962573573118 ], [ 12.976061976636664, 66.5234734989912 ], [ 12.989022441549182, 66.5334592308549 ], [ 13.024383710014195, 66.52933267676022 ], [ 13.071905414693422, 66.54483370688509 ], [ 13.125747346089245, 66.55048126649542 ], [ 13.123293924747781, 66.53869678028275 ], [ 13.155188402186816, 66.52867137001428 ], [ 13.19062967352166, 66.52680648499073 ], [ 13.221137434550297, 66.50818408702503 ], [ 13.216523935723416, 66.49307984094773 ], [ 13.25103184024357, 66.47974789694956 ], [ 13.2410048138915, 66.46091388082516 ], [ 13.209537018424896, 66.4548298587625 ], [ 13.248845095134875, 66.45456533606412 ], [ 13.25569867431701, 66.4460477051764 ], [ 13.311007324993056, 66.45726346758757 ], [ 13.417437809490696, 66.47433840776776 ], [ 13.337941624502605, 66.47292321133145 ], [ 13.291139945651853, 66.46414105774535 ], [ 13.27441934585731, 66.48638741667881 ], [ 13.310020622931816, 66.50516852826354 ], [ 13.260152167404232, 66.52725617357797 ], [ 13.335488203161141, 66.53125046632346 ], [ 13.358262353439514, 66.54389465130585 ], [ 13.37695635735654, 66.53941099156836 ], [ 13.446238842629622, 66.54810056221004 ], [ 13.55309600909969, 66.54429143535341 ], [ 13.667473445333812, 66.51523361693677 ], [ 13.658886470638688, 66.53394859784689 ], [ 13.563843061280235, 66.55557332843917 ], [ 13.5334419707447, 66.55993795296239 ], [ 13.475786569220297, 66.5607315210575 ], [ 13.472613122050358, 66.56901108151669 ], [ 13.510987831945648, 66.58687958979202 ], [ 13.53576205396978, 66.58516019225257 ], [ 13.559576241555948, 66.59990733268705 ], [ 13.632245514985183, 66.60726106370193 ], [ 13.707368209755877, 66.60160027795666 ], [ 13.734275841642152, 66.60949628050321 ], [ 13.705181464647183, 66.61380800048674 ], [ 13.563469714554358, 66.60879529535251 ], [ 13.522081563228792, 66.59391589356883 ], [ 13.494533908383875, 66.59142938020409 ], [ 13.443892091781265, 66.56180283798594 ], [ 13.339328340913, 66.56139282780345 ], [ 13.283406334901585, 66.54855025079728 ], [ 13.204710178611801, 66.55578494659787 ], [ 13.188336257919854, 66.56600874889011 ], [ 13.2178039816407, 66.58199914600698 ], [ 13.219217365674371, 66.59638918079865 ], [ 13.24481828402008, 66.60247320286132 ], [ 13.22735099077379, 66.6118769847886 ], [ 13.25543199808424, 66.62450794363608 ], [ 13.272232600748612, 66.61424446293907 ], [ 13.315834164806155, 66.63124004630976 ], [ 13.397037077683958, 66.63444077096011 ], [ 13.319300955832137, 66.64455876417301 ], [ 13.22569759813063, 66.63528724359492 ], [ 13.197056570731363, 66.65117183163241 ], [ 13.167322170777751, 66.65841975356793 ], [ 13.221350775536514, 66.675679859637 ], [ 13.270899219584773, 66.66740029917781 ], [ 13.30634049091962, 66.67072005904244 ], [ 13.369462755215764, 66.66926518420136 ], [ 13.36194248545171, 66.65089408279913 ], [ 13.387516736174145, 66.66220242815471 ], [ 13.408904170042124, 66.6551661243779 ], [ 13.425731440329777, 66.66274469968639 ], [ 13.495440607575286, 66.6602317340518 ], [ 13.531975251464477, 66.6555893606953 ], [ 13.509761121274916, 66.65160829408474 ], [ 13.565336448183732, 66.64709818207741 ], [ 13.535548712983566, 66.66933131487596 ], [ 13.50120081420307, 66.6760369652798 ], [ 13.4560258603722, 66.6774389355812 ], [ 13.442425372501042, 66.6865781948101 ], [ 13.292953344034675, 66.69553228815015 ], [ 13.263458952690552, 66.71605924954416 ], [ 13.206923591343774, 66.71698507898847 ], [ 13.217217293928613, 66.72591272005869 ], [ 13.267459096182069, 66.73439067254165 ], [ 13.322954420221055, 66.7312693047008 ], [ 13.384289953757655, 66.73445680321623 ], [ 13.421037938633063, 66.72781728348698 ], [ 13.457439244405869, 66.72980120372482 ], [ 13.475866572090126, 66.71519955077443 ], [ 13.526108374343586, 66.72570110189997 ], [ 13.535228701504245, 66.70164276248263 ], [ 13.579070274171276, 66.69454032803124 ], [ 13.641259171652734, 66.69891817868937 ], [ 13.710541656925816, 66.69939431954644 ], [ 13.71582184633462, 66.70870551852929 ], [ 13.681927297149826, 66.71496148034589 ], [ 13.730622377253233, 66.72000063774996 ], [ 13.82787919934366, 66.72514560423339 ], [ 13.88945474148975, 66.72527786558258 ], [ 13.901375169094472, 66.73206287279594 ], [ 13.792997948097629, 66.72910021857412 ], [ 13.775343981488398, 66.73345161696241 ], [ 13.679020526212657, 66.72485462926518 ], [ 13.65115285988842, 66.71185333863997 ], [ 13.619071709086452, 66.71444566108406 ], [ 13.571763345393439, 66.70964457410852 ], [ 13.548375839779698, 66.7361894268906 ], [ 13.561896324781028, 66.74654549053204 ], [ 13.547442472965013, 66.75507634755468 ], [ 13.608778006501613, 66.76149102299031 ], [ 13.747049633191732, 66.75343630682475 ], [ 13.75632996609205, 66.75879289146687 ], [ 13.705768152359273, 66.76110746507767 ], [ 13.658219780056768, 66.7683686131481 ], [ 13.597817613334854, 66.77076254356841 ], [ 13.534455340429218, 66.76486368739461 ], [ 13.546242429917555, 66.77232322748883 ], [ 13.510987831945648, 66.77450553975044 ], [ 13.500427453128044, 66.80380142859562 ], [ 13.531228558012728, 66.80238623215931 ], [ 13.608404659775736, 66.80683021349203 ], [ 13.632618861711055, 66.81264971285631 ], [ 13.703928086353173, 66.81337715027685 ], [ 13.819132218908877, 66.79496637046985 ], [ 14.000578727684104, 66.79751901450919 ], [ 13.980578010226516, 66.8080734701744 ], [ 13.828492554679027, 66.80944898820596 ], [ 13.756489971831712, 66.82899721561598 ], [ 13.772197201941736, 66.83250214136947 ], [ 13.748649690588337, 66.84583408536764 ], [ 13.7091816081387, 66.83333538786935 ], [ 13.67304697859866, 66.83229052321077 ], [ 13.721715391078789, 66.84156204378887 ], [ 13.694781091569237, 66.8530423288984 ], [ 13.73072904774634, 66.86092510531002 ], [ 13.708168238454181, 66.87338412440354 ], [ 13.65595303207824, 66.88317146424347 ], [ 13.646406022945154, 66.9022303246615 ], [ 13.628005362884174, 66.90871113077172 ], [ 13.534055326080068, 66.90350003361371 ], [ 13.543042315124342, 66.93454177226818 ], [ 13.498800728108161, 66.93433015410949 ], [ 13.493307197713143, 66.95188123514676 ], [ 13.544882381130442, 66.9547248541543 ], [ 13.53957552409836, 66.94223938279094 ], [ 13.556749473488608, 66.93619503913304 ], [ 13.610084720042174, 66.95203994876579 ], [ 13.738249317510391, 66.94733144473469 ], [ 13.799878194903037, 66.95944658432032 ], [ 13.793531300563163, 66.96972329115225 ], [ 13.749956404128902, 66.96890327078728 ], [ 13.725422190714259, 66.97477567469124 ], [ 13.746249604493428, 66.98186488300773 ], [ 13.815638760259617, 66.9859253064278 ], [ 13.868600660087306, 66.98462914520576 ], [ 13.874734213440966, 67.00182312060024 ], [ 13.960310616536162, 67.01223208878135 ], [ 13.995778555494283, 67.00940169590872 ], [ 13.99580522311756, 66.99749817448178 ], [ 13.928256133357468, 66.96690612441455 ], [ 13.902015192053117, 66.97211722157256 ], [ 13.90718871096881, 66.94723886179025 ], [ 13.944416713063202, 66.95223834078956 ], [ 13.980151328254088, 66.98042323430158 ], [ 14.009299040495613, 66.9816400387141 ], [ 14.000392054321168, 66.97209076930272 ], [ 14.033486574807654, 66.98021161614288 ], [ 14.048633784828866, 66.99985242649733 ], [ 14.01719265698554, 67.03010059705667 ], [ 14.021619482449488, 67.04668617024488 ], [ 14.041940211386393, 67.04766490422887 ], [ 14.043140254433851, 67.07971182913718 ], [ 14.10092899407464, 67.05840452578295 ], [ 14.117169576650198, 67.0401656857299 ], [ 14.12004967996409, 67.02192684567684 ], [ 14.167358043657103, 66.9965326666327 ], [ 14.150477438122902, 66.97367790549298 ], [ 14.183625293855943, 66.99970693901322 ], [ 14.2166398114726, 66.99243256480787 ], [ 14.268588341615771, 67.03617139298441 ], [ 14.276481958105698, 67.05542864542622 ], [ 14.234400448574934, 67.07788662251838 ], [ 14.264508195254425, 67.07366748547928 ], [ 14.29861608542543, 67.07819082362151 ], [ 14.308616444154222, 67.06944834844018 ], [ 14.389579348422536, 67.0816296187004 ], [ 14.397712973521955, 67.09197245620692 ], [ 14.443927964660617, 67.07165711297162 ], [ 14.479262565502356, 67.06473984440908 ], [ 14.497716560809888, 67.0540134489899 ], [ 14.531264430892083, 67.06668408624213 ], [ 14.566732369850204, 67.04406739553094 ], [ 14.607000480998146, 67.03003446638208 ], [ 14.60860053839475, 67.05754482701323 ], [ 14.58523970040429, 67.07092967555108 ], [ 14.497929901796102, 67.07574398866153 ], [ 14.485956138944829, 67.06831090083715 ], [ 14.391632755414847, 67.09488220588906 ], [ 14.342324319976075, 67.07883890423254 ], [ 14.305816343710159, 67.09143018467526 ], [ 14.25581455006619, 67.086748132914 ], [ 14.239387294127695, 67.09215762209578 ], [ 14.27408187201079, 67.09820196575369 ], [ 14.276588628598805, 67.11075356779165 ], [ 14.29677601941933, 67.10428598781635 ], [ 14.307736412586088, 67.12604297975781 ], [ 14.341577626524327, 67.1473238308422 ], [ 14.320616874628776, 67.15913476932471 ], [ 14.341097609305343, 67.17417288472741 ], [ 14.394592861598571, 67.17706940827463 ], [ 14.415553613494122, 67.18960778417767 ], [ 14.469582218252881, 67.20038708413651 ], [ 14.479395903618741, 67.18999134209032 ], [ 14.457715125894715, 67.18082563059157 ], [ 14.498223245652149, 67.18422474726572 ], [ 14.570545839978784, 67.17984689660759 ], [ 14.5704125018624, 67.18684352197964 ], [ 14.628361247242847, 67.19655150501005 ], [ 14.63390811288442, 67.18491250628149 ], [ 14.6799897659067, 67.17806136839354 ], [ 14.743858723654593, 67.18874808540795 ], [ 14.654415515184265, 67.19097007607431 ], [ 14.612360673276779, 67.20436815074707 ], [ 14.549131738487525, 67.19813864120032 ], [ 14.512357085988842, 67.20829631281796 ], [ 14.603907036698036, 67.21973691952275 ], [ 14.64988201922721, 67.22072887964165 ], [ 14.705564016629133, 67.21137800225405 ], [ 14.75095231144622, 67.22924651052938 ], [ 14.797913996036634, 67.24003903662314 ], [ 14.825968335723807, 67.2409251876627 ], [ 14.841488892470895, 67.22822809814063 ], [ 14.90802461254647, 67.23030460132289 ], [ 14.978987158085989, 67.24876828566957 ], [ 15.00640147481452, 67.2395893480359 ], [ 14.940212433841545, 67.22177374430025 ], [ 14.951412835617795, 67.20587593012782 ], [ 14.88770388360956, 67.17345867344179 ], [ 14.887623880739731, 67.162018066737 ], [ 14.920345054500341, 67.1518207167146 ], [ 14.938959055547535, 67.15531241633316 ], [ 14.966960059988157, 67.12064671671094 ], [ 14.999654566125493, 67.12159899842509 ], [ 14.99520107303827, 67.13856812952594 ], [ 14.96994683379516, 67.14535313673929 ], [ 14.975707040422943, 67.15598694921403 ], [ 14.917651624549386, 67.16593300267297 ], [ 14.943545886751142, 67.1937740166771 ], [ 15.011068308887957, 67.21350740997599 ], [ 15.026242186532446, 67.22801647998193 ], [ 15.012748369154394, 67.23505278375875 ], [ 15.092137883649375, 67.23630926657603 ], [ 15.124245702074624, 67.22797680157717 ], [ 15.13843287765787, 67.20984377060347 ], [ 15.157233552068003, 67.20875922754013 ], [ 15.22216921474697, 67.22084791485594 ], [ 15.26667747799592, 67.20005643076354 ], [ 15.299025305030657, 67.19197526232814 ], [ 15.352253881091116, 67.18763709007477 ], [ 15.38430836426981, 67.18985908074113 ], [ 15.419562962241717, 67.16851209898215 ], [ 15.38297498310597, 67.1254742559563 ], [ 15.409349262526707, 67.13133343372535 ], [ 15.389081868836353, 67.10400823898306 ], [ 15.433510129215474, 67.10507955591147 ], [ 15.47148482476161, 67.09849294072191 ], [ 15.435056851365527, 67.11596466494967 ], [ 15.450204061386739, 67.11735340911615 ], [ 15.451324101564364, 67.15028648506402 ], [ 15.471831503864209, 67.16246775532424 ], [ 15.480925163401594, 67.18302116898809 ], [ 15.445590562559854, 67.19751701285912 ], [ 15.435910215310383, 67.2085343832465 ], [ 15.394548731608094, 67.2149226064123 ], [ 15.39724216155905, 67.22449832809352 ], [ 15.37177458132972, 67.21818946173724 ], [ 15.352147210598009, 67.2235724986492 ], [ 15.41364274987427, 67.24044904680562 ], [ 15.431830068949036, 67.2606718070965 ], [ 15.381108249476593, 67.25580458944637 ], [ 15.327719667676476, 67.23576699504436 ], [ 15.29601186360038, 67.228492620839 ], [ 15.244036665833931, 67.23391533615573 ], [ 15.268224200145973, 67.24388784188451 ], [ 15.324786229116029, 67.24380848507501 ], [ 15.352013872481624, 67.25440261914498 ], [ 15.333906556276688, 67.26698067345278 ], [ 15.28011796012742, 67.26322445113584 ], [ 15.235823037864684, 67.26911008117472 ], [ 15.221742532774542, 67.25696848931923 ], [ 15.17094071043227, 67.25363550331969 ], [ 15.114138672852722, 67.2742285953883 ], [ 15.0438694855184, 67.2704459208015 ], [ 15.03930932193807, 67.27569669636429 ], [ 15.082697545009395, 67.28383076933936 ], [ 15.08699103235696, 67.27926775279236 ], [ 15.146379829394352, 67.29234840022708 ], [ 15.17224742397283, 67.32993707566638 ], [ 15.077417355600591, 67.31971327337413 ], [ 15.0393893248079, 67.32157815839768 ], [ 14.991707614389014, 67.30287640362246 ], [ 14.988187488116477, 67.2966468940757 ], [ 15.026295521779002, 67.29211032979855 ], [ 14.985574061035354, 67.2896899471084 ], [ 14.976053719525542, 67.29523169763938 ], [ 14.93519892066551, 67.2906025504178 ], [ 14.896050849695193, 67.29717593947245 ], [ 14.821888189362461, 67.29336681261583 ], [ 14.791487098826927, 67.28845991656095 ], [ 14.868369856733892, 67.28425400565676 ], [ 14.837702089965592, 67.26823715627008 ], [ 14.774579825669448, 67.25919047998559 ], [ 14.73353835344648, 67.24427139979716 ], [ 14.690656815217412, 67.25333130221655 ], [ 14.7222579488004, 67.26276153641368 ], [ 14.706204039587778, 67.26856780964305 ], [ 14.733085003850775, 67.28339430688703 ], [ 14.714150991324257, 67.28613211681524 ], [ 14.73393836779563, 67.30738651562979 ], [ 14.676789651113484, 67.29536395898857 ], [ 14.613320707714742, 67.28757376552139 ], [ 14.617667530308857, 67.28174104002218 ], [ 14.409580065880121, 67.26858103577796 ], [ 14.33515072931462, 67.256518800732 ], [ 14.310749854016365, 67.26434867260394 ], [ 14.359498269366323, 67.2757760531738 ], [ 14.402246469479007, 67.29449103408393 ], [ 14.384085818027518, 67.30111732767827 ], [ 14.406646627319677, 67.31095757205787 ], [ 14.43371426494561, 67.30811395305032 ], [ 14.476595803174678, 67.32182945496113 ], [ 14.485342783609461, 67.33508204214979 ], [ 14.570652510471891, 67.35994717579719 ], [ 14.574492648223746, 67.37309395390649 ], [ 14.633294757549052, 67.3853281287064 ], [ 14.648068620844391, 67.3952345037606 ], [ 14.63398811575425, 67.4034479335452 ], [ 14.5730525965668, 67.40327599379124 ], [ 14.582226258974014, 67.41065617707595 ], [ 14.633081416562838, 67.41360560516284 ], [ 14.633534766158544, 67.43681747194537 ], [ 14.683163213076636, 67.44600963571396 ], [ 14.719297842616676, 67.4383781558658 ], [ 14.743778720784764, 67.4425972929049 ], [ 14.777433261360063, 67.43696295942948 ], [ 14.804607569479106, 67.44749096282487 ], [ 14.868503194850277, 67.43284963146974 ], [ 14.854582695499797, 67.4066883366003 ], [ 14.81980811474687, 67.38700784784109 ], [ 14.867969842384742, 67.38758979777752 ], [ 14.866289782118304, 67.40744222629067 ], [ 14.906077876047263, 67.4317783145413 ], [ 14.95021279257034, 67.42900082620835 ], [ 14.976827080600568, 67.44865486269772 ], [ 15.050136376988444, 67.45135299422117 ], [ 15.021041999993475, 67.45795283554565 ], [ 14.943812562983911, 67.44770258098357 ], [ 14.867356487049374, 67.45774121738695 ], [ 14.815354621659647, 67.46116678633093 ], [ 14.7764732269221, 67.45317820083996 ], [ 14.715991057330356, 67.45278141679239 ], [ 14.653535483616132, 67.47493519278143 ], [ 14.68428325325426, 67.49150753983471 ], [ 14.750978979069494, 67.51844917666435 ], [ 14.787273614349196, 67.52598807356807 ], [ 14.859249529573233, 67.55259905702475 ], [ 14.869303223548581, 67.55019190046953 ], [ 14.897597571845246, 67.56687005660216 ], [ 14.927305304175583, 67.57477928528361 ], [ 15.05762997912922, 67.59406298999525 ], [ 15.111631916264706, 67.58301916733804 ], [ 15.119418862261526, 67.56671134298313 ], [ 15.15312673808338, 67.56475387501514 ], [ 15.149739949927227, 67.54803604047775 ], [ 15.106991749814544, 67.54162136504213 ], [ 15.0599500623543, 67.55449039431814 ], [ 15.042296095745069, 67.569502057451 ], [ 15.00773485597836, 67.5784958291958 ], [ 14.993787689004602, 67.56905236886377 ], [ 15.001254623522101, 67.55688432473845 ], [ 15.02994898616792, 67.55583946007987 ], [ 15.028002249668713, 67.54332753644665 ], [ 15.080617470393808, 67.52949299932156 ], [ 15.025522160703975, 67.51072511387176 ], [ 15.008001532211129, 67.49654669723878 ], [ 14.950239460193615, 67.49584571208808 ], [ 14.925331900053102, 67.489669107081 ], [ 14.987520797534557, 67.48570126660535 ], [ 15.013708403592357, 67.49081978081892 ], [ 15.060083400470685, 67.51183610920494 ], [ 15.089311115582039, 67.51001090258615 ], [ 15.15352675243253, 67.53244242740847 ], [ 15.192861496765786, 67.53208532176566 ], [ 15.200728445632436, 67.51594943716469 ], [ 15.23792978010355, 67.50970670148301 ], [ 15.144779771997747, 67.49047590131104 ], [ 15.176967593292822, 67.47595360517018 ], [ 15.12891253614806, 67.45767508671236 ], [ 15.147819881051298, 67.43333899846172 ], [ 15.159153620943933, 67.45513566880794 ], [ 15.201421803837633, 67.46373265650519 ], [ 15.22275590245906, 67.47522616774964 ], [ 15.220009137261549, 67.4884126242637 ], [ 15.24048987193812, 67.49671863699272 ], [ 15.287371553658705, 67.50138746261906 ], [ 15.284224774112044, 67.50965379694333 ], [ 15.317879314687342, 67.50367558396003 ], [ 15.408122551855975, 67.50021033661129 ], [ 15.453564181919614, 67.49223497725524 ], [ 15.456470952856783, 67.47952466159826 ], [ 15.478525077306681, 67.47928659116971 ], [ 15.473564899377202, 67.4449118665157 ], [ 15.517646480653724, 67.43090538963666 ], [ 15.544047427697738, 67.40030011343451 ], [ 15.54791423307287, 67.37330557206519 ], [ 15.582422137593028, 67.37547465819188 ], [ 15.582608810955964, 67.35051694160006 ], [ 15.635517375537102, 67.37096454618457 ], [ 15.60362289809807, 67.37644016604095 ], [ 15.612689890012177, 67.38400551521453 ], [ 15.592209155335606, 67.39864684656966 ], [ 15.669971944810705, 67.4156821083451 ], [ 15.668051875934776, 67.42426586990742 ], [ 15.700053023866918, 67.43792846727857 ], [ 15.662665016032868, 67.42945051479559 ], [ 15.665571786970037, 67.42101224071739 ], [ 15.627810432410111, 67.41162168492502 ], [ 15.581035421182634, 67.4098493828459 ], [ 15.553221090104952, 67.42500653346286 ], [ 15.553754442570487, 67.43386804385848 ], [ 15.523993374993598, 67.44124822714318 ], [ 15.516206428996774, 67.46057161025958 ], [ 15.552181052797156, 67.46405008374323 ], [ 15.593915883225321, 67.47986854110614 ], [ 15.554261127412744, 67.47137736248825 ], [ 15.526420128711784, 67.47992144564583 ], [ 15.582955490058563, 67.5166504223154 ], [ 15.619090119598603, 67.52819683809952 ], [ 15.674718781753974, 67.55281067518345 ], [ 15.798403218511691, 67.57246471167282 ], [ 15.841951447322678, 67.57257052075217 ], [ 15.88827310895445, 67.5782180803625 ], [ 15.84648494327973, 67.58604795223445 ], [ 15.783202673243924, 67.58233140832226 ], [ 15.777309128499756, 67.57456766712491 ], [ 15.67517213134968, 67.56439676937234 ], [ 15.615143311353641, 67.54757312575559 ], [ 15.546820860518523, 67.52433480670322 ], [ 15.524020042616872, 67.5108309229511 ], [ 15.452844156091139, 67.53600025770163 ], [ 15.402202339488529, 67.53051141171032 ], [ 15.385535074940542, 67.53801063020929 ], [ 15.356067351219696, 67.53135788434513 ], [ 15.305238861254146, 67.53875129376475 ], [ 15.294278468087391, 67.53467764420975 ], [ 15.237023080912138, 67.54790377912857 ], [ 15.21320889332597, 67.55808790301606 ], [ 15.22862277957995, 67.5846063035283 ], [ 15.225609338149674, 67.59412912066985 ], [ 15.261103944731072, 67.58188171973502 ], [ 15.277717874032508, 67.58894447578167 ], [ 15.214675612606193, 67.59832180543911 ], [ 15.254117027432557, 67.6059665114222 ], [ 15.23950316987688, 67.6162961227938 ], [ 15.306092225199006, 67.62074010412653 ], [ 15.365401019366569, 67.60381065143042 ], [ 15.433856808318072, 67.59941957463738 ], [ 15.436763579255242, 67.579117457537 ], [ 15.454817560213623, 67.59526656827288 ], [ 15.433350123475812, 67.60042476089122 ], [ 15.439030327233766, 67.61084695520725 ], [ 15.406815838315413, 67.60676007951733 ], [ 15.354493961446366, 67.61751292720633 ], [ 15.271344312069356, 67.63987832135406 ], [ 15.246090072826245, 67.62792189538744 ], [ 15.202141829666104, 67.6253692513481 ], [ 15.160380331614665, 67.63260394714871 ], [ 15.192328144300248, 67.66035237820839 ], [ 15.217849059776132, 67.67065553731015 ], [ 15.232009567736103, 67.68581268792713 ], [ 15.27737119492991, 67.69139411686287 ], [ 15.32014606266587, 67.68654012534766 ], [ 15.33828004649408, 67.69181735318027 ], [ 15.317292626975252, 67.69947528529826 ], [ 15.266304131270044, 67.69815267180638 ], [ 15.247530124483191, 67.70275536675814 ], [ 15.264410730017392, 67.71885157295435 ], [ 15.314839205633788, 67.73802946858663 ], [ 15.387748487672514, 67.72051806595411 ], [ 15.401428978413502, 67.7049773574245 ], [ 15.488205424556153, 67.69500485169571 ], [ 15.528420200457543, 67.68165968156262 ], [ 15.502739279242, 67.70182953731383 ], [ 15.554127789296363, 67.70901132857475 ], [ 15.627783764786834, 67.6873336934428 ], [ 15.653998038467911, 67.69019053858526 ], [ 15.618583434756346, 67.69790137524294 ], [ 15.567354930441645, 67.71824317074808 ], [ 15.544980794512426, 67.72152325220794 ], [ 15.478071727710976, 67.71591537100237 ], [ 15.445457224443473, 67.73342677363489 ], [ 15.405162445672254, 67.74801520045035 ], [ 15.428203272183392, 67.75769673121093 ], [ 15.449004018339284, 67.75587152459212 ], [ 15.530126928347258, 67.76915056405062 ], [ 15.615596660949347, 67.76187618984528 ], [ 15.63205058451112, 67.75271047834653 ], [ 15.701653081263522, 67.7321702908176 ], [ 15.757921766377535, 67.73112542615901 ], [ 15.772748964919426, 67.70336376896441 ], [ 15.839231349748445, 67.68534977320496 ], [ 15.854618568379149, 67.71050588182057 ], [ 15.82203073273492, 67.7054005937419 ], [ 15.788162851173407, 67.71340240536779 ], [ 15.790749610631256, 67.73301676345241 ], [ 15.769282173893444, 67.74562127003004 ], [ 15.73069412301194, 67.74822681860906 ], [ 15.661838319711286, 67.7732771181453 ], [ 15.605809643206765, 67.78395060902479 ], [ 15.58879569955618, 67.77981082879519 ], [ 15.512072947388873, 67.79137047071424 ], [ 15.437990289925974, 67.80934478806893 ], [ 15.4226830741651, 67.82328513427336 ], [ 15.451484107304026, 67.83578383177165 ], [ 15.42492315452035, 67.87444382413938 ], [ 15.432870106256829, 67.852184239071 ], [ 15.398922221825487, 67.8426349696596 ], [ 15.384548372879301, 67.87464221616315 ], [ 15.375374710472087, 67.86853174183065 ], [ 15.379268183470497, 67.84246302990566 ], [ 15.397802181647862, 67.83420992171631 ], [ 15.37865482813513, 67.8038427159427 ], [ 15.307612279725781, 67.79142337525393 ], [ 15.284784794200856, 67.77717882794636 ], [ 15.237316424768181, 67.76184973757543 ], [ 15.198248356667694, 67.75519699171127 ], [ 15.20824871539649, 67.73959015250706 ], [ 15.152726723734226, 67.7152408381215 ], [ 15.144726436751192, 67.71930126154159 ], [ 15.063896870599265, 67.69332513256101 ], [ 14.996694459941772, 67.67658084575379 ], [ 14.961919879188848, 67.67294365865112 ], [ 14.9178649655356, 67.65889750336733 ], [ 14.83548867723362, 67.65507515037578 ], [ 14.80647430310848, 67.66107981562892 ], [ 14.764419461200994, 67.65844781478009 ], [ 14.774793166655662, 67.66778546603277 ], [ 14.734738396493935, 67.67512597091272 ], [ 14.776499894545378, 67.68779660816494 ], [ 14.877890198243705, 67.70417056319445 ], [ 14.892690729162318, 67.71811090939889 ], [ 14.870743275205527, 67.72221101122372 ], [ 14.814874604440668, 67.7166428084229 ], [ 14.803594199794588, 67.72899601843709 ], [ 14.764499464070823, 67.72624498237397 ], [ 14.789487027081169, 67.73879658441193 ], [ 14.843488964216654, 67.73953724796738 ], [ 14.890077302081195, 67.7345642212379 ], [ 14.919785034411529, 67.7439680031652 ], [ 14.990534238964834, 67.75107043761659 ], [ 15.037415920685419, 67.7439018724906 ], [ 15.133179355872347, 67.76104294334539 ], [ 15.071337137493487, 67.76396591916244 ], [ 15.017815217576985, 67.75862256065524 ], [ 15.038615963732873, 67.76827763914598 ], [ 14.995921098866745, 67.76848925730468 ], [ 15.015548469598457, 67.78385802608035 ], [ 15.050349717974658, 67.79273276261088 ], [ 14.904904500623086, 67.7784749891684 ], [ 14.885277129891374, 67.78049858781098 ], [ 14.82223486846506, 67.77053930821711 ], [ 14.83383528459046, 67.77900403456515 ], [ 14.875143433046194, 67.78631808717526 ], [ 14.835141998131022, 67.78881782667492 ], [ 14.840528858032933, 67.80613083728366 ], [ 14.797273973077989, 67.79431989880115 ], [ 14.785780227445695, 67.80282430355395 ], [ 14.757939228744736, 67.7982216086022 ], [ 14.7821000954335, 67.81795500190108 ], [ 14.782260101173161, 67.83436863533534 ], [ 14.816741338070042, 67.84759477025416 ], [ 14.88322372289906, 67.83046692553428 ], [ 14.883597069624937, 67.84169591408036 ], [ 14.943225875271821, 67.8533878173486 ], [ 15.005841454725708, 67.85426074225325 ], [ 15.055443234020522, 67.86711654539434 ], [ 15.102458253857492, 67.85312329465023 ], [ 15.098511445612527, 67.87509190475039 ], [ 14.972160246527132, 67.8633603230774 ], [ 14.848182465913368, 67.85678693402275 ], [ 14.84543570071586, 67.86304289583934 ], [ 14.909224655593924, 67.87350476856014 ], [ 14.87095661619174, 67.87613676940899 ], [ 14.916371578632102, 67.89100294505774 ], [ 15.002614672309218, 67.90598815592077 ], [ 15.096191362387447, 67.90761497051578 ], [ 15.089071106972547, 67.90071092808816 ], [ 15.13248599766715, 67.89212716652584 ], [ 15.231396212400735, 67.90375293911949 ], [ 15.202088494419552, 67.89622726835067 ], [ 15.214435603996701, 67.88712768752652 ], [ 15.251076918379002, 67.88583152630447 ], [ 15.208302050643042, 67.8700395212114 ], [ 15.174060822355653, 67.8481899463255 ], [ 15.196328287791768, 67.85305716397563 ], [ 15.27339771906167, 67.88522312409822 ], [ 15.299131975523764, 67.9084746692855 ], [ 15.358120758212007, 67.91864556703807 ], [ 15.333293200941323, 67.90153094845311 ], [ 15.380334888401567, 67.91498192766556 ], [ 15.462231159484567, 67.92659447412429 ], [ 15.441750424808, 67.92859162049703 ], [ 15.54559414984779, 67.94167226793175 ], [ 15.551034344996253, 67.92426667437857 ], [ 15.588075673727705, 67.93099877705225 ], [ 15.587435650769063, 67.94882760692283 ], [ 15.652958001160119, 67.9521076883827 ], [ 15.642184281356297, 67.9589985046754 ], [ 15.741547845685592, 67.96993651825326 ], [ 15.781095931005058, 67.96715902992031 ], [ 15.809576952664663, 67.95868107743735 ], [ 15.830031019717957, 67.94032320217002 ], [ 15.842804811267534, 67.91442642999897 ], [ 15.883632942504288, 67.91400319368157 ], [ 15.871125827187477, 67.94036288057478 ], [ 15.929074572567927, 67.96463283815082 ], [ 15.87781940062995, 67.9757163392128 ], [ 15.900406877545386, 67.98195907489448 ], [ 15.940301641967451, 67.96893133199944 ], [ 15.952222069572173, 67.99333355092466 ], [ 15.947235224019416, 68.00581902228804 ], [ 15.97968972154726, 68.01133432054918 ], [ 15.94064832107005, 68.01925677536556 ], [ 15.944168447342587, 68.02647824503123 ], [ 15.856858648734399, 68.03724431885516 ], [ 15.842351461671829, 68.04847330740124 ], [ 15.779495873608454, 68.05615769178907 ], [ 15.754721651584322, 68.04384416017965 ], [ 15.804723445228287, 68.04458482373511 ], [ 15.822910764303053, 68.03531330315701 ], [ 15.765868718114017, 68.03240355347486 ], [ 15.736054315290573, 68.03571008720456 ], [ 15.71013338546554, 68.0471771461792 ], [ 15.647277797402165, 68.04410868287802 ], [ 15.624956996719497, 68.04852621194091 ], [ 15.587995670857875, 68.04512709526678 ], [ 15.58490222655777, 68.06741313260498 ], [ 15.598102700079775, 68.07361618988192 ], [ 15.540473966178649, 68.08604875670561 ], [ 15.519379876166713, 68.09956586659264 ], [ 15.526660137321276, 68.06825960523979 ], [ 15.50041919601692, 68.057797732519 ], [ 15.46620463535281, 68.05462346013849 ], [ 15.472764870678898, 68.04733585979821 ], [ 15.423216426630635, 68.03961179700562 ], [ 15.401962330879037, 68.04104021957686 ], [ 15.399428906667744, 68.02966574354667 ], [ 15.440257037904498, 68.01703478469919 ], [ 15.413936093730314, 68.00850392767656 ], [ 15.425243165999671, 67.99992016611424 ], [ 15.376654756389371, 68.00645387676414 ], [ 15.377668126073889, 68.018370624326 ], [ 15.335266605063804, 68.0129611351442 ], [ 15.291025018047623, 68.02614759165826 ], [ 15.298491952565122, 68.03401714193497 ], [ 15.278064553135106, 68.04572227133812 ], [ 15.280837985955891, 68.06374949323248 ], [ 15.325986272163483, 68.06811411775568 ], [ 15.34204018137611, 68.10427437062374 ], [ 15.399775585770342, 68.11722275670927 ], [ 15.42201638358318, 68.13089858021533 ], [ 15.406895841185243, 68.14235241305504 ], [ 15.491405539349369, 68.15350204479161 ], [ 15.520766592577107, 68.1483703044431 ], [ 15.491618880335583, 68.12390195484328 ], [ 15.502312597269572, 68.11209101636076 ], [ 15.534527086187925, 68.11263328789244 ], [ 15.51519305931226, 68.12519811606532 ], [ 15.53399373372239, 68.13482674228622 ], [ 15.55786125655511, 68.12948338377902 ], [ 15.59202248197267, 68.13388768670698 ], [ 15.578742005580832, 68.14347663452314 ], [ 15.628290449629095, 68.1408578598092 ], [ 15.631890578771461, 68.15474530147397 ], [ 15.593755877485659, 68.18095950088308 ], [ 15.636690750961282, 68.18874969435026 ], [ 15.673678744446178, 68.18422635620803 ], [ 15.66263834840959, 68.17650229341544 ], [ 15.684105785147402, 68.1634084198458 ], [ 15.691172705315747, 68.17175411097958 ], [ 15.717360311373547, 68.1655113752979 ], [ 15.725493936472969, 68.15020873719682 ], [ 15.685759177790562, 68.1514652200141 ], [ 15.70898667766464, 68.14108270410283 ], [ 15.725707277459183, 68.119061189463 ], [ 15.709520030130175, 68.10566311479022 ], [ 15.666505153784723, 68.10620538632189 ], [ 15.60684968051456, 68.11588691708248 ], [ 15.606422998542133, 68.10691959760752 ], [ 15.642610963328725, 68.09956586659264 ], [ 15.620743512241763, 68.0973571020612 ], [ 15.654104708961018, 68.08536099768983 ], [ 15.607756379705972, 68.07407910460407 ], [ 15.63626406898885, 68.06832573591439 ], [ 15.646584439196968, 68.0560386565748 ], [ 15.662211666437162, 68.07279616951695 ], [ 15.646531103950412, 68.07987215169852 ], [ 15.68277240398356, 68.0892098029512 ], [ 15.744107937520162, 68.08816493829262 ], [ 15.724907248760879, 68.10078267100518 ], [ 15.765228695155372, 68.10493567736968 ], [ 15.766935423045087, 68.09922198708476 ], [ 15.80771021903529, 68.09813744402142 ], [ 15.797043169724574, 68.11049065403559 ], [ 15.86291219921823, 68.11515947966194 ], [ 15.898086794320307, 68.13465480253228 ], [ 15.877899403499782, 68.1504071292206 ], [ 15.906593766145598, 68.14744447499878 ], [ 15.943635094877049, 68.15183555179183 ], [ 15.917607494558911, 68.15876604648929 ], [ 15.87133916817369, 68.16127901212387 ], [ 15.888486449940665, 68.17253445293979 ], [ 15.857151992590445, 68.17744134899468 ], [ 15.85229848515407, 68.20073257258672 ], [ 15.881206188786102, 68.20895922850622 ], [ 15.90907385511034, 68.19536276180968 ], [ 15.964755852512262, 68.20905181145065 ], [ 15.96254243978029, 68.22411637912319 ], [ 15.941555020261461, 68.24373073720781 ], [ 15.955528854858496, 68.25536973593637 ], [ 15.934968117312096, 68.25741978684879 ], [ 16.000063785730724, 68.26575225184764 ], [ 16.059745926624164, 68.25353130318265 ], [ 16.06347939388291, 68.23288530657437 ], [ 16.05353237040067, 68.22473800746438 ], [ 16.084653486764676, 68.22456606771044 ], [ 16.120894786797827, 68.20631400152246 ], [ 16.08305342936807, 68.20511042324485 ], [ 16.05643914133784, 68.19352432905596 ], [ 16.030358205773148, 68.19392111310353 ], [ 16.04574542440385, 68.17689907746299 ], [ 16.060892634425063, 68.18328730062879 ], [ 16.09190708029596, 68.17834072616915 ], [ 16.099320679566908, 68.1901781169215 ], [ 16.123721554865163, 68.19624891284924 ], [ 16.138762094393268, 68.18855130232649 ], [ 16.144682306760714, 68.16278679150462 ], [ 16.128201715575663, 68.15494369349776 ], [ 16.105960917762825, 68.12326710036717 ], [ 16.118094686353764, 68.1184395611218 ], [ 16.10145408942905, 68.10219786744149 ], [ 16.114014539992414, 68.08805912921326 ], [ 16.061052640164725, 68.04723005071887 ], [ 16.106974287447343, 68.03906952547395 ], [ 16.126601658179055, 68.02782731079296 ], [ 16.154309318763634, 68.0275098835549 ], [ 16.22644523972733, 67.96249020429397 ], [ 16.219698331038305, 67.94041578511445 ], [ 16.194924109014174, 67.90850112155533 ], [ 16.216498216245093, 67.8899184019944 ], [ 16.267673385313238, 67.89388624247005 ], [ 16.318075193306356, 67.86744719876731 ], [ 16.35228975397047, 67.86518552969619 ], [ 16.376343950166127, 67.8493802984682 ], [ 16.423358970003097, 67.83178953902618 ], [ 16.491814758954597, 67.81267777406848 ], [ 16.51101544771388, 67.82126153563078 ], [ 16.44146628620803, 67.83623352035889 ], [ 16.43618609679923, 67.84420887971494 ], [ 16.4649337946916, 67.85965700530012 ], [ 16.405384991914545, 67.8664552386484 ], [ 16.380370761280922, 67.87842489074994 ], [ 16.29540771352109, 67.89016969855786 ], [ 16.25697966837925, 67.90436134132574 ], [ 16.25729967985857, 67.93373658698044 ], [ 16.28463399371727, 67.9665903061188 ], [ 16.259166413487943, 67.98398267353706 ], [ 16.282953933450834, 67.98632369941768 ], [ 16.2585263905293, 67.99853142194776 ], [ 16.21793826790204, 68.00777649025602 ], [ 16.190257274940738, 68.02245750001592 ], [ 16.225751881522136, 68.02223265572229 ], [ 16.23615225460008, 68.03830240964867 ], [ 16.281780558026657, 68.02764214490409 ], [ 16.34084934358473, 67.97617925393496 ], [ 16.386477647011304, 67.94886728532758 ], [ 16.413465281767408, 67.94197646903487 ], [ 16.42938585286365, 67.92107917586314 ], [ 16.45845356223534, 67.9148628924513 ], [ 16.44130628046837, 67.9331414109091 ], [ 16.450213266642816, 67.94950213980368 ], [ 16.40143818366958, 67.95062636127179 ], [ 16.384237566656054, 67.95795364001681 ], [ 16.33887593946225, 67.99157447498047 ], [ 16.31796852281325, 68.03030059802278 ], [ 16.350983040429906, 68.03016833667358 ], [ 16.372557147660824, 68.01690252335001 ], [ 16.386504314634582, 68.028634105023 ], [ 16.419305491265025, 68.01622799046915 ], [ 16.46144033604234, 67.96862713089631 ], [ 16.52400258024967, 67.96524124035709 ], [ 16.527149359796333, 67.97449953480026 ], [ 16.498401661903962, 67.97278013726081 ], [ 16.46584049388301, 67.99014605240923 ], [ 16.457920209769807, 68.004033494074 ], [ 16.47944098175417, 68.00637451995462 ], [ 16.50970873417332, 68.02178296713505 ], [ 16.4226656117979, 68.03766755517256 ], [ 16.37666396164545, 68.03545879064112 ], [ 16.354663172442102, 68.04340769772733 ], [ 16.357463272886164, 68.06118362305823 ], [ 16.39114448108474, 68.07496525564363 ], [ 16.407678407516347, 68.09092920049065 ], [ 16.43658611114838, 68.0903340244193 ], [ 16.45341338143603, 68.10646990902026 ], [ 16.453120037579986, 68.12162705963723 ], [ 16.48133438300682, 68.122156105034 ], [ 16.510002078029363, 68.09816389629125 ], [ 16.553843650696393, 68.08085088568251 ], [ 16.638700027963115, 68.08094346862694 ], [ 16.65566063636715, 68.06298237740718 ], [ 16.690115205640755, 68.07409233073899 ], [ 16.667474393478763, 68.07448911478656 ], [ 16.64654030920649, 68.08574455560247 ], [ 16.71542278013042, 68.08890560184807 ], [ 16.62317947121603, 68.09017531080028 ], [ 16.56877751973139, 68.09554512157732 ], [ 16.53472296480694, 68.10870512582156 ], [ 16.536643033682868, 68.12033089841519 ], [ 16.487921285956187, 68.13357025946894 ], [ 16.443066343604638, 68.12989339396151 ], [ 16.429359185240372, 68.11664080677285 ], [ 16.367143620135636, 68.09108791410968 ], [ 16.339569297667445, 68.09410347287117 ], [ 16.280287171123156, 68.11847923952656 ], [ 16.304181361579154, 68.12501295017645 ], [ 16.283220609683603, 68.1327634652389 ], [ 16.24369919198741, 68.13503836044492 ], [ 16.27700705346011, 68.15121392345064 ], [ 16.30495472265418, 68.13987912582522 ], [ 16.34316942680981, 68.14184981992813 ], [ 16.333195735704294, 68.15616049791029 ], [ 16.346022862500426, 68.16504846057573 ], [ 16.377703998953244, 68.16757465234522 ], [ 16.387037667100117, 68.1554727388945 ], [ 16.41890547691587, 68.14031558827753 ], [ 16.40591834438008, 68.15880572489405 ], [ 16.418665468306383, 68.16568331505184 ], [ 16.380157420294708, 68.17798362052635 ], [ 16.45920025568709, 68.17701811267727 ], [ 16.481894403095634, 68.170219879329 ], [ 16.476080861221295, 68.18951681017556 ], [ 16.417412090012373, 68.19606374696038 ], [ 16.401144839813536, 68.2083772785698 ], [ 16.505495249695585, 68.19091878047695 ], [ 16.541523208742518, 68.17869783181196 ], [ 16.583444712533623, 68.17613196163771 ], [ 16.607338902989618, 68.18423958234294 ], [ 16.574404388242794, 68.18474217546986 ], [ 16.47725423664547, 68.20429040287988 ], [ 16.475734182118696, 68.22262182587737 ], [ 16.45821355362585, 68.22894391836857 ], [ 16.47978766085677, 68.2423155407715 ], [ 16.449039891218636, 68.23632410165327 ], [ 16.445119750596948, 68.22471155519455 ], [ 16.327755540555827, 68.22391798709941 ], [ 16.249352728122087, 68.20942214322838 ], [ 16.24177912311148, 68.21532099940218 ], [ 16.195590799596093, 68.21155155095032 ], [ 16.183003681409453, 68.23287208043945 ], [ 16.225511872912644, 68.2367605641056 ], [ 16.269513451319334, 68.23502794043122 ], [ 16.32535545446092, 68.24768535154854 ], [ 16.36439685493813, 68.2471695322867 ], [ 16.352209751100638, 68.26788165956958 ], [ 16.329542271315372, 68.27085753992631 ], [ 16.298741166430688, 68.25929789800726 ], [ 16.267540047196853, 68.26196957726086 ], [ 16.263566571328614, 68.27228596249755 ], [ 16.22436516511174, 68.27891225609187 ], [ 16.1444689657745, 68.28530047925767 ], [ 16.156949413468034, 68.30693843598486 ], [ 16.177270142404943, 68.3213681491813 ], [ 16.215884860909725, 68.32475403972052 ], [ 16.230152039362803, 68.33343038422726 ], [ 16.26658001275889, 68.31007302996062 ], [ 16.284820667080208, 68.32028360611795 ], [ 16.347862928506522, 68.31099885940493 ], [ 16.333435744313785, 68.30241509784263 ], [ 16.379704070699002, 68.29859274485108 ], [ 16.367970316457217, 68.31464927264253 ], [ 16.421252227764228, 68.29980954926361 ], [ 16.450399940005752, 68.29725690522429 ], [ 16.45680016959218, 68.28809119372553 ], [ 16.401224842683366, 68.29172838082822 ], [ 16.44087959849594, 68.28466562478157 ], [ 16.474987488666947, 68.28864669139213 ], [ 16.541656546858903, 68.27038139906924 ], [ 16.575604431290248, 68.24429946100932 ], [ 16.603472097614485, 68.23939256495443 ], [ 16.615259187102826, 68.22760807874177 ], [ 16.6025387307998, 68.20139387933266 ], [ 16.65208717484806, 68.19372272107974 ], [ 16.703289011539482, 68.17648906728051 ], [ 16.728649921275704, 68.15926863961622 ], [ 16.814172989124348, 68.1511081143713 ], [ 16.801479200444597, 68.16297195739348 ], [ 16.749637340794532, 68.17122506558283 ], [ 16.748223956760864, 68.1780232989311 ], [ 16.636726623840634, 68.21565165277515 ], [ 16.64728700265824, 68.23127171811427 ], [ 16.604112120573127, 68.24780438676281 ], [ 16.63741998204583, 68.263900592959 ], [ 16.619152660101236, 68.28032745252818 ], [ 16.543736621474494, 68.29343455223274 ], [ 16.451306639197163, 68.30278542962034 ], [ 16.43882619150363, 68.31128983437316 ], [ 16.40431828698347, 68.31179242750007 ], [ 16.344849487076246, 68.3224923706494 ], [ 16.358076628221532, 68.32800766891054 ], [ 16.32210200442115, 68.33590367145707 ], [ 16.307781490721517, 68.32712151787098 ], [ 16.276820380097174, 68.33842986322658 ], [ 16.302741309922208, 68.35177503335967 ], [ 16.32495544011177, 68.34668297141592 ], [ 16.31647513590975, 68.36554343981015 ], [ 16.294954363925385, 68.34845527349505 ], [ 16.27695371821356, 68.35358701384355 ], [ 16.275326993193673, 68.37320137192816 ], [ 16.38279751499911, 68.38554135580742 ], [ 16.399998132012634, 68.37915313264163 ], [ 16.415225344903675, 68.38982662352112 ], [ 16.49400150406329, 68.41010228835168 ], [ 16.576111116132505, 68.4160275967953 ], [ 16.537363059511343, 68.40124077795606 ], [ 16.551150220745438, 68.39929653612299 ], [ 16.5905916355718, 68.42151644278661 ], [ 16.656193988832687, 68.41626566722384 ], [ 16.669181121368478, 68.40503667867776 ], [ 16.696675440966843, 68.41826281359658 ], [ 16.73931697058642, 68.42245549836585 ], [ 16.785318620738867, 68.4125094449069 ], [ 16.771664797621156, 68.4021137028607 ], [ 16.850814303506645, 68.39728616361533 ], [ 16.896549277426328, 68.38696977837866 ], [ 16.902629495533436, 68.36777865661145 ], [ 16.869561642670224, 68.35193374697869 ], [ 16.83420037420521, 68.34267545253552 ], [ 16.867988252896893, 68.339990547147 ], [ 17.00116636354115, 68.35927425185864 ], [ 17.025220559736805, 68.35521382843856 ], [ 17.04124780132615, 68.36758026458766 ], [ 17.042661185359822, 68.3836896969188 ], [ 17.09570308805734, 68.38632169776763 ], [ 17.11575714076148, 68.38204965618885 ], [ 17.132717749165515, 68.39229991075094 ], [ 17.19277323678483, 68.38970758830685 ], [ 17.234854746315595, 68.37103228580148 ], [ 17.24664183580393, 68.35107404820897 ], [ 17.229654559776623, 68.34151155266267 ], [ 17.239094898416603, 68.31250663878569 ], [ 17.27285610948501, 68.29572267357369 ], [ 17.332564918001726, 68.28176910123435 ], [ 17.332911597104324, 68.2466801652947 ], [ 17.3085907246759, 68.23526601085976 ], [ 17.311204151757025, 68.2231376451392 ], [ 17.336725067232905, 68.21100927941865 ], [ 17.312910879646736, 68.19550824929378 ], [ 17.33229824176896, 68.1929159268497 ], [ 17.366886149158947, 68.20913116826017 ], [ 17.335098342213023, 68.22399734390892 ], [ 17.357792489621563, 68.24191875672393 ], [ 17.357365807649135, 68.25908627984856 ], [ 17.390593666252006, 68.24847891964366 ], [ 17.407607609902595, 68.2601708229119 ], [ 17.39720723682465, 68.27417729979094 ], [ 17.355792417875804, 68.2961459098911 ], [ 17.30667065579997, 68.31302245804751 ], [ 17.271629398814277, 68.31672577582479 ], [ 17.286003247760465, 68.32655279406947 ], [ 17.278269637010197, 68.35058468121697 ], [ 17.246481830064273, 68.37134971303952 ], [ 17.24882858091263, 68.39465416276649 ], [ 17.301283795898062, 68.40073818482915 ], [ 17.296003606489258, 68.41990285432652 ], [ 17.35299231743174, 68.42527266510356 ], [ 17.383900092809533, 68.42190000069927 ], [ 17.415687899755458, 68.40602863879667 ], [ 17.481530261625835, 68.3935299412984 ], [ 17.56430656427697, 68.3742859149915 ], [ 17.598174445838485, 68.37879602699883 ], [ 17.513718082920914, 68.39650582165513 ], [ 17.47553004638856, 68.40009010421812 ], [ 17.415981243611505, 68.41340882208138 ], [ 17.432115155693957, 68.42237614155634 ], [ 17.411074400928577, 68.43319511991993 ], [ 17.379579937838695, 68.43303640630091 ], [ 17.3987539589747, 68.44603769692611 ], [ 17.458062753142265, 68.45224075420305 ], [ 17.53297210692675, 68.45556051406767 ], [ 17.609774861963885, 68.44512509361671 ], [ 17.63252234461898, 68.44815387851312 ], [ 17.693084517080553, 68.43409449709442 ], [ 17.709805116875096, 68.44080014749827 ], [ 17.78994132482183, 68.41151748478799 ], [ 17.82647596871102, 68.40641219670933 ], [ 17.850103482934248, 68.41297235962907 ], [ 17.890531599821852, 68.41371302318451 ], [ 17.889411559644227, 68.41955897481863 ], [ 17.80426183852146, 68.41846120562037 ], [ 17.71193852673724, 68.44786290354492 ], [ 17.68737764569932, 68.46280843600319 ], [ 17.63225566838621, 68.47575682208871 ], [ 17.565666613064085, 68.47382580639056 ], [ 17.47064987132891, 68.4668291810185 ], [ 17.475743387374774, 68.47922206943744 ], [ 17.54339914762797, 68.50060872960117 ], [ 17.538865651670918, 68.50745986748913 ], [ 17.56529326633821, 68.51915177075736 ], [ 17.573880241033333, 68.53811804823096 ], [ 17.544439184935765, 68.55069610253875 ], [ 17.491477285108076, 68.53059237746214 ], [ 17.422861490416913, 68.52423060656619 ], [ 17.292723488826212, 68.47424904270797 ], [ 17.248295228447095, 68.4633903859396 ], [ 17.049114750192803, 68.45023038169538 ], [ 17.013380135001913, 68.45554728793275 ], [ 17.059941805243177, 68.47582295276331 ], [ 17.102956681588626, 68.480108220477 ], [ 17.07010216971163, 68.5046294746165 ], [ 16.997832910631548, 68.51481359850399 ], [ 16.99641952659788, 68.52633356201828 ], [ 16.938044099245, 68.51505166893253 ], [ 16.93681738857427, 68.50371687130709 ], [ 16.911189802605282, 68.48543835284929 ], [ 16.87382846239451, 68.46992409658951 ], [ 16.785958643697512, 68.46686885942326 ], [ 16.67456798127039, 68.45304754843309 ], [ 16.664834298774363, 68.46033514877337 ], [ 16.638860033702777, 68.45515050388518 ], [ 16.588671566695872, 68.45508437321058 ], [ 16.557716089351345, 68.44735983622523 ], [ 16.553708316985215, 68.49034518573174 ], [ 16.56776675772439, 68.50162742024995 ], [ 16.628926509758987, 68.49897037226559 ], [ 16.71430109574393, 68.51078401638065 ], [ 16.76599630696593, 68.53576026743364 ], [ 16.788523021063742, 68.53834918598251 ], [ 16.8668683866791, 68.5727681767953 ], [ 17.138378941978385, 68.5612134245351 ], [ 17.195525950101207, 68.5574799314699 ], [ 17.33771545505766, 68.56245338026113 ], [ 17.54759579869131, 68.59700862994491 ], [ 17.745686977453136, 68.59748553599339 ], [ 17.95930332403913, 68.60735067825327 ], [ 18.023285833859937, 68.60845437510831 ], [ 18.1259256843913, 68.53651185507051 ], [ 18.10107771755643, 68.40604182224848 ], [ 18.11461035047268, 68.34052855707515 ], [ 18.151361549885326, 68.19879207946842 ], [ 17.899767237870904, 67.96937570020627 ], [ 17.664736833537333, 68.03838176645817 ], [ 17.495374779646387, 68.07483738452625 ], [ 17.281523087049965, 68.11880989289953 ], [ 17.25264528412809, 68.10158500090213 ], [ 17.18049891600402, 68.05046067250564 ], [ 16.929854629045952, 67.9773169105567 ], [ 16.73811692753896, 67.91421481184027 ], [ 16.678914803864505, 67.82442258187639 ], [ 16.55628200790794, 67.6471889179153 ], [ 16.494873189009855, 67.59445673484109 ], [ 16.407566269553552, 67.53402929370593 ], [ 16.28560167548695, 67.52798965757079 ], [ 16.15798945077583, 67.51916338794996 ], [ 16.089827005680373, 67.4352832402948 ], [ 16.179969651271545, 67.37122382649355 ], [ 16.329968953287803, 67.26204732512807 ], [ 16.404102154315975, 67.20497437799521 ], [ 16.38774676361351, 67.04545611772393 ], [ 16.194017409822763, 66.98259232042827 ], [ 16.03874873967311, 66.91245383374785 ], [ 15.993636888521017, 66.87322541078453 ], [ 15.906780439508537, 66.80753119864274 ], [ 15.807614690355035, 66.73548081210238 ], [ 15.62135686757713, 66.59433912988624 ], [ 15.451057425331594, 66.5239760921181 ], [ 15.377214776478183, 66.48431091349656 ], [ 15.430389088552513, 66.39221746429727 ], [ 15.484735777639541, 66.28245949543502 ], [ 15.30555887273347, 66.23273660120563 ], [ 15.035673458113855, 66.15356005175336 ], [ 14.863729690283733, 66.14598638227308 ], [ 14.51627722661053, 66.13257508146539 ], [ 14.573128618518275, 65.95786506123349 ], [ 14.58439197556718, 65.90134488154567 ], [ 14.625481143928955, 65.8118016312792 ], [ 14.541469452759191, 65.70075819755714 ], [ 14.498768322718746, 65.5212916385725 ], [ 14.502006191944108, 65.37394129548088 ], [ 14.506821484638234, 65.30972248958196 ], [ 14.37880111680473, 65.24761569618343 ], [ 14.325982160818395, 65.11892381264147 ], [ 14.296664400045149, 65.11504944059453 ], [ 14.252441194727826, 65.13142775688786 ], [ 14.191502835460774, 65.13107348382329 ], [ 14.164299199148555, 65.13924901608286 ], [ 14.063842230874535, 65.12195776535387 ], [ 14.01220236784442, 65.12950650680686 ], [ 13.948856362230309, 65.1268358329354 ], [ 13.931615400457659, 65.11868755245004 ], [ 13.834091886353626, 65.11825152406286 ], [ 13.78051483660748, 65.11062102728727 ], [ 13.709696825088688, 65.11258315502955 ], [ 13.628916139030327, 65.10532055720564 ], [ 13.529787527361584, 65.11672542470774 ], [ 13.411259374436618, 65.09907990091418 ], [ 13.303994578560559, 65.1021184737373 ], [ 13.152534251463116, 65.11588061970758 ], [ 13.085396894704779, 65.10996698470649 ], [ 13.053239595218717, 65.0737902544579 ], [ 12.995954216616177, 65.06844890671499 ], [ 12.967588268274337, 65.03287171549876 ], [ 12.929896149599625, 65.03875809872565 ], [ 12.907895243324734, 65.02905646711096 ], [ 12.910967067974436, 65.01713381589909 ], [ 12.948050356538399, 65.0000197017024 ], [ 12.934240982662715, 64.98462244928021 ], [ 12.906954324062664, 64.97425314919765 ], [ 12.774672145453902, 64.97553398258498 ], [ 12.791304277115799, 64.95344641959704 ], [ 12.768334777482895, 64.94077434459471 ], [ 12.71508981688807, 64.95260161459689 ], [ 12.628663615257285, 64.93949351120739 ], [ 12.5871524713424, 64.96252126040517 ], [ 12.580898125659225, 64.98704785718388 ], [ 12.561249517539512, 64.9903044442006 ], [ 12.507783164177141, 64.97708733371431 ], [ 12.451743119892047, 64.98800166928083 ], [ 12.389171988964346, 64.99121737863626 ], [ 12.276815159434726, 64.95978245709821 ], [ 12.247729684598365, 64.9713780870197 ], [ 12.205360643709241, 64.97246815798765 ], [ 12.182159250186393, 64.9814783829849 ] ] ], [ [ [ 12.061202492503355, 66.49048751850364 ], [ 12.080349846016086, 66.50613403611261 ], [ 12.102377302842708, 66.50135940140692 ], [ 12.061202492503355, 66.49048751850364 ] ] ], [ [ [ 12.064082595817247, 67.51122770699867 ], [ 12.107390816018743, 67.53076270827377 ], [ 12.138431929512919, 67.52700648595683 ], [ 12.126991519127179, 67.51520877360923 ], [ 12.064082595817247, 67.51122770699867 ] ] ], [ [ [ 12.072749573382202, 65.46673177124713 ], [ 12.111550965249922, 65.49028751753755 ], [ 12.146832230845105, 65.50049809369487 ], [ 12.158325976477398, 65.49228466391028 ], [ 12.104910727054001, 65.46224811150964 ], [ 12.074322963155533, 65.45773799950233 ], [ 12.072749573382202, 65.46673177124713 ] ] ], [ [ [ 12.089523508423298, 65.49317081494985 ], [ 12.11139095951026, 65.50073616412341 ], [ 12.159686025264513, 65.53224081750005 ], [ 12.107390816018743, 65.48967911533128 ], [ 12.089523508423298, 65.49317081494985 ] ] ], [ [ [ 12.123551395724473, 65.59511786290413 ], [ 12.125711473209893, 65.61725841275825 ], [ 12.169526378253646, 65.64708334700019 ], [ 12.184700255898136, 65.64233516456433 ], [ 12.167206295028567, 65.61430898467134 ], [ 12.140832015607828, 65.59689016498325 ], [ 12.123551395724473, 65.59511786290413 ] ] ], [ [ [ 12.13651186063699, 66.00922814721245 ], [ 12.156005893252317, 66.01762674288591 ], [ 12.15747261253254, 66.00656969409377 ], [ 12.13651186063699, 66.00922814721245 ] ] ], [ [ [ 12.155419205540229, 65.45379661129651 ], [ 12.161232747414568, 65.46290941825558 ], [ 12.194433938394162, 65.4748658442222 ], [ 12.184993599754181, 65.46350459432693 ], [ 12.155419205540229, 65.45379661129651 ] ] ], [ [ [ 12.194060591668286, 66.00765423715711 ], [ 12.221154896917499, 66.01330179676745 ], [ 12.239982238950908, 66.00458577385595 ], [ 12.214968008317285, 66.00080309926916 ], [ 12.194060591668286, 66.00765423715711 ] ] ], [ [ [ 12.197047365475287, 65.92386667244638 ], [ 12.197634053187375, 65.93588922908759 ], [ 12.217448097282025, 65.94957827872857 ], [ 12.27393012338225, 65.96113792064762 ], [ 12.26731655280961, 65.95414129527556 ], [ 12.209101131196393, 65.93427564062749 ], [ 12.197047365475287, 65.92386667244638 ] ] ], [ [ [ 12.200620826994376, 65.97969418793873 ], [ 12.212087905003393, 65.99462649426208 ], [ 12.247102494365809, 66.00020792319782 ], [ 12.24608912468129, 65.99262934788933 ], [ 12.200620826994376, 65.97969418793873 ] ] ], [ [ [ 12.215261352173329, 65.96134953880632 ], [ 12.257956217039458, 65.98581788840615 ], [ 12.28305045054291, 65.99485133855569 ], [ 12.275663518895243, 65.97870222781981 ], [ 12.287983960849116, 65.96727484724995 ], [ 12.215261352173329, 65.96134953880632 ] ] ], [ [ [ 12.233795350350693, 65.83806873522798 ], [ 12.261529678558547, 65.88102722144431 ], [ 12.319105077213122, 65.90811434575807 ], [ 12.333452258536031, 65.9214198374864 ], [ 12.299611044597793, 65.91702876069334 ], [ 12.316891664481147, 65.93214623290557 ], [ 12.345932706229565, 65.93682828466683 ], [ 12.375613770936624, 65.93256946922297 ], [ 12.330678825715246, 65.91381480990808 ], [ 12.292730797792384, 65.8830508200869 ], [ 12.272463404102028, 65.87425544036587 ], [ 12.233795350350693, 65.83806873522798 ] ] ], [ [ [ 12.248435875529648, 66.02757279634487 ], [ 12.272756747958073, 66.02852507805902 ], [ 12.277876931627215, 66.04007149384316 ], [ 12.306011274184222, 66.03853726219256 ], [ 12.290917399409562, 66.02220298556782 ], [ 12.248435875529648, 66.02757279634487 ] ] ], [ [ [ 12.265529822050066, 65.99924241534875 ], [ 12.385720800158524, 66.0165686520924 ], [ 12.344866001298493, 66.00145117988019 ], [ 12.309851411936078, 65.97134849680495 ], [ 12.288783989547419, 65.97171882858268 ], [ 12.294277519942437, 66.00446673864168 ], [ 12.265529822050066, 65.99924241534875 ] ] ], [ [ [ 12.265716495413002, 65.91122248746399 ], [ 12.289957364971599, 65.92921003095358 ], [ 12.30486456638332, 65.93032102628676 ], [ 12.265716495413002, 65.91122248746399 ] ] ], [ [ [ 12.273343435670162, 65.4595499799862 ], [ 12.327185367065987, 65.48351573645911 ], [ 12.294410858058821, 65.462353920589 ], [ 12.273343435670162, 65.4595499799862 ] ] ], [ [ [ 12.289797359231937, 66.14377761774163 ], [ 12.322411862499443, 66.16840468096048 ], [ 12.351852918597011, 66.16677786636546 ], [ 12.296037583078704, 66.12729785363278 ], [ 12.289797359231937, 66.14377761774163 ] ] ], [ [ [ 12.298624342536552, 66.02061584937756 ], [ 12.328785424462595, 66.03213581289185 ], [ 12.309718073819694, 66.0368707691928 ], [ 12.360759904771456, 66.04647294314387 ], [ 12.386387490740445, 66.05947423376907 ], [ 12.371480289328723, 66.06135234492754 ], [ 12.44246950249152, 66.08060959736935 ], [ 12.450789800953874, 66.09021177132041 ], [ 12.337505737274101, 66.0743933139575 ], [ 12.359106512128296, 66.0916930984313 ], [ 12.476177378313372, 66.1114926224048 ], [ 12.508045188129127, 66.13971719432156 ], [ 12.591034831766475, 66.1663810823179 ], [ 12.549726683310737, 66.1594241353506 ], [ 12.531646034729079, 66.1773455481656 ], [ 12.49244462851221, 66.17794072423695 ], [ 12.439242720075029, 66.156752456097 ], [ 12.431909123673913, 66.16054835681871 ], [ 12.468230426576891, 66.17676359822917 ], [ 12.450203113241786, 66.18928874799731 ], [ 12.469617142987284, 66.19570342343293 ], [ 12.552233439898757, 66.20182712390034 ], [ 12.549433339454694, 66.21875657659643 ], [ 12.587514705493941, 66.22829261987292 ], [ 12.6108755434844, 66.21789687782672 ], [ 12.607542090574803, 66.20267359653515 ], [ 12.631276275291139, 66.18907712983861 ], [ 12.615862389037162, 66.16378875987381 ], [ 12.61884916284416, 66.14963679551067 ], [ 12.55991371540247, 66.13166247815599 ], [ 12.567407317543246, 66.1214783542685 ], [ 12.608928806985197, 66.13265443827491 ], [ 12.602741918384982, 66.14287824056716 ], [ 12.622449291986527, 66.14820837293944 ], [ 12.636396458960284, 66.12743011498198 ], [ 12.609515494697284, 66.11505045269796 ], [ 12.653063723508271, 66.12294645524449 ], [ 12.667170896221691, 66.10318660967577 ], [ 12.65167700709788, 66.09456316970869 ], [ 12.588714748541395, 66.08563552863849 ], [ 12.572420830719281, 66.0685605884583 ], [ 12.471457208993382, 66.03931760415279 ], [ 12.40705489877995, 66.02783731904324 ], [ 12.371826968431321, 66.02540371021817 ], [ 12.307584663957552, 66.01346051038648 ], [ 12.298624342536552, 66.02061584937756 ] ] ], [ [ [ 12.300117729440053, 65.13233540209454 ], [ 12.336145688486987, 65.14233436009317 ], [ 12.352466273932377, 65.13380350307052 ], [ 12.379533911558312, 65.13416060871333 ], [ 12.454496600589348, 65.12573556077005 ], [ 12.39430777485365, 65.11225812928777 ], [ 12.336785711445629, 65.12966372284093 ], [ 12.300117729440053, 65.13233540209454 ] ] ], [ [ [ 12.302731156521176, 65.65681778230044 ], [ 12.303024500377221, 65.66254469872028 ], [ 12.347692769365832, 65.68770080733589 ], [ 12.384787433343838, 65.69366579418428 ], [ 12.400227987221093, 65.70969586970588 ], [ 12.450149777995232, 65.72673113148133 ], [ 12.4515631620289, 65.71953611408549 ], [ 12.378200530394473, 65.6740778883695 ], [ 12.35774646334118, 65.6547545052531 ], [ 12.330198808496263, 65.64873661386504 ], [ 12.302731156521176, 65.65681778230044 ] ] ], [ [ [ 12.304384549164338, 66.35605708318873 ], [ 12.322118518643398, 66.37265588251185 ], [ 12.370440252020927, 66.36850287614735 ], [ 12.349639505865039, 66.35185117228455 ], [ 12.304384549164338, 66.35605708318873 ] ] ], [ [ [ 12.307637999204104, 65.20227520354527 ], [ 12.32126515469854, 65.21812011317802 ], [ 12.331185510557503, 65.2035581386324 ], [ 12.307637999204104, 65.20227520354527 ] ] ], [ [ [ 12.312998191482738, 65.23828996892922 ], [ 12.33089216670146, 65.24649017257889 ], [ 12.372760335246008, 65.24789214288029 ], [ 12.334412292973994, 65.23764188831821 ], [ 12.312998191482738, 65.23828996892922 ] ] ], [ [ [ 12.315611618563864, 65.81244971189022 ], [ 12.328225404373782, 65.83461671401416 ], [ 12.344199310716574, 65.83456380947449 ], [ 12.321345157568372, 65.80844219300981 ], [ 12.315611618563864, 65.81244971189022 ] ] ], [ [ [ 12.325105292450399, 65.19158848653086 ], [ 12.3494528325021, 65.20074097189469 ], [ 12.368920197494152, 65.19539761338748 ], [ 12.340279170094888, 65.17332319420797 ], [ 12.325105292450399, 65.19158848653086 ] ] ], [ [ [ 12.329425447421237, 65.8357673877521 ], [ 12.33801242211636, 65.85632080141595 ], [ 12.344785998428662, 65.8375264636963 ], [ 12.329425447421237, 65.8357673877521 ] ] ], [ [ [ 12.340812522560423, 66.1291362863865 ], [ 12.351986256713396, 66.14315598940046 ], [ 12.40257473806945, 66.15658051634306 ], [ 12.403881451610014, 66.1457879902493 ], [ 12.340812522560423, 66.1291362863865 ] ] ], [ [ [ 12.354039663705706, 66.16213549300896 ], [ 12.391160995306988, 66.17594357786422 ], [ 12.38849423297931, 66.16565364489736 ], [ 12.354039663705706, 66.16213549300896 ] ] ], [ [ [ 12.374120384033123, 65.74608096686757 ], [ 12.410441686936103, 65.76800989856298 ], [ 12.40508149465747, 65.77740045435534 ], [ 12.487564453452558, 65.80774120785912 ], [ 12.493004648601023, 65.79197565503588 ], [ 12.461056835915436, 65.76311622864301 ], [ 12.436282613891304, 65.76484885231739 ], [ 12.414335159934513, 65.75220466733498 ], [ 12.374120384033123, 65.74608096686757 ] ] ], [ [ [ 12.379853923037633, 65.89381689391081 ], [ 12.38153398330407, 65.90255936909216 ], [ 12.415641873475074, 65.9251496075335 ], [ 12.454016583370365, 65.92427668262886 ], [ 12.455163291171267, 65.95221027957741 ], [ 12.485964396055952, 65.97505181458222 ], [ 12.568954039693299, 66.00814360414911 ], [ 12.640929954917336, 66.02479530801192 ], [ 12.687438289912045, 66.02413400126596 ], [ 12.617569116926873, 65.99080414127053 ], [ 12.618955833337267, 65.98080518327191 ], [ 12.692131791608759, 66.00011534025339 ], [ 12.723412913712426, 66.01191305260097 ], [ 12.875738377869407, 66.03049577216193 ], [ 12.922193377617564, 66.04093119261287 ], [ 12.889712212466442, 66.02025874373476 ], [ 12.928353598594502, 66.02262622188522 ], [ 12.932140401099804, 66.0077864985063 ], [ 12.857791067404133, 65.98393977724767 ], [ 12.848350728764153, 65.9884631153899 ], [ 12.71863940914588, 65.96953651632107 ], [ 12.599888482694368, 65.92624737673177 ], [ 12.595568327723527, 65.91988560583582 ], [ 12.54217974592341, 65.90024479548136 ], [ 12.485271037850755, 65.86089704409787 ], [ 12.459350108025722, 65.85588433896363 ], [ 12.429082355606575, 65.86083091342327 ], [ 12.45057645996766, 65.87239055534232 ], [ 12.477750768086702, 65.87397769153259 ], [ 12.53569951346715, 65.89773182984679 ], [ 12.518445561207074, 65.90091932836222 ], [ 12.411748400476665, 65.88928032963366 ], [ 12.389640940780211, 65.88032623629361 ], [ 12.403321431521201, 65.90020511707661 ], [ 12.379853923037633, 65.89381689391081 ] ] ], [ [ [ 12.384227413255026, 66.00212571276106 ], [ 12.41766861284411, 66.01387052056896 ], [ 12.402654740939282, 65.99889853584085 ], [ 12.384227413255026, 66.00212571276106 ] ] ], [ [ [ 12.387587533787901, 65.82080862915892 ], [ 12.391774350642354, 65.84949611579785 ], [ 12.425268885477994, 65.85927022950285 ], [ 12.396894534311496, 65.83966909755316 ], [ 12.402974752418604, 65.83272537672077 ], [ 12.435455917569724, 65.84411307888588 ], [ 12.48921784609572, 65.85124196560713 ], [ 12.482364266913585, 65.83193180862564 ], [ 12.466763707296668, 65.83377024137936 ], [ 12.416255228810442, 65.81520074795334 ], [ 12.387587533787901, 65.82080862915892 ] ] ], [ [ [ 12.468257094200167, 66.13602710267921 ], [ 12.516205480851823, 66.14884322741554 ], [ 12.493724674429494, 66.13650324353628 ], [ 12.468257094200167, 66.13602710267921 ] ] ], [ [ [ 12.509298566423137, 66.04185702205719 ], [ 12.569620730275219, 66.05271567882555 ], [ 12.584661269803323, 66.04795427025476 ], [ 12.556740268232534, 66.0349794318994 ], [ 12.521992355102885, 66.03339229570915 ], [ 12.509298566423137, 66.04185702205719 ] ] ], [ [ [ 12.517458859145833, 65.78652648744932 ], [ 12.546739909503739, 65.81223809373152 ], [ 12.528099240833267, 65.81853373395288 ], [ 12.564900560955227, 65.83888875559295 ], [ 12.580127773846272, 65.83833325792635 ], [ 12.573620873766735, 65.82009441787329 ], [ 12.554793531733328, 65.81035998257305 ], [ 12.538419611041384, 65.78628841702078 ], [ 12.517458859145833, 65.78652648744932 ] ] ], [ [ [ 12.522872386671018, 66.3668496092825 ], [ 12.542739766012222, 66.38852724441445 ], [ 12.567113973687203, 66.38037994530445 ], [ 12.522872386671018, 66.3668496092825 ] ] ], [ [ [ 12.538446278664658, 66.31915616676523 ], [ 12.580367782455763, 66.34142897796852 ], [ 12.628129495744481, 66.35169245866553 ], [ 12.600555173276287, 66.33650885577872 ], [ 12.538446278664658, 66.31915616676523 ] ] ], [ [ [ 12.547166591476167, 66.34951014640392 ], [ 12.592288210060484, 66.37182263601197 ], [ 12.587381367377557, 66.35949587826762 ], [ 12.547166591476167, 66.34951014640392 ] ] ], [ [ [ 12.556260251013551, 65.7936818264404 ], [ 12.556873606348915, 65.80581019216098 ], [ 12.579834429990228, 65.8118016312792 ], [ 12.556260251013551, 65.7936818264404 ] ] ], [ [ [ 12.559007016211059, 67.6440577799884 ], [ 12.56754065565963, 67.65397738117753 ], [ 12.599008451126235, 67.65892395563716 ], [ 12.640609943438015, 67.68144806340392 ], [ 12.698052003976205, 67.69431709267992 ], [ 12.726399687519425, 67.69392030863237 ], [ 12.695438576895079, 67.6734330256431 ], [ 12.715012612380239, 67.66688608885829 ], [ 12.723492916582256, 67.65123957124932 ], [ 12.705332265130767, 67.65637131159782 ], [ 12.698638691688295, 67.63893926577482 ], [ 12.683598152160187, 67.66224371550179 ], [ 12.659783964574022, 67.66726964677093 ], [ 12.65447710754194, 67.65101472695571 ], [ 12.61959585629591, 67.66025979526397 ], [ 12.596661700277878, 67.6529060642491 ], [ 12.596021677319232, 67.63059357464104 ], [ 12.559007016211059, 67.6440577799884 ] ] ], [ [ [ 12.57962108900401, 65.86360840175622 ], [ 12.605702024568707, 65.87450673692933 ], [ 12.591461513738903, 65.85891312386005 ], [ 12.57962108900401, 65.86360840175622 ] ] ], [ [ [ 12.584634602180046, 66.35474769583178 ], [ 12.594074940820029, 66.36868804203621 ], [ 12.61154223406632, 66.3615856075848 ], [ 12.584634602180046, 66.35474769583178 ] ] ], [ [ [ 12.606795397123054, 66.5595279427799 ], [ 12.624342693239178, 66.57002949390544 ], [ 12.607595425821359, 66.58197269373714 ], [ 12.635383089275766, 66.60533004800378 ], [ 12.666717546625986, 66.6035180675199 ], [ 12.650370293557316, 66.58986869628367 ], [ 12.678984653333305, 66.59486817528298 ], [ 12.684771527584367, 66.57543898308724 ], [ 12.668450942138975, 66.55866824401018 ], [ 12.640929954917336, 66.54855025079728 ], [ 12.606795397123054, 66.5595279427799 ] ] ], [ [ [ 12.620262546877829, 66.36487891517959 ], [ 12.638396530706043, 66.37411075735292 ], [ 12.639356565144006, 66.35935039078352 ], [ 12.620262546877829, 66.36487891517959 ] ] ], [ [ [ 12.670877695857161, 66.17667101528475 ], [ 12.687358287042215, 66.1866831994183 ], [ 12.7226395526374, 66.18241115783951 ], [ 12.720826154254578, 66.16545525287358 ], [ 12.752853969809994, 66.17222703395203 ], [ 12.77210799381583, 66.16214871914389 ], [ 12.80394913600831, 66.16393424735793 ], [ 12.797655576914988, 66.14730899576496 ], [ 12.767467827365671, 66.14006107382944 ], [ 12.718932753001926, 66.14111916462295 ], [ 12.695465244518356, 66.14703124693166 ], [ 12.69559858263474, 66.17680327663393 ], [ 12.670877695857161, 66.17667101528475 ] ] ], [ [ [ 12.697491983887392, 66.24646532925138 ], [ 12.72303956698655, 66.25936081079722 ], [ 12.716452664037185, 66.2657358078281 ], [ 12.773548045472776, 66.28254622530991 ], [ 12.808269290979148, 66.29832500426808 ], [ 12.862191225244803, 66.29179129361818 ], [ 12.89072558215096, 66.28180556175447 ], [ 12.88517871650939, 66.25184836616333 ], [ 12.839177066356939, 66.22223505008009 ], [ 12.823576506740022, 66.22956232882512 ], [ 12.788721923117265, 66.21419356004945 ], [ 12.744533671347636, 66.22707581546038 ], [ 12.755440729267843, 66.24551304753722 ], [ 12.697491983887392, 66.24646532925138 ] ] ], [ [ [ 12.738480120863809, 67.74395477703027 ], [ 12.761440944505118, 67.7576041482665 ], [ 12.764694394544886, 67.7403175899276 ], [ 12.738480120863809, 67.74395477703027 ] ] ], [ [ [ 12.793015410464829, 66.54292914345677 ], [ 12.833070180626557, 66.54622245105156 ], [ 12.807122583178245, 66.55429039335205 ], [ 12.85557765467216, 66.56635262839801 ], [ 12.876111724595283, 66.55339101617756 ], [ 12.852137531269456, 66.5472276373054 ], [ 12.885072046016283, 66.54228106284575 ], [ 12.875578372129748, 66.52738843492716 ], [ 12.810962720930103, 66.51647687361913 ], [ 12.793015410464829, 66.54292914345677 ] ] ], [ [ [ 12.796588871983918, 67.83938134046957 ], [ 12.847444029572742, 67.84822962473027 ], [ 12.829630057223852, 67.85631079316566 ], [ 12.861364528923222, 67.86851851569574 ], [ 12.846510662758053, 67.9015177223182 ], [ 12.900219256037495, 67.92263985978356 ], [ 12.884405355434364, 67.93476822550411 ], [ 12.90755285243861, 67.93976770450344 ], [ 12.90523276921353, 67.96713257765047 ], [ 12.924353455102985, 67.98166809992627 ], [ 12.96872838023555, 67.98273941685468 ], [ 12.950621064030614, 68.00808069135915 ], [ 12.983795587386933, 68.0235023646745 ], [ 12.984115598866254, 68.03445360438728 ], [ 13.016996778366526, 68.04638357808406 ], [ 13.014516689401784, 68.05703061669371 ], [ 13.041771000390657, 68.06508533285927 ], [ 13.048517909079685, 68.07545462263563 ], [ 13.078625655759172, 68.0722009934456 ], [ 13.097319659676195, 68.07848340753205 ], [ 13.072438767158957, 68.102766591243 ], [ 13.081132412347188, 68.11284490605114 ], [ 13.105479952398891, 68.10738251232966 ], [ 13.143187971712262, 68.11209101636076 ], [ 13.135694369571485, 68.09898391665621 ], [ 13.178975922149704, 68.09730419752152 ], [ 13.184069438195571, 68.08446162051536 ], [ 13.136654404009452, 68.07315327515975 ], [ 13.1231605866314, 68.06099845716936 ], [ 13.162308657601717, 68.06819347456519 ], [ 13.167268835531196, 68.05839290859035 ], [ 13.097506333039135, 68.0431828534337 ], [ 13.085452567318029, 68.0331309908954 ], [ 13.049504611140925, 68.03219193531616 ], [ 13.090946097713044, 68.02005034346068 ], [ 13.162548666211208, 68.04503451232235 ], [ 13.1781758934514, 68.01764318690546 ], [ 13.167108829791538, 67.99145543976618 ], [ 13.186042842318052, 67.97525342449063 ], [ 13.136947747865495, 67.95061313513686 ], [ 13.117453715250168, 67.95294093488258 ], [ 13.111800179115487, 67.96767484918215 ], [ 13.093239513314849, 67.9535890154936 ], [ 13.070225354426984, 67.95048087378768 ], [ 13.045077785676977, 67.96312505877007 ], [ 13.020570239885615, 67.98802987082222 ], [ 13.005583035604062, 67.9812051852041 ], [ 13.027023804718596, 67.96013595227842 ], [ 12.989822470247486, 67.95384031205705 ], [ 12.976275317622878, 67.94089192597153 ], [ 13.012543285279303, 67.94943600912909 ], [ 13.069558663845065, 67.93945027726538 ], [ 13.086865951351697, 67.92902808294934 ], [ 13.06123836538271, 67.90330325053225 ], [ 13.02849052399882, 67.89952057594546 ], [ 13.031823976908417, 67.88195626877327 ], [ 13.006169723316152, 67.88870159758186 ], [ 12.984408942722297, 67.87735357382151 ], [ 12.929873653121277, 67.87038340071929 ], [ 12.866724721201855, 67.82745136677279 ], [ 12.812909457429306, 67.82786137695528 ], [ 12.796588871983918, 67.83938134046957 ] ] ], [ [ [ 12.799095628571934, 66.38619944466873 ], [ 12.862271228114633, 66.40377697797584 ], [ 12.879098498402282, 66.4000207556589 ], [ 12.883098641893799, 66.37553917992416 ], [ 12.834990249502486, 66.36765640351254 ], [ 12.833710203585198, 66.37463980274968 ], [ 12.799095628571934, 66.38619944466873 ] ] ], [ [ [ 12.828910031395377, 66.43077151934516 ], [ 12.830830100271307, 66.44493670984322 ], [ 12.89512573999163, 66.45759412096054 ], [ 12.914033084894868, 66.44125984433579 ], [ 12.892938994882932, 66.43243801234493 ], [ 12.89752582608654, 66.41725440945812 ], [ 12.879418509881603, 66.40130369074603 ], [ 12.843443886081225, 66.41258558383178 ], [ 12.828910031395377, 66.43077151934516 ] ] ], [ [ [ 12.847417361949464, 66.16668528342103 ], [ 12.874778343431444, 66.18206727833163 ], [ 12.876511738944433, 66.19607375521066 ], [ 12.925046813308178, 66.21049024227217 ], [ 12.959154703479186, 66.21320159993053 ], [ 12.968115024900182, 66.19935383667053 ], [ 12.96102143710856, 66.17917075478441 ], [ 12.87872515167641, 66.16220162368356 ], [ 12.847417361949464, 66.16668528342103 ] ] ], [ [ [ 12.862191225244803, 66.3614533462356 ], [ 12.878111796341042, 66.37044711798042 ], [ 12.892805656766548, 66.36359598009247 ], [ 12.862191225244803, 66.3614533462356 ] ] ], [ [ [ 12.872351589713258, 66.48364960675062 ], [ 12.906139468404941, 66.4941114794714 ], [ 12.90581945692562, 66.4822344103143 ], [ 12.872351589713258, 66.48364960675062 ] ] ], [ [ [ 12.897019141244282, 66.58055749730082 ], [ 12.90589945979545, 66.59628337171931 ], [ 12.943234132382944, 66.59342652657683 ], [ 12.925260154294392, 66.5763251341268 ], [ 12.897019141244282, 66.58055749730082 ] ] ], [ [ [ 12.90141929908495, 66.4239071553223 ], [ 12.904219399529012, 66.43407805307487 ], [ 12.932247071592911, 66.43644553122533 ], [ 12.949527691476266, 66.44656352443823 ], [ 12.92171336039858, 66.4565889347067 ], [ 12.964994912976799, 66.46461719860243 ], [ 12.974435251616782, 66.45513405986563 ], [ 12.955847918192863, 66.43570486766988 ], [ 12.944834189779552, 66.39500805052467 ], [ 12.920833328830447, 66.3907492350808 ], [ 12.902512671639297, 66.39802360928616 ], [ 12.90141929908495, 66.4239071553223 ] ] ], [ [ [ 12.919339941926946, 66.23009137422187 ], [ 12.963554861319853, 66.25262870812354 ], [ 12.987102372673252, 66.27431956939041 ], [ 13.033184025695533, 66.27741448496141 ], [ 13.094599562101966, 66.28816733265042 ], [ 13.182282707436027, 66.28451691941282 ], [ 13.106066640110981, 66.26040567545581 ], [ 13.00526302412474, 66.23333177727699 ], [ 12.937953942974143, 66.22699645865086 ], [ 12.919339941926946, 66.23009137422187 ] ] ], [ [ [ 12.923606761651232, 66.47986693216383 ], [ 12.935367183516295, 66.49096365936072 ], [ 12.967048319969113, 66.49011718672591 ], [ 12.944914192649382, 66.47585941328343 ], [ 12.923606761651232, 66.47986693216383 ] ] ], [ [ [ 12.924353455102985, 66.6798328660015 ], [ 12.972648520857238, 66.6931780361346 ], [ 12.97942209716954, 66.68353618377877 ], [ 12.924353455102985, 66.6798328660015 ] ] ], [ [ [ 12.970755119604586, 66.65253412352905 ], [ 12.981102157435977, 66.65627711971108 ], [ 13.031770641661865, 66.65070891691026 ], [ 12.988275748097433, 66.64730980023612 ], [ 12.970755119604586, 66.65253412352905 ] ] ], [ [ [ 12.986942366933594, 66.61280281423291 ], [ 13.014276680792296, 66.64039253167357 ], [ 13.058384929692092, 66.64326260295095 ], [ 13.040890968822524, 66.60255255967083 ], [ 12.998462780189161, 66.60331967549612 ], [ 12.986942366933594, 66.61280281423291 ] ] ], [ [ [ 12.994035954725216, 66.55726627370878 ], [ 13.00328962000226, 66.57514800811903 ], [ 13.050971330421149, 66.58885028389493 ], [ 13.065478517483719, 66.5661410102393 ], [ 13.023823689925383, 66.55458136832026 ], [ 12.994035954725216, 66.55726627370878 ] ] ], [ [ [ 12.999449482250402, 66.38959856134286 ], [ 13.014276680792296, 66.41605083118051 ], [ 13.047744548004658, 66.43517582227312 ], [ 13.0888126878509, 66.43337706792417 ], [ 13.122467228426203, 66.40804901955462 ], [ 13.112093522971534, 66.39674067419904 ], [ 13.004649668789376, 66.37990380444737 ], [ 12.999449482250402, 66.38959856134286 ] ] ], [ [ [ 13.03297068470932, 66.67229396909778 ], [ 13.045611138142515, 66.68852243664317 ], [ 13.068598629407102, 66.68504396315952 ], [ 13.083772507051592, 66.70010853083205 ], [ 13.100653112585793, 66.68407845531044 ], [ 13.08899936121384, 66.65879008534566 ], [ 13.04681118118997, 66.65802296952036 ], [ 13.063638451477619, 66.6662628515748 ], [ 13.03297068470932, 66.67229396909778 ] ] ], [ [ [ 13.091559453048411, 66.61436349815334 ], [ 13.122520563672754, 66.63244362458737 ], [ 13.125667343219416, 66.58952481677579 ], [ 13.110546800821481, 66.58008135644374 ], [ 13.091559453048411, 66.61436349815334 ] ] ], [ [ [ 13.165802116250973, 68.04490225097315 ], [ 13.198603292881415, 68.06836541431915 ], [ 13.233991228969707, 68.07433040116753 ], [ 13.224684228446112, 68.0948970409663 ], [ 13.233751220360215, 68.10165559590982 ], [ 13.284953057051638, 68.10381145590159 ], [ 13.30060695191511, 68.11129744826565 ], [ 13.325274503446135, 68.10315014915565 ], [ 13.29415338708213, 68.07956795059539 ], [ 13.34578190574598, 68.07399974779456 ], [ 13.33575487939391, 68.09325700023636 ], [ 13.33740827203707, 68.11982830528828 ], [ 13.29612679120461, 68.12935112242984 ], [ 13.312927393868986, 68.14020977919819 ], [ 13.321007683721849, 68.16978341687667 ], [ 13.378129732780717, 68.16564363664708 ], [ 13.452372395983282, 68.14768254542732 ], [ 13.457119232926548, 68.1378290749128 ], [ 13.416504442676008, 68.10174817885425 ], [ 13.421971305447748, 68.08907754160202 ], [ 13.405730722872189, 68.06582599641473 ], [ 13.39186355876826, 68.03164966378449 ], [ 13.336688246208599, 68.0231584851666 ], [ 13.297060158019299, 68.00489319284371 ], [ 13.260712187493045, 68.0005946989951 ], [ 13.262285577266375, 68.04061698325945 ], [ 13.238044707707779, 68.06132911054233 ], [ 13.239564762234554, 68.03982341516432 ], [ 13.222817494816734, 68.02622694846778 ], [ 13.216603938593245, 68.00227441812979 ], [ 13.200923376106498, 68.01913774015128 ], [ 13.181722687347214, 68.0185161118101 ], [ 13.165802116250973, 68.04490225097315 ] ] ], [ [ [ 13.186522859537035, 66.80200267424667 ], [ 13.198789966244355, 66.81119483801524 ], [ 13.233351206011065, 66.8109567675867 ], [ 13.211563757793932, 66.7980216076361 ], [ 13.186522859537035, 66.80200267424667 ] ] ], [ [ [ 13.258632112877454, 66.75684864963381 ], [ 13.35764899810415, 66.78799619736763 ], [ 13.415251064382002, 66.77685979176599 ], [ 13.47965337459543, 66.77520652490114 ], [ 13.471893096221887, 66.76475787831527 ], [ 13.42055792141408, 66.75429600559447 ], [ 13.34959537587456, 66.75005041628553 ], [ 13.296473470307209, 66.75297339210259 ], [ 13.270045855639918, 66.7495345970237 ], [ 13.258632112877454, 66.75684864963381 ] ] ], [ [ [ 13.333834810517981, 66.81951407687919 ], [ 13.36154247110256, 66.8347770365755 ], [ 13.406237407714446, 66.83776614306716 ], [ 13.416104428326857, 66.84539762291533 ], [ 13.516321356601008, 66.84731541247855 ], [ 13.576030165117722, 66.8394061837971 ], [ 13.552455986141048, 66.83086210063954 ], [ 13.471413079002904, 66.82565100348152 ], [ 13.405704055248911, 66.81581075910192 ], [ 13.338794988447464, 66.81089063691212 ], [ 13.333834810517981, 66.81951407687919 ] ] ], [ [ [ 13.382689896361047, 66.90176740993934 ], [ 13.409384187261107, 66.91431901197731 ], [ 13.414957720525955, 66.90635687875617 ], [ 13.382689896361047, 66.90176740993934 ] ] ], [ [ [ 13.398423794094349, 66.78779780534384 ], [ 13.419464548859732, 66.7961302703427 ], [ 13.459572654268012, 66.79315438998597 ], [ 13.435865137174954, 66.78318188425717 ], [ 13.398423794094349, 66.78779780534384 ] ] ], [ [ [ 13.40613073722134, 66.92630189021375 ], [ 13.449252284059899, 66.93787475826772 ], [ 13.428238196917793, 66.925283477825 ], [ 13.40613073722134, 66.92630189021375 ] ] ], [ [ [ 13.42661147189791, 66.90558976293089 ], [ 13.43207833466965, 66.92501895512663 ], [ 13.45610586324203, 66.930825228356 ], [ 13.469999694969236, 66.91591937430248 ], [ 13.42661147189791, 66.90558976293089 ] ] ], [ [ [ 13.431464979334283, 66.8718763450228 ], [ 13.484906896380956, 66.88138593602943 ], [ 13.466479568696698, 66.8734105766734 ], [ 13.431464979334283, 66.8718763450228 ] ] ], [ [ [ 13.460052671486995, 68.08542712836443 ], [ 13.482453475039492, 68.11096679489268 ], [ 13.481173429122208, 68.12550231716845 ], [ 13.501094143709963, 68.13546159676233 ], [ 13.542028945439824, 68.1409901211584 ], [ 13.555469427571325, 68.15959929298918 ], [ 13.580483658204948, 68.16020769519545 ], [ 13.573896755255582, 68.17804975120093 ], [ 13.540508890913049, 68.15880572489405 ], [ 13.491493799330321, 68.14641283647511 ], [ 13.490293756282867, 68.16205935408408 ], [ 13.535148698634416, 68.1658023502661 ], [ 13.480693411903225, 68.17819523868505 ], [ 13.490933779241509, 68.1843453914223 ], [ 13.527121744028104, 68.18356504946209 ], [ 13.524881663672854, 68.1992380193409 ], [ 13.477759973342778, 68.2041581415307 ], [ 13.523308273899524, 68.22177535324256 ], [ 13.583737108244712, 68.2320520600745 ], [ 13.649366129128875, 68.2332556383521 ], [ 13.555576098064432, 68.24641564259633 ], [ 13.509441109795596, 68.24671984369947 ], [ 13.537468781859495, 68.2631202509988 ], [ 13.583150420532625, 68.27075173084697 ], [ 13.563069700205208, 68.28172942282959 ], [ 13.644965971288208, 68.30400223403288 ], [ 13.685500758668915, 68.31019206517489 ], [ 13.7136617688492, 68.30053698668415 ], [ 13.718781952518341, 68.2833562374246 ], [ 13.75086310332031, 68.26577870411748 ], [ 13.799104833828011, 68.25813399813441 ], [ 13.78030415941788, 68.24157487721604 ], [ 13.800464882615127, 68.23806995146255 ], [ 13.853773461545416, 68.24410106898553 ], [ 13.852813427107453, 68.25171932269878 ], [ 13.801638258039304, 68.26309379872896 ], [ 13.776757365522066, 68.28187491031369 ], [ 13.748836363951277, 68.27598928027481 ], [ 13.746996297945177, 68.2891096061143 ], [ 13.78419763241629, 68.29289228070107 ], [ 13.800651555978064, 68.28282719202785 ], [ 13.839052933496632, 68.29412231124851 ], [ 13.824679084550446, 68.3024018717077 ], [ 13.85009332953322, 68.30421385219158 ], [ 13.878094333973841, 68.32929060399766 ], [ 13.918335777498505, 68.32700248265671 ], [ 13.909135447468017, 68.33870761205986 ], [ 13.95031025780737, 68.34746331337612 ], [ 13.983084766814535, 68.34574391583668 ], [ 14.020152763169264, 68.31367053865854 ], [ 14.004072186333364, 68.2983943528273 ], [ 14.026793001365181, 68.283779473742 ], [ 13.989138317298366, 68.27891225609187 ], [ 13.956817157886903, 68.26849006177585 ], [ 13.919882499648558, 68.29469103505004 ], [ 13.895134945247705, 68.29203258193135 ], [ 13.94126993351654, 68.26763036300612 ], [ 13.943830025351112, 68.25732720390435 ], [ 13.973697763421107, 68.2697862229979 ], [ 14.016472631157068, 68.25809431972965 ], [ 14.089995268531158, 68.28844829936834 ], [ 14.132770136267116, 68.27981163326635 ], [ 14.168958101053711, 68.25734043003928 ], [ 14.124343167311654, 68.24160132948587 ], [ 14.125623213228938, 68.22176212710764 ], [ 14.110422667961174, 68.21127380211702 ], [ 14.095168787446852, 68.22986974781288 ], [ 14.037540053545726, 68.19315399727823 ], [ 14.016099284431192, 68.19044263961987 ], [ 13.977724574535902, 68.20098386915018 ], [ 13.916575714362239, 68.18168693830361 ], [ 13.890388108304439, 68.18490088908888 ], [ 13.897961713315045, 68.20175098497546 ], [ 13.858733639474899, 68.19007230784214 ], [ 13.845693171692549, 68.16668850130567 ], [ 13.801718260909137, 68.16621236044858 ], [ 13.785024328737869, 68.15616049791029 ], [ 13.844706469631308, 68.15670276944195 ], [ 13.839132936366461, 68.13932362815862 ], [ 13.85846696324213, 68.12646782501753 ], [ 13.783344268471431, 68.11550335916982 ], [ 13.763103542404355, 68.13407285259585 ], [ 13.760276774337015, 68.15461304012479 ], [ 13.747182971308114, 68.15400463791852 ], [ 13.745849590144275, 68.12558167397796 ], [ 13.710728330288752, 68.10953837232144 ], [ 13.733822492046446, 68.10797768840102 ], [ 13.72782227680917, 68.08801945080852 ], [ 13.69974126949872, 68.07932988016685 ], [ 13.694834426815792, 68.09129953226838 ], [ 13.633578896149022, 68.08214704690455 ], [ 13.65405963082559, 68.10017426879891 ], [ 13.625151927193556, 68.0945531614584 ], [ 13.627445342795362, 68.10518697393314 ], [ 13.65280625253158, 68.11232908678932 ], [ 13.628112033377281, 68.12480133201775 ], [ 13.64765940123916, 68.13251216867543 ], [ 13.606884605248961, 68.13072664046139 ], [ 13.586377202949116, 68.1365593659606 ], [ 13.568989912572654, 68.12821367482681 ], [ 13.55426938452387, 68.13446963664342 ], [ 13.542348956919145, 68.12075413473259 ], [ 13.581337022149803, 68.11833375204246 ], [ 13.55152261932636, 68.10575569773465 ], [ 13.579896970492857, 68.10587473294892 ], [ 13.58269707093692, 68.08845591326083 ], [ 13.546162427047726, 68.08381353990433 ], [ 13.52789510510313, 68.07456847159607 ], [ 13.535468710113737, 68.06534985555766 ], [ 13.50352089742815, 68.05717610417781 ], [ 13.460052671486995, 68.08542712836443 ] ] ], [ [ [ 13.472559786803807, 66.73964144810442 ], [ 13.536135400695656, 66.74851618463495 ], [ 13.549495879957323, 66.74231312735802 ], [ 13.50626766262566, 66.73748558811265 ], [ 13.472559786803807, 66.73964144810442 ] ] ], [ [ [ 13.56720318181311, 66.83014788935392 ], [ 13.579390285650597, 66.8358880319087 ], [ 13.625205262440112, 66.83349410148838 ], [ 13.596644237910677, 66.8274629839654 ], [ 13.56720318181311, 66.83014788935392 ] ] ], [ [ [ 13.569683270777848, 66.8783306988632 ], [ 13.605951238434272, 66.89248266322633 ], [ 13.642165870844146, 66.88773448079047 ], [ 13.616431614382048, 66.87421737090344 ], [ 13.577310211035009, 66.8641390560953 ], [ 13.569683270777848, 66.8783306988632 ] ] ], [ [ [ 13.609738040939575, 66.8445379241456 ], [ 13.63821906259918, 66.86211545745272 ], [ 13.668086800669176, 66.86809367043602 ], [ 13.679927225404068, 66.84649539211358 ], [ 13.668380144525223, 66.83809679644013 ], [ 13.614591548375952, 66.83633772049593 ], [ 13.609738040939575, 66.8445379241456 ] ] ], [ [ [ 13.747983000006418, 67.04963559833178 ], [ 13.775423984358227, 67.06008424491765 ], [ 13.748943034444384, 67.06772895090073 ], [ 13.7675303678683, 67.07998957797048 ], [ 13.824492411187506, 67.08666877610447 ], [ 13.870520728963236, 67.07119419824946 ], [ 13.802171610504843, 67.05216179010127 ], [ 13.747983000006418, 67.04963559833178 ] ] ], [ [ [ 13.776544024535852, 68.32232043089545 ], [ 13.796384736253778, 68.33189615257668 ], [ 13.80774514376969, 68.32431757726819 ], [ 13.776544024535852, 68.32232043089545 ] ] ], [ [ [ 13.830225950192016, 67.10657410915731 ], [ 13.849533309444407, 67.12510392417857 ], [ 13.93588307361463, 67.10809511467298 ], [ 13.896094979685671, 67.10026524280103 ], [ 13.830225950192016, 67.10657410915731 ] ] ], [ [ [ 13.860840381713764, 68.33145969012436 ], [ 13.898841744883178, 68.34106186407541 ], [ 13.901295166224642, 68.33484558066357 ], [ 13.860840381713764, 68.33145969012436 ] ] ], [ [ [ 13.879134371281637, 67.39486417198287 ], [ 13.895028274754598, 67.40552443672745 ], [ 13.926896084570355, 67.40950550333801 ], [ 13.879134371281637, 67.39486417198287 ] ] ], [ [ [ 13.90561532119548, 67.01317114436058 ], [ 13.945483417994271, 67.02469110787487 ], [ 13.93172292438345, 67.03115868785018 ], [ 13.96060396039221, 67.05951552111614 ], [ 13.956390475914475, 67.02602694750168 ], [ 13.938816512175077, 67.01364728521766 ], [ 13.90561532119548, 67.01317114436058 ] ] ], [ [ [ 13.91358894055524, 67.26104213887423 ], [ 13.91873579184766, 67.26831651307958 ], [ 13.951483633231547, 67.26747004044478 ], [ 13.97233771463399, 67.28872443925933 ], [ 14.021832823435702, 67.28208491953008 ], [ 13.997085269034848, 67.27207273539653 ], [ 13.928362803850575, 67.25950790722365 ], [ 13.91358894055524, 67.26104213887423 ] ] ], [ [ [ 13.929402841158371, 67.12464100945641 ], [ 13.96364406944576, 67.15478337093641 ], [ 13.987884939004356, 67.14556475489799 ], [ 13.943136667145914, 67.12084510873471 ], [ 13.929402841158371, 67.12464100945641 ] ] ], [ [ [ 13.945136738891673, 67.42086675323328 ], [ 13.973537757681449, 67.43763749231034 ], [ 13.974951141715117, 67.42578687542309 ], [ 13.945136738891673, 67.42086675323328 ] ] ], [ [ [ 13.969324273203714, 67.15644986393619 ], [ 13.990578368955312, 67.16757304340291 ], [ 14.018739379135592, 67.16054996576102 ], [ 13.993351801776097, 67.15047165095288 ], [ 13.969324273203714, 67.15644986393619 ] ] ], [ [ [ 14.007778985968837, 67.09228988344498 ], [ 14.014072545062156, 67.10935159749026 ], [ 14.047060395055539, 67.1186627964731 ], [ 14.041486861790691, 67.1362932343199 ], [ 14.080128247918747, 67.16355229838759 ], [ 14.091835334537254, 67.15072294751633 ], [ 14.135170222362028, 67.13983783847814 ], [ 14.154984266456676, 67.12181061658379 ], [ 14.200825910869465, 67.1373513251134 ], [ 14.23221370346624, 67.17237413037844 ], [ 14.230186964097204, 67.18591769253533 ], [ 14.274321880620281, 67.19899833997003 ], [ 14.30224288219107, 67.1867509390352 ], [ 14.282695514329191, 67.17587905613193 ], [ 14.27922872330321, 67.15061713843698 ], [ 14.255307865223934, 67.13823747615297 ], [ 14.239653970360461, 67.11452301624351 ], [ 14.211812971659501, 67.1038362992291 ], [ 14.219813258642535, 67.08706556015204 ], [ 14.21506642169927, 67.06382724109967 ], [ 14.24256074129763, 67.06218720036973 ], [ 14.217173163938135, 67.03777175530959 ], [ 14.22210667424434, 67.01799868360595 ], [ 14.188532136538871, 67.00392607605232 ], [ 14.161384496043105, 67.01272145577335 ], [ 14.14807735202799, 67.0301799538662 ], [ 14.154450913991141, 67.04392190804684 ], [ 14.117249579520028, 67.07439492289981 ], [ 14.085808451676701, 67.07648465221699 ], [ 14.055540699257556, 67.09305699927027 ], [ 14.0248195972427, 67.08526680580309 ], [ 14.007778985968837, 67.09228988344498 ] ] ], [ [ [ 14.053273951279028, 68.32292883310171 ], [ 14.100288971115994, 68.31995295274498 ], [ 14.077514820837624, 68.33768919967112 ], [ 14.153357541436794, 68.34573068970177 ], [ 14.183305282376619, 68.3280473473153 ], [ 14.238480594936284, 68.3227039888081 ], [ 14.271228436320172, 68.29872500620027 ], [ 14.271148433450342, 68.28594855986869 ], [ 14.245280838871864, 68.2635434873162 ], [ 14.201439266204833, 68.25694364599171 ], [ 14.157971040263675, 68.26815940840288 ], [ 14.150664111485838, 68.29525975885154 ], [ 14.156690994346391, 68.3078774915641 ], [ 14.071807949456392, 68.30029891625561 ], [ 14.053273951279028, 68.32292883310171 ] ] ], [ [ [ 14.205946094538607, 68.17414804139989 ], [ 14.234133772342169, 68.20341747797524 ], [ 14.212613000357806, 68.21417032566424 ], [ 14.22250668859349, 68.23660185048657 ], [ 14.32531037632549, 68.24451107916802 ], [ 14.325870396414302, 68.24965604565143 ], [ 14.386005886903448, 68.26297476351469 ], [ 14.309496475722355, 68.24986766381014 ], [ 14.27514857694186, 68.24894183436582 ], [ 14.265814908794987, 68.25896724463429 ], [ 14.307363065860212, 68.27965291964733 ], [ 14.345551102392566, 68.27430956114013 ], [ 14.342644331455396, 68.28364721239281 ], [ 14.314376650782009, 68.28858056071753 ], [ 14.308936455633543, 68.31950326415775 ], [ 14.332563969856775, 68.34182897990071 ], [ 14.369711969081333, 68.34106186407541 ], [ 14.40115309692466, 68.32675118609326 ], [ 14.417767026226095, 68.30184637404112 ], [ 14.432700895261092, 68.30290446483463 ], [ 14.406246612970524, 68.32188396844313 ], [ 14.445714695420161, 68.32167235028443 ], [ 14.436647703506058, 68.3354275306 ], [ 14.46214195135866, 68.34411710124166 ], [ 14.469235539150286, 68.31742676097548 ], [ 14.485476121725846, 68.31806161545158 ], [ 14.498569924754747, 68.33401233416369 ], [ 14.484916101637033, 68.34890496208229 ], [ 14.428700751769576, 68.35214536513739 ], [ 14.449261489315976, 68.36334790141363 ], [ 14.404726558443748, 68.38255224931576 ], [ 14.41566028398723, 68.39345058448887 ], [ 14.482622686035231, 68.3966248568694 ], [ 14.518543974589058, 68.40608154333636 ], [ 14.545078259749456, 68.38096511312551 ], [ 14.579479493776503, 68.37890183607817 ], [ 14.590599892682924, 68.38645395911682 ], [ 14.561585518557784, 68.40839611694715 ], [ 14.531637777617956, 68.41719149666817 ], [ 14.617534192192473, 68.43446482887214 ], [ 14.655908902087763, 68.4374539353638 ], [ 14.682523190117994, 68.42562977074637 ], [ 14.675482937572923, 68.40282791414631 ], [ 14.69847042883751, 68.3883982009499 ], [ 14.706284042457607, 68.39986525992451 ], [ 14.708924137162008, 68.43545678899106 ], [ 14.8378087604587, 68.43216348139627 ], [ 14.84335562610027, 68.40691478983624 ], [ 14.822954894293531, 68.38712849199769 ], [ 14.765966183351047, 68.36694541011155 ], [ 14.838235442431127, 68.3846155263631 ], [ 14.867356487049374, 68.39661163073447 ], [ 14.898504271036657, 68.39376801172693 ], [ 14.866129776378642, 68.41732375801735 ], [ 14.891704027101078, 68.4301531088886 ], [ 14.88282370854991, 68.45872156031326 ], [ 14.90229107354196, 68.44833904440199 ], [ 14.95095948602209, 68.4505213566636 ], [ 15.003654709617013, 68.43725554334002 ], [ 14.99381435662788, 68.45246559849666 ], [ 15.076723997395398, 68.46344329047929 ], [ 15.141659660074364, 68.46435589378868 ], [ 15.171580733390911, 68.47464582675553 ], [ 15.193501519724428, 68.46467332102674 ], [ 15.146486499887459, 68.43638261843537 ], [ 15.130112579195515, 68.41608050133499 ], [ 15.044056158881336, 68.37105873807131 ], [ 15.022082037301267, 68.36870448605576 ], [ 15.005628113739494, 68.38372937532354 ], [ 14.966506710392451, 68.34063862775801 ], [ 14.877890198243705, 68.3126521262698 ], [ 14.873063358430606, 68.30644906899286 ], [ 14.819781447123596, 68.29274679321696 ], [ 14.797300640701266, 68.27987776394095 ], [ 14.719857862705489, 68.2678948857045 ], [ 14.738551866622515, 68.3130092319126 ], [ 14.79908737146081, 68.32909221197389 ], [ 14.759405948024959, 68.32843090522795 ], [ 14.742045325271771, 68.33787436555998 ], [ 14.740631941238103, 68.35350765703403 ], [ 14.703403939143715, 68.35902295529519 ], [ 14.718924495890803, 68.34819075079666 ], [ 14.713190956886294, 68.33052063454512 ], [ 14.689910121765664, 68.32439693407771 ], [ 14.725271390230677, 68.31782354502305 ], [ 14.693616921401134, 68.28429529300384 ], [ 14.624147762765116, 68.28351495104363 ], [ 14.655108873389462, 68.2742302043306 ], [ 14.659722372216343, 68.28203362393272 ], [ 14.683856571281833, 68.27198176139441 ], [ 14.680549785995513, 68.25452326330156 ], [ 14.656068907827425, 68.25403389630956 ], [ 14.659215687374086, 68.26616226203014 ], [ 14.626361175497088, 68.2554623188808 ], [ 14.672869510491797, 68.24571465744563 ], [ 14.66398919194063, 68.2364828152723 ], [ 14.634094786247356, 68.23498826202646 ], [ 14.632441393604196, 68.24551626542186 ], [ 14.576812731448825, 68.24124422384307 ], [ 14.567479063301953, 68.22947296376532 ], [ 14.546304970420188, 68.23616538803424 ], [ 14.537131308012974, 68.21868043767157 ], [ 14.46240862759143, 68.20487235281631 ], [ 14.416086965959657, 68.20870793194277 ], [ 14.402166466609177, 68.21477872787051 ], [ 14.396139583748624, 68.19308786660363 ], [ 14.356031478340341, 68.18970197606441 ], [ 14.33989756625789, 68.1802717418673 ], [ 14.284908927061164, 68.17883009316115 ], [ 14.25733460459297, 68.17073569859083 ], [ 14.205946094538607, 68.17414804139989 ] ] ], [ [ [ 14.213333026186277, 67.37524981389826 ], [ 14.22549346240049, 67.38547361619051 ], [ 14.266054917404478, 67.39843522841096 ], [ 14.305416329361009, 67.42433200058201 ], [ 14.386139225019829, 67.44509703240456 ], [ 14.40371318875923, 67.43431773244572 ], [ 14.385819213540508, 67.42259937690764 ], [ 14.41598029546655, 67.42248034169337 ], [ 14.39219277550366, 67.39757552964123 ], [ 14.33027055425497, 67.3851826412223 ], [ 14.314269980288902, 67.3890446726186 ], [ 14.26709495471227, 67.3753423968427 ], [ 14.213333026186277, 67.37524981389826 ] ] ], [ [ [ 14.28336220491111, 67.28217750247451 ], [ 14.29562931161843, 67.2906686810924 ], [ 14.349017893418548, 67.30800814397097 ], [ 14.311309874105177, 67.2831562364585 ], [ 14.28336220491111, 67.28217750247451 ] ] ], [ [ [ 14.314936670870821, 68.60874560869746 ], [ 14.34451106508477, 68.62546344323485 ], [ 14.334270697746486, 68.6074362213405 ], [ 14.314936670870821, 68.60874560869746 ] ] ], [ [ [ 14.323336972203006, 67.28238912063321 ], [ 14.352671357807466, 67.29463652156804 ], [ 14.366485186664843, 67.2908802992511 ], [ 14.323336972203006, 67.28238912063321 ] ] ], [ [ [ 14.352351346328145, 67.2086005139211 ], [ 14.362938392769028, 67.21240964077772 ], [ 14.498569924754747, 67.23883545834553 ], [ 14.493823087811478, 67.23366403959227 ], [ 14.590679895552753, 67.23932482533752 ], [ 14.614707424125136, 67.2244851019586 ], [ 14.501156684212592, 67.20791275490532 ], [ 14.432167542795558, 67.2005854761603 ], [ 14.377872261804026, 67.18475379266246 ], [ 14.360991656269825, 67.1865393208765 ], [ 14.352351346328145, 67.2086005139211 ] ] ], [ [ [ 14.368085244061447, 68.6845181356474 ], [ 14.409366724893907, 68.69987367828816 ], [ 14.465848750994134, 68.69523130493164 ], [ 14.428594081276469, 68.7049657402319 ], [ 14.44051450888119, 68.72156453955502 ], [ 14.476835811784166, 68.73051863289507 ], [ 14.524837533682376, 68.728574391062 ], [ 14.573292605176292, 68.74154922941736 ], [ 14.542171488812286, 68.73811043433847 ], [ 14.527317622647118, 68.74678677884522 ], [ 14.462275289475045, 68.75093978520972 ], [ 14.472515656813329, 68.75761898334373 ], [ 14.449661503665126, 68.76875538894538 ], [ 14.459608527147367, 68.77554039615873 ], [ 14.512650429844886, 68.78610807795887 ], [ 14.549318411850464, 68.81047061847934 ], [ 14.573985963381489, 68.81037803553491 ], [ 14.58939984963547, 68.79727093583035 ], [ 14.58523970040429, 68.74447220523442 ], [ 14.615694126186376, 68.7271724207606 ], [ 14.645935210982248, 68.74258086794103 ], [ 14.60470706539634, 68.74588740167073 ], [ 14.601693623966064, 68.761811668113 ], [ 14.61881423810976, 68.76156037154954 ], [ 14.61854756187699, 68.77846337197579 ], [ 14.657535627107649, 68.7821931420229 ], [ 14.62942795217392, 68.79035366726781 ], [ 14.632468061227474, 68.82975432319098 ], [ 14.684203250384432, 68.8367244962932 ], [ 14.704870658423939, 68.83188373091292 ], [ 14.705724022368795, 68.7999690673538 ], [ 14.689990124635493, 68.78793328457768 ], [ 14.702923921924732, 68.74829455822596 ], [ 14.728418169777335, 68.75280467023327 ], [ 14.736978476849185, 68.76457593031103 ], [ 14.76801959034336, 68.7807250410469 ], [ 14.794553875503759, 68.78088375466594 ], [ 14.864076369386332, 68.79294598971191 ], [ 14.897010884133156, 68.78539386667326 ], [ 14.87949025564031, 68.77077898758796 ], [ 14.890637322170008, 68.75554248016147 ], [ 14.883837078234425, 68.74195923959985 ], [ 14.909784675682737, 68.74596675848025 ], [ 14.902451079281622, 68.76052873302586 ], [ 14.936398963712964, 68.78415060999089 ], [ 14.986000743007782, 68.7790320957773 ], [ 14.92325182543751, 68.79791901644138 ], [ 14.934852241562911, 68.81172710129663 ], [ 14.978187129387685, 68.81512621797077 ], [ 14.9286653529627, 68.82749265411987 ], [ 14.905411185465343, 68.83989876867372 ], [ 14.903411113719585, 68.85108807881505 ], [ 14.968720123124427, 68.86648329986056 ], [ 14.990747579951048, 68.86202609239291 ], [ 14.990614241834663, 68.85143195832293 ], [ 15.017735214707152, 68.8425439956575 ], [ 15.01834857004252, 68.7998235798697 ], [ 15.039362657184622, 68.79454635203709 ], [ 15.039816006780327, 68.85414331598129 ], [ 15.078057378559237, 68.856960482719 ], [ 15.113205306038036, 68.83483315899981 ], [ 15.122912320910785, 68.82028441058911 ], [ 15.154566789740326, 68.81438555441531 ], [ 15.140486284650184, 68.82866978012764 ], [ 15.14408641379255, 68.85086323452143 ], [ 15.112938629805267, 68.85529398971923 ], [ 15.080457464654145, 68.87174730155824 ], [ 15.089604459438082, 68.89748536011028 ], [ 15.04717627080472, 68.88621669315944 ], [ 15.056216595095549, 68.89921798378464 ], [ 15.03698923871299, 68.90778851921203 ], [ 15.06384353535271, 68.91362124471124 ], [ 15.042029419512303, 68.93449208561314 ], [ 15.005174764143788, 68.94316843011988 ], [ 15.022615389766806, 68.9512495985553 ], [ 15.011121644134512, 68.96463444709313 ], [ 15.030375668140348, 68.98841503767719 ], [ 15.010508288799144, 68.99944563419947 ], [ 15.07571062771088, 69.00384993712744 ], [ 15.109071824430135, 69.02079261595846 ], [ 15.154060104898065, 69.0230675111645 ], [ 15.18528789175518, 69.01387534739591 ], [ 15.176114229347966, 68.97276852006821 ], [ 15.171314057158146, 68.98071742715442 ], [ 15.125152401266035, 68.95585229350704 ], [ 15.142006339176959, 68.95148766898383 ], [ 15.181314415886938, 68.96593060831518 ], [ 15.178834326922196, 68.94539042078625 ], [ 15.214142260140658, 68.94150193712011 ], [ 15.235263017775871, 68.95474129817386 ], [ 15.29726524189439, 68.960256596435 ], [ 15.297291909517668, 68.94823403979379 ], [ 15.264384062394118, 68.93065650648668 ], [ 15.221129177439174, 68.94377683232615 ], [ 15.21576898516054, 68.93462434696232 ], [ 15.183021143776653, 68.93807636817614 ], [ 15.175980891231582, 68.92768062612994 ], [ 15.207955371540443, 68.91971849290881 ], [ 15.256410443034358, 68.91778747721067 ], [ 15.278757911340303, 68.9230118005036 ], [ 15.317372629845085, 68.91814458285347 ], [ 15.280704647839507, 68.9066378454741 ], [ 15.32686630373162, 68.91376673219534 ], [ 15.30241209318681, 68.89839796341967 ], [ 15.297051900908176, 68.87559610681963 ], [ 15.270917630096928, 68.85633885437782 ], [ 15.266517472256258, 68.83927714033254 ], [ 15.244543350676189, 68.82363062272357 ], [ 15.28185135564041, 68.83571931003938 ], [ 15.289984980739828, 68.84902480176771 ], [ 15.337160006316456, 68.86706524979698 ], [ 15.359160795519802, 68.85514850223512 ], [ 15.384948387228452, 68.8560478794096 ], [ 15.388948530719968, 68.83975328118962 ], [ 15.367747770214926, 68.823233838676 ], [ 15.368761139899444, 68.80016745937758 ], [ 15.329106384086867, 68.79592187006864 ], [ 15.297291909517668, 68.79998229348871 ], [ 15.266144125530385, 68.79475797019577 ], [ 15.313212480613906, 68.78105569441988 ], [ 15.29785192960648, 68.7611900397718 ], [ 15.26286400786734, 68.75543667108212 ], [ 15.348467078585813, 68.74541126081365 ], [ 15.362147569326801, 68.74660161295635 ], [ 15.406549162082644, 68.73190737706153 ], [ 15.420736337665893, 68.69794266259001 ], [ 15.413936093730314, 68.68652850815506 ], [ 15.318466002399433, 68.65089730068375 ], [ 15.282464710975777, 68.64562007285114 ], [ 15.261743967689714, 68.63517142626527 ], [ 15.195554926716738, 68.62646862948868 ], [ 15.175874220738475, 68.61463123873634 ], [ 15.136459473535389, 68.61426090695862 ], [ 15.072430510047834, 68.59487139316762 ], [ 15.034002464905992, 68.57796839274137 ], [ 14.954159600815302, 68.58914447674778 ], [ 14.917011601590744, 68.58508405332769 ], [ 14.847622445824555, 68.58886672791448 ], [ 14.85711611971109, 68.60594166809467 ], [ 14.884797112672391, 68.60598134649943 ], [ 14.861809621407804, 68.6184668178628 ], [ 14.8161013151114, 68.61834778264853 ], [ 14.813834567132872, 68.63726115558245 ], [ 14.791567101696756, 68.63121681192455 ], [ 14.786393582781063, 68.64081898587561 ], [ 14.817248022912299, 68.64278967997852 ], [ 14.842128915429537, 68.65425673895314 ], [ 14.883330393392168, 68.65692841820673 ], [ 14.862102965263848, 68.64661203297005 ], [ 14.952079526199714, 68.66953292478438 ], [ 15.015975151570885, 68.67536565028357 ], [ 15.035042502213784, 68.67142426207776 ], [ 15.065656933735532, 68.694847747019 ], [ 15.099711488659985, 68.7130469086673 ], [ 15.138459545281147, 68.7078490376442 ], [ 15.154326781130834, 68.71913093072996 ], [ 15.127472484491115, 68.734764222204 ], [ 15.141046304738996, 68.74694549246423 ], [ 15.118245486837345, 68.75748672199454 ], [ 15.07504393712896, 68.75485472114569 ], [ 15.023042071739233, 68.76745922772334 ], [ 15.07795070806613, 68.73254223153765 ], [ 15.038029276020783, 68.72468590739587 ], [ 15.02810892016182, 68.71135396339768 ], [ 14.988800843451845, 68.69890817043908 ], [ 14.962933248873366, 68.71685603552392 ], [ 14.97997386014723, 68.71751734226986 ], [ 14.964933320619124, 68.73194705546629 ], [ 14.955279640992927, 68.71700152300802 ], [ 14.921731770910736, 68.70485993115255 ], [ 14.935812276000878, 68.69173960531307 ], [ 14.878636891695454, 68.67900283738625 ], [ 14.850742557747939, 68.69390869143976 ], [ 14.852662626623868, 68.68028577247338 ], [ 14.812501185969033, 68.66401762652322 ], [ 14.794073858284776, 68.68428006521886 ], [ 14.82711504352471, 68.70839130917588 ], [ 14.812074503996605, 68.71458114031788 ], [ 14.777353258490233, 68.68167451663984 ], [ 14.780420035167062, 68.66216596763459 ], [ 14.721617925841755, 68.65904459979375 ], [ 14.727991487804907, 68.68437264816329 ], [ 14.70567068712224, 68.68008738044959 ], [ 14.716657747912276, 68.69762523535195 ], [ 14.687430032800922, 68.69409385732862 ], [ 14.690710150463964, 68.71169784290558 ], [ 14.677002992099698, 68.71173752131034 ], [ 14.682363184378332, 68.68680625698835 ], [ 14.667242641980398, 68.66153111315849 ], [ 14.642788431435587, 68.64994501896959 ], [ 14.637774918259552, 68.63058195744844 ], [ 14.618974243849419, 68.62133688914018 ], [ 14.55854540950423, 68.62144269821954 ], [ 14.528064316098867, 68.60151091289687 ], [ 14.518677312705439, 68.60770074403888 ], [ 14.493289735345943, 68.5991434347464 ], [ 14.482169336439526, 68.61373186156186 ], [ 14.432167542795558, 68.60473808981706 ], [ 14.424540602538396, 68.62291079919552 ], [ 14.444034635153724, 68.63091261082141 ], [ 14.421820504964167, 68.64465456500207 ], [ 14.443501282688189, 68.65989107242855 ], [ 14.465982089110518, 68.66459957645965 ], [ 14.452728280341958, 68.67564339911686 ], [ 14.42443393204529, 68.66367374701534 ], [ 14.392646125099365, 68.66285372665037 ], [ 14.405819930998096, 68.68278551197304 ], [ 14.368085244061447, 68.6845181356474 ] ] ], [ [ [ 14.483876064329237, 67.19197526232814 ], [ 14.508730289223202, 67.20545269381041 ], [ 14.516730576206236, 67.19284818723278 ], [ 14.483876064329237, 67.19197526232814 ] ] ], [ [ [ 14.516890581945894, 67.36222207100322 ], [ 14.541104783881213, 67.37802730223122 ], [ 14.566199017384665, 67.37715437732658 ], [ 14.516890581945894, 67.36222207100322 ] ] ], [ [ [ 14.576439384722953, 67.72756759586585 ], [ 14.600280239932395, 67.73841302649929 ], [ 14.590173210710496, 67.72393040876318 ], [ 14.576439384722953, 67.72756759586585 ] ] ], [ [ [ 14.610387269154295, 68.55786466766476 ], [ 14.635348164541366, 68.57640770882094 ], [ 14.696603695208136, 68.58825832570821 ], [ 14.703750618246314, 68.58019038340773 ], [ 14.745992133516737, 68.5769367542177 ], [ 14.79428719927099, 68.57861647335238 ], [ 14.8520492712885, 68.56744038934599 ], [ 14.864183039879439, 68.57454282379739 ], [ 14.911811415051773, 68.5708924105598 ], [ 14.926371937360894, 68.55865823575988 ], [ 14.990854250444155, 68.55906824594237 ], [ 15.00120128827555, 68.54699278476149 ], [ 14.988267490986306, 68.52991784458129 ], [ 14.949332761002204, 68.52235249540772 ], [ 14.930265410359304, 68.50953637067138 ], [ 14.884850447918943, 68.49747413562541 ], [ 14.868876541576153, 68.50160068972008 ], [ 14.777086582257464, 68.49664088912553 ], [ 14.748418887234923, 68.50305556456115 ], [ 14.70676405967659, 68.50218263965651 ], [ 14.722951307005594, 68.51386131678983 ], [ 14.68278986635076, 68.52471997355819 ], [ 14.665455911220853, 68.53978454123073 ], [ 14.610387269154295, 68.55786466766476 ] ] ], [ [ [ 14.612440676146608, 67.2395893480359 ], [ 14.652922128280764, 67.23744671417906 ], [ 14.699803810001349, 67.24144100692453 ], [ 14.723511327094407, 67.2379096289012 ], [ 14.703190598157502, 67.22498769508552 ], [ 14.620894312725348, 67.22833390721999 ], [ 14.612440676146608, 67.2395893480359 ] ] ], [ [ [ 14.652575449178165, 67.80603825433923 ], [ 14.71503102289239, 67.82184348556721 ], [ 14.702070557979876, 67.80709634513272 ], [ 14.652575449178165, 67.80603825433923 ] ] ], [ [ [ 14.654042168458389, 68.15945380550507 ], [ 14.681003135591215, 68.17019342705916 ], [ 14.704070629725635, 68.16978341687667 ], [ 14.694603623462378, 68.15749633753708 ], [ 14.66761598870627, 68.15249685853777 ], [ 14.654042168458389, 68.15945380550507 ] ] ], [ [ [ 14.71132422325692, 68.19710861161896 ], [ 14.740791946977765, 68.22083629766333 ], [ 14.829728470605833, 68.2163923163306 ], [ 14.827915072223014, 68.207530805935 ], [ 14.798634021865105, 68.21283448603744 ], [ 14.78252677740593, 68.19332593703217 ], [ 14.745992133516737, 68.19012521238182 ], [ 14.71132422325692, 68.19710861161896 ] ] ], [ [ [ 14.721484587725374, 68.78266928287998 ], [ 14.745512116297753, 68.80117264563141 ], [ 14.799540721056516, 68.80114619336157 ], [ 14.780846717139493, 68.7916101500851 ], [ 14.721484587725374, 68.78266928287998 ] ] ], [ [ [ 14.731431611207611, 68.8197818174622 ], [ 14.762686065688001, 68.83266407287313 ], [ 14.74679216221504, 68.8417107491576 ], [ 14.774473155176342, 68.85357459217978 ], [ 14.78874033362942, 68.84323175467327 ], [ 14.77007299733567, 68.83360312845237 ], [ 14.777326590866956, 68.81890889255754 ], [ 14.75457910821186, 68.81151548313792 ], [ 14.731431611207611, 68.8197818174622 ] ] ], [ [ [ 14.786980270493153, 68.81921309366068 ], [ 14.792393798018338, 68.8326376206033 ], [ 14.843115617490778, 68.83508445556328 ], [ 14.846155726544332, 68.8041088475834 ], [ 14.813381217537167, 68.80225718869475 ], [ 14.819754779500318, 68.81308939319327 ], [ 14.786980270493153, 68.81921309366068 ] ] ], [ [ [ 14.795753918551213, 68.25320064980968 ], [ 14.817381361028684, 68.27412439525126 ], [ 14.890583986923453, 68.30652842580238 ], [ 14.916291575762273, 68.31065497989705 ], [ 14.960879841881052, 68.29623849283553 ], [ 14.962346561161276, 68.28623953483691 ], [ 14.92319849019096, 68.27657123021125 ], [ 14.93735899815093, 68.27356889758467 ], [ 14.91853165611752, 68.25013218650852 ], [ 14.889303941006165, 68.25160028748451 ], [ 14.865089739070847, 68.22340216783758 ], [ 14.84815579829009, 68.23070299431276 ], [ 14.796953961598668, 68.23862544912915 ], [ 14.795753918551213, 68.25320064980968 ] ] ], [ [ [ 14.834848654274978, 68.88788318615921 ], [ 14.863943031269947, 68.90827788620403 ], [ 14.852929302856634, 68.91645163758386 ], [ 14.865596423913107, 68.9340423970259 ], [ 14.894264118935649, 68.93754732277938 ], [ 14.929278708298064, 68.9227340516703 ], [ 14.961546532462972, 68.93018036562961 ], [ 15.003521371500629, 68.90146642672084 ], [ 14.98485403520688, 68.87952426889052 ], [ 14.950266127816892, 68.87366509112148 ], [ 14.928425344353208, 68.87748744411302 ], [ 14.886503840562106, 68.87236892989944 ], [ 14.876076799860883, 68.88382276273913 ], [ 14.834848654274978, 68.88788318615921 ] ] ], [ [ [ 14.869543232158072, 68.80666149162272 ], [ 14.90717124860161, 68.81923954593051 ], [ 14.881757003618837, 68.80266719887723 ], [ 14.869543232158072, 68.80666149162272 ] ] ], [ [ [ 14.919011673336502, 68.56867041989344 ], [ 14.946826004414188, 68.57513799986874 ], [ 14.959999810312919, 68.56417353402104 ], [ 14.919011673336502, 68.56867041989344 ] ] ], [ [ [ 14.950266127816892, 67.9481795263118 ], [ 14.973786971547014, 67.95578455389013 ], [ 14.98925419304755, 67.97526665062556 ], [ 15.002961351411816, 67.97033330230083 ], [ 15.059736721368086, 67.96881229678517 ], [ 15.054936549178265, 67.97688023908565 ], [ 15.10803178712234, 67.99837270832873 ], [ 15.12683246153247, 67.99341290773418 ], [ 15.098378107496142, 67.98305684409274 ], [ 15.140326278910525, 67.96003014319908 ], [ 15.122405636068525, 67.95886624332621 ], [ 15.195368253353802, 67.94999150679568 ], [ 15.242436608437323, 67.94849695354986 ], [ 15.216088996639861, 67.93195105876642 ], [ 15.261317285717286, 67.94189711222536 ], [ 15.250223554434143, 67.93016553055237 ], [ 15.306572242417985, 67.93978093063835 ], [ 15.31110573837504, 67.93081361116339 ], [ 15.230969530428307, 67.91754779783982 ], [ 15.128832533278231, 67.9101676145551 ], [ 15.102511589104044, 67.92121143721232 ], [ 15.030989023475716, 67.91674100360976 ], [ 15.024908805368607, 67.92228275414075 ], [ 14.975760375669498, 67.91662196839549 ], [ 14.975867046162605, 67.93082683729831 ], [ 14.950266127816892, 67.9481795263118 ] ] ], [ [ [ 16.11412055102832, 68.5389061788557 ], [ 16.100974072210068, 68.52372801343928 ], [ 16.129001744273967, 68.51798787088451 ], [ 16.097533948807364, 68.50862376736198 ], [ 16.091560401193362, 68.48468446315891 ], [ 16.072813062029788, 68.4697786091054 ], [ 16.03198493079303, 68.46046741012255 ], [ 16.010784170287987, 68.44825968759247 ], [ 16.01022415019918, 68.43229574274545 ], [ 15.990410106104527, 68.42055093493754 ], [ 16.003370571017044, 68.41305171643857 ], [ 15.912407308019937, 68.38892724634664 ], [ 15.864912270963988, 68.38267128453003 ], [ 15.882166223224065, 68.40642542284424 ], [ 15.878486091211869, 68.43679262861785 ], [ 15.898033459073751, 68.44587898330708 ], [ 15.884699647435362, 68.46596948224878 ], [ 15.881872879368022, 68.50566111314016 ], [ 15.864032239395854, 68.49751381403017 ], [ 15.874405944850523, 68.48715775038873 ], [ 15.87357924852894, 68.44964843175896 ], [ 15.842538135034765, 68.4296505157617 ], [ 15.811683694903529, 68.43783749327645 ], [ 15.808830259212915, 68.44931777838599 ], [ 15.788002845433745, 68.4417392030775 ], [ 15.82352411963842, 68.42859242496819 ], [ 15.841871444452845, 68.42819564092062 ], [ 15.837231278002687, 68.4070338250505 ], [ 15.825150844658303, 68.402391451694 ], [ 15.780642581409353, 68.40896484074865 ], [ 15.780535910916246, 68.43539065831646 ], [ 15.768908827167568, 68.43500710040382 ], [ 15.755094998310195, 68.41285332441478 ], [ 15.739041089097572, 68.41069746442302 ], [ 15.758215110233579, 68.39626775122659 ], [ 15.755201668803302, 68.38255224931576 ], [ 15.664345076299306, 68.37752631804662 ], [ 15.721173781502127, 68.3700006472778 ], [ 15.717653655229594, 68.3489181882172 ], [ 15.692479418856308, 68.33529526925082 ], [ 15.638904163693255, 68.3305735390848 ], [ 15.63013051563519, 68.32302141604615 ], [ 15.666238477551957, 68.31406732270611 ], [ 15.612636554765622, 68.30847266763544 ], [ 15.571808423528868, 68.31754579618976 ], [ 15.592395828698546, 68.33155227306878 ], [ 15.513112984696669, 68.33315263539396 ], [ 15.510766233848312, 68.35525350684331 ], [ 15.4813785129973, 68.3544731648831 ], [ 15.473431561260817, 68.34152477879758 ], [ 15.431296716483502, 68.34180252763088 ], [ 15.43007000581277, 68.3503201585186 ], [ 15.390148573767423, 68.35547835113694 ], [ 15.363934300086346, 68.34249028664665 ], [ 15.330866447223137, 68.34975143471709 ], [ 15.36854779891323, 68.38058155521286 ], [ 15.417509555249403, 68.40399181401918 ], [ 15.444257181396015, 68.40881935326455 ], [ 15.500312525523814, 68.43453095954673 ], [ 15.516473105229544, 68.45668473553576 ], [ 15.567328262818368, 68.48071662268326 ], [ 15.609489775218961, 68.4917736714754 ], [ 15.578795340827384, 68.49530504949873 ], [ 15.569034990708083, 68.50846505374295 ], [ 15.55903463197929, 68.49033202276925 ], [ 15.486792040522484, 68.45095781911591 ], [ 15.428363277923054, 68.42498169013535 ], [ 15.392868671341656, 68.41593501385087 ], [ 15.366627730037301, 68.42896275674592 ], [ 15.370681208775373, 68.41287977668463 ], [ 15.334893258337932, 68.39641323871069 ], [ 15.322492813514227, 68.39978590311499 ], [ 15.27537112318415, 68.38126931422865 ], [ 15.256330440164529, 68.3678183350162 ], [ 15.187634642603534, 68.37279136174567 ], [ 15.184087848707723, 68.36469696717536 ], [ 15.233049605043895, 68.36603280680215 ], [ 15.250783574522956, 68.36004136768393 ], [ 15.224275956985835, 68.3350836510921 ], [ 15.19920839110566, 68.33138033331484 ], [ 15.18379450485168, 68.31660674061052 ], [ 15.173954151862546, 68.32480694426019 ], [ 15.14192633630713, 68.32476726585543 ], [ 15.124725719293604, 68.30434611354077 ], [ 15.087097702850066, 68.29947889589064 ], [ 15.035042502213784, 68.29898952889864 ], [ 14.99024089510879, 68.30410804311224 ], [ 14.977947120778193, 68.31078724124623 ], [ 15.022775395506464, 68.33413136937796 ], [ 15.046322906859864, 68.339501180155 ], [ 15.090404488136386, 68.38633492390255 ], [ 15.128805865654954, 68.39573870582983 ], [ 15.111738586757813, 68.4028146880114 ], [ 15.162620411969915, 68.43146249624557 ], [ 15.195154912367588, 68.44148790651404 ], [ 15.192221473807141, 68.4529814177585 ], [ 15.226729378327299, 68.47059862947037 ], [ 15.299531989872918, 68.46890568420076 ], [ 15.328546363998054, 68.46093032484471 ], [ 15.402789027200619, 68.4676095229787 ], [ 15.318999354864967, 68.46926278984357 ], [ 15.262357323025082, 68.47893109446923 ], [ 15.216649016728674, 68.50092615683923 ], [ 15.259770563567233, 68.52165151025702 ], [ 15.286278181104354, 68.49821479918087 ], [ 15.347640382264231, 68.49743445722066 ], [ 15.364867666901034, 68.50267200664851 ], [ 15.28705154217938, 68.50489399731487 ], [ 15.28929162253463, 68.51555426205944 ], [ 15.258490517649946, 68.53011623660507 ], [ 15.177234269525592, 68.53299953401736 ], [ 15.19347485210115, 68.55094739910221 ], [ 15.212888881846649, 68.55807628582346 ], [ 15.204221904281695, 68.5719505013533 ], [ 15.231476215270568, 68.58004489592362 ], [ 15.301345388255736, 68.57516445213858 ], [ 15.333959891523243, 68.5763812565511 ], [ 15.309425678108603, 68.58985868803339 ], [ 15.372974624377175, 68.59673627819117 ], [ 15.418656263050305, 68.62058299944981 ], [ 15.441697089561444, 68.604910029571 ], [ 15.474658271931549, 68.60509519545987 ], [ 15.430710028771411, 68.62205110042581 ], [ 15.457857669267174, 68.63140197781341 ], [ 15.47780505147821, 68.62687863967118 ], [ 15.570981727207286, 68.63178553572605 ], [ 15.574955203075529, 68.61301765027625 ], [ 15.592235822958884, 68.61894295871988 ], [ 15.574901867828974, 68.63693050220948 ], [ 15.505139365336913, 68.64403293666088 ], [ 15.461777809888861, 68.66536669228495 ], [ 15.47713836089629, 68.67413561973612 ], [ 15.436896917371623, 68.70893358070754 ], [ 15.457084308192147, 68.72980442160944 ], [ 15.498285786154778, 68.72230520311047 ], [ 15.562848102107868, 68.72602174702266 ], [ 15.617730070811486, 68.73608683569589 ], [ 15.689759321282079, 68.69922559767713 ], [ 15.712826815416495, 68.69287705291609 ], [ 15.651944631475601, 68.72600852088775 ], [ 15.633117289442193, 68.74575514032155 ], [ 15.559541316821548, 68.7386923842749 ], [ 15.52530008853416, 68.7284421297128 ], [ 15.500312525523814, 68.747474537861 ], [ 15.464817918942416, 68.7539421178363 ], [ 15.460337758231915, 68.76860990146128 ], [ 15.485965344200906, 68.78462675084796 ], [ 15.471458157138336, 68.78617420863347 ], [ 15.472018177227149, 68.8184459778354 ], [ 15.509832867033627, 68.81486169527238 ], [ 15.535593791118998, 68.80063037409974 ], [ 15.532233670586123, 68.81639592692298 ], [ 15.560261342650023, 68.82583938725502 ], [ 15.60644966616541, 68.81679271097055 ], [ 15.65874487541118, 68.8126926091457 ], [ 15.659544904109485, 68.82968819251639 ], [ 15.590022410226911, 68.84131396511003 ], [ 15.556101193418844, 68.85446074321935 ], [ 15.55364777207738, 68.86367935925776 ], [ 15.572181770254744, 68.88716897487359 ], [ 15.614503288394996, 68.88888837241304 ], [ 15.614023271176016, 68.92077658370232 ], [ 15.640850900192458, 68.95050893499983 ], [ 15.61938346345465, 68.9527309256662 ], [ 15.681732366675767, 68.95857687730032 ], [ 15.736721005872493, 68.9713533236319 ], [ 15.732374183278377, 68.96097080772063 ], [ 15.788856209378604, 68.95513808222142 ], [ 15.856138622905927, 68.96874777505289 ], [ 15.902726960770465, 68.96602319125961 ], [ 15.914754058868294, 68.95544228332456 ], [ 15.908087153049099, 68.93609244793832 ], [ 15.916327448641624, 68.91465288323491 ], [ 15.955875533961095, 68.89732664649125 ], [ 15.959155651624137, 68.8890735383019 ], [ 15.90742046246718, 68.842133985475 ], [ 15.887713088865638, 68.7920995170771 ], [ 15.861925497156989, 68.77469392352393 ], [ 15.823417449145314, 68.76009227057355 ], [ 15.812750399834599, 68.74661483909127 ], [ 15.768535480441695, 68.73647039360853 ], [ 15.798803232860845, 68.73647039360853 ], [ 15.840004710823472, 68.74480285860739 ], [ 15.838831335399295, 68.7524740168603 ], [ 15.88413962734655, 68.76777665496138 ], [ 15.93102130906713, 68.77520974278576 ], [ 15.956435554049907, 68.79789256417155 ], [ 15.992330174980456, 68.79276082382304 ], [ 16.008864101412062, 68.77974630706292 ], [ 16.00502344819288, 68.75539748951115 ], [ 15.972413931697126, 68.75019085271504 ], [ 15.93693574069787, 68.73082846714695 ], [ 15.89027721493754, 68.72759913190443 ], [ 15.880148495822311, 68.70908155133651 ], [ 15.784064034707324, 68.70927231375589 ], [ 15.792034174338983, 68.70034735770587 ], [ 15.777754340832264, 68.68772978625194 ], [ 15.804100080170244, 68.67659743649182 ], [ 15.777366903489057, 68.65179832197113 ], [ 15.736243196917378, 68.6408839864046 ], [ 15.701041746877557, 68.6483918501963 ], [ 15.66163383425436, 68.63221792220946 ], [ 15.645444488127556, 68.63257219527404 ], [ 15.674612985251748, 68.59695412639651 ], [ 15.667915854033481, 68.58674833695916 ], [ 15.632852774473374, 68.57557510953774 ], [ 15.593168120890745, 68.57030189123032 ], [ 15.608388873659536, 68.56324368171289 ], [ 15.631579766059986, 68.52833415896454 ], [ 15.653248583183554, 68.52544547089948 ], [ 15.667556090786217, 68.51135630363883 ], [ 15.662602427612374, 68.49805743782993 ], [ 15.675443208130044, 68.48550799581149 ], [ 15.61505833078186, 68.45916915604859 ], [ 15.648737705544804, 68.44333587523921 ], [ 15.65966897344239, 68.45550379241888 ], [ 15.691411161489306, 68.46404722363013 ], [ 15.703947526951598, 68.4817608768592 ], [ 15.756472961051898, 68.49213017694174 ], [ 15.75298602496305, 68.50012857266903 ], [ 15.804736584376936, 68.51679303259144 ], [ 15.829117462902946, 68.53449305993341 ], [ 15.891052089623951, 68.53402977977204 ], [ 15.905968427337367, 68.56263051679343 ], [ 15.928910252874328, 68.58324648397463 ], [ 15.93328276003336, 68.6010146407521 ], [ 15.962340560773779, 68.61389110406093 ], [ 16.00271706675499, 68.59612294728346 ], [ 15.997016202990679, 68.58616242381389 ], [ 16.030059073546926, 68.56793098687504 ], [ 15.99718224756634, 68.55628085340516 ], [ 16.007919796792322, 68.54141501057984 ], [ 16.05200463162993, 68.53021453138423 ], [ 16.11412055102832, 68.5389061788557 ] ] ], [ [ [ 14.980240536379995, 68.27376728960846 ], [ 15.001494632131593, 68.29310389885977 ], [ 15.031469040694695, 68.29953180043032 ], [ 15.091577863560563, 68.29711141774017 ], [ 15.085497645453458, 68.28535338379734 ], [ 15.006134798581751, 68.26520998031597 ], [ 14.980240536379995, 68.27376728960846 ] ] ], [ [ [ 15.002027984597127, 68.35013499262973 ], [ 15.02712221810058, 68.36698508851632 ], [ 15.044216164620998, 68.36604603293708 ], [ 15.023042071739233, 68.34960594723299 ], [ 15.002027984597127, 68.35013499262973 ] ] ], [ [ [ 15.009788262970673, 67.64184901545696 ], [ 15.022588722143528, 67.6524166972571 ], [ 15.05778998486888, 67.66207177574785 ], [ 15.106911746944714, 67.66744158652489 ], [ 15.126219106197105, 67.66193951439865 ], [ 15.094324628758073, 67.6456713684485 ], [ 15.057096626663686, 67.64478521740894 ], [ 15.025042143484992, 67.63745793866391 ], [ 15.009788262970673, 67.64184901545696 ] ] ], [ [ [ 15.133366029235283, 68.48430090524627 ], [ 15.17872765642909, 68.4921307771182 ], [ 15.2001950931669, 68.47956594894532 ], [ 15.147179858092656, 68.4787723808502 ], [ 15.133366029235283, 68.48430090524627 ] ] ], [ [ [ 15.134219393180139, 67.6131350765482 ], [ 15.182647797050777, 67.61638870573823 ], [ 15.210702136737954, 67.60416775707324 ], [ 15.198995050119446, 67.59943280077229 ], [ 15.149446606071184, 67.60373129462091 ], [ 15.134219393180139, 67.6131350765482 ] ] ], [ [ [ 15.159233623813762, 67.99917950255879 ], [ 15.179394347011009, 68.00289604647097 ], [ 15.172354094465938, 68.01360921575522 ], [ 15.224382627478942, 68.02695438588832 ], [ 15.22755607464888, 68.04470385894938 ], [ 15.255610414336054, 68.00707550510532 ], [ 15.280944656448998, 67.9955290893212 ], [ 15.300972041529864, 67.97465824841929 ], [ 15.288998278678587, 67.9671458037854 ], [ 15.188888020897544, 67.96690773335686 ], [ 15.159233623813762, 67.99917950255879 ] ] ], [ [ [ 15.258357179533565, 68.3060522849453 ], [ 15.268357538262357, 68.32188396844313 ], [ 15.316999283119209, 68.32758443259314 ], [ 15.258357179533565, 68.3060522849453 ] ] ], [ [ [ 15.405562460021404, 68.03533975542685 ], [ 15.44564389780641, 68.03545879064112 ], [ 15.456897634829211, 68.02588306895989 ], [ 15.405562460021404, 68.03533975542685 ] ] ], [ [ [ 15.677040704928615, 68.98196220859644 ], [ 15.635144028811226, 68.97776799906752 ], [ 15.62815711151271, 68.9941287279621 ], [ 15.583195498668054, 69.00362509283383 ], [ 15.534847097667246, 69.00342670081004 ], [ 15.593542536499445, 68.98779340933599 ], [ 15.601222812003158, 68.98042645218621 ], [ 15.568261629633056, 68.9223769460275 ], [ 15.539913946089836, 68.89950895875285 ], [ 15.484071942948251, 68.87105954254247 ], [ 15.437243596474222, 68.88362437071535 ], [ 15.418069575338215, 68.89644049545169 ], [ 15.44273712686924, 68.92936034526464 ], [ 15.440977063732973, 68.96295472795845 ], [ 15.42334976474702, 68.97544019932181 ], [ 15.439537012076027, 68.99296482808926 ], [ 15.46436456934671, 69.00197182596897 ], [ 15.454684222097239, 69.01181207034857 ], [ 15.472978211665112, 69.02294847595022 ], [ 15.508232809637018, 69.02905895028272 ], [ 15.50887283259566, 69.04649099610573 ], [ 15.536207146454363, 69.06868445049952 ], [ 15.563488125066513, 69.0791463232203 ], [ 15.55860795000686, 69.09906488240804 ], [ 15.614663294134658, 69.11549174197722 ], [ 15.613836597813076, 69.12588748402342 ], [ 15.670878644002116, 69.13104567664176 ], [ 15.666665159524385, 69.1365609749029 ], [ 15.742107865774404, 69.14160013230698 ], [ 15.81208370925268, 69.16302647087547 ], [ 15.827604265999767, 69.1876403079594 ], [ 15.818670612202045, 69.1933275459745 ], [ 15.859445408192247, 69.2029561721954 ], [ 15.854085215913614, 69.22097016795483 ], [ 15.866005643518335, 69.23677539918282 ], [ 15.842244791178722, 69.2390767466587 ], [ 15.895260026252966, 69.26412704619494 ], [ 15.956595559789566, 69.27361018493174 ], [ 15.990010091755376, 69.28901863211217 ], [ 15.990330103234697, 69.2981049868014 ], [ 16.0158243510873, 69.29479845307169 ], [ 16.06347939388291, 69.30350124984828 ], [ 16.074893136645375, 69.31148983533924 ], [ 16.127935039342894, 69.3120850114106 ], [ 16.170789909948684, 69.28632050058873 ], [ 16.173883354248794, 69.2597359694019 ], [ 16.12078811630472, 69.2449094721579 ], [ 16.095693882801264, 69.21460839705888 ], [ 16.109374373542256, 69.20602463549656 ], [ 16.08529350972332, 69.18856613740371 ], [ 16.103907510770515, 69.17225831304881 ], [ 16.085346844969873, 69.15233975386106 ], [ 16.06315938240359, 69.14095205169596 ], [ 16.00811740796031, 69.12900885186426 ], [ 15.966302574662315, 69.10895803132732 ], [ 15.953128768763584, 69.09656514290839 ], [ 15.917820835545125, 69.08169896725963 ], [ 15.89448666517794, 69.05232372160492 ], [ 15.854085215913614, 69.03576460068656 ], [ 15.873739254268603, 69.02702212550523 ], [ 15.821364042153, 69.01391502580067 ], [ 15.770348878824517, 69.01185174875333 ], [ 15.761441892650069, 69.00371767577826 ], [ 15.677040704928615, 68.98196220859644 ] ] ], [ [ [ 15.433430126345641, 67.98025290348995 ], [ 15.459991079129317, 67.9920902942423 ], [ 15.496072373422805, 67.98299071341815 ], [ 15.47281820592545, 67.97797800828391 ], [ 15.433430126345641, 67.98025290348995 ] ] ], [ [ [ 15.470151443597771, 68.00814682203375 ], [ 15.50241926776268, 68.00337218732805 ], [ 15.514739709716554, 68.0153550655645 ], [ 15.588502355700133, 68.02826377324527 ], [ 15.67623883628075, 68.03609364511722 ], [ 15.764962018922606, 68.02508950086475 ], [ 15.77296230590564, 68.03085609568936 ], [ 15.873099231309961, 68.02683535067405 ], [ 15.930194612745552, 68.00871554583526 ], [ 15.938701584570847, 67.99674589373372 ], [ 15.877419386280799, 67.97955191833925 ], [ 15.784376048668104, 67.99326742025008 ], [ 15.761815239375945, 68.0042451122327 ], [ 15.707599961254246, 68.01859546861962 ], [ 15.684079117524124, 68.00716808804975 ], [ 15.727600678711834, 68.00605709271657 ], [ 15.675092128479847, 67.99071477621074 ], [ 15.634237329619818, 67.98743469475087 ], [ 15.5685549734891, 67.98920699682999 ], [ 15.474631604308271, 68.00060792513001 ], [ 15.470151443597771, 68.00814682203375 ] ] ], [ [ [ 15.745841333033152, 68.14108270410283 ], [ 15.763815311121704, 68.1513990893395 ], [ 15.805923488275745, 68.16199322340948 ], [ 15.84101808050799, 68.16203290181424 ], [ 15.814777139203635, 68.15313171301388 ], [ 15.836511252174216, 68.13577902400039 ], [ 15.813497093286351, 68.1234919446608 ], [ 15.745841333033152, 68.14108270410283 ] ] ], [ [ [ 16.035691730428503, 68.33336425355267 ], [ 16.08148003959474, 68.35483027052592 ], [ 16.15649606387233, 68.35673483395422 ], [ 16.17913687603432, 68.34965885177266 ], [ 16.17276331407117, 68.33915730064712 ], [ 16.0595859208845, 68.33058676521972 ], [ 16.035691730428503, 68.33336425355267 ] ] ], [ [ [ 16.15177589455234, 68.05263953990067 ], [ 16.187377171626846, 68.04864524715518 ], [ 16.17729681002822, 68.04315640116387 ], [ 16.15177589455234, 68.05263953990067 ] ] ], [ [ [ 16.173456672276362, 68.06114394465347 ], [ 16.201644350079924, 68.07679046226244 ], [ 16.27570033991955, 68.09545253863288 ], [ 16.32983561517142, 68.07726660311951 ], [ 16.317461837970992, 68.04688617121097 ], [ 16.306848123906832, 68.04137087294983 ], [ 16.268873428360692, 68.04381770790981 ], [ 16.253432874483437, 68.05431925903535 ], [ 16.22951201640416, 68.05248082628164 ], [ 16.173456672276362, 68.06114394465347 ] ] ], [ [ [ 16.32335538271516, 68.19474113346848 ], [ 16.367730307847726, 68.2067636901097 ], [ 16.359116665529324, 68.19636794806351 ], [ 16.32335538271516, 68.19474113346848 ] ] ], [ [ [ 16.904042879567104, 68.47665619926319 ], [ 16.957831475716375, 68.5020371521724 ], [ 16.97252533614188, 68.49395598373701 ], [ 16.955858071593894, 68.48020080342144 ], [ 16.904042879567104, 68.47665619926319 ] ] ] ] } },
{ "type": "Feature", "properties": { "ISO": "NO-34", "NAME_1": "Innlandet" }, "geometry": { "type": "Polygon", "coordinates": [ [ [ 7.349110287586687, 62.00767951349049 ], [ 7.352707920059311, 62.029262918655746 ], [ 7.342523852752192, 62.035421819624624 ], [ 7.402576640949058, 62.06088860261318 ], [ 7.414725569068148, 62.092091884070534 ], [ 7.485875669738258, 62.08954384318297 ], [ 7.514241618080096, 62.097433231813454 ], [ 7.554064642142441, 62.06950016325993 ], [ 7.583786621185498, 62.06534426769465 ], [ 7.592061175872532, 62.07451448971246 ], [ 7.63182885174299, 62.08508817810151 ], [ 7.57938643993052, 62.12189169915666 ], [ 7.655268811006929, 62.14088618577306 ], [ 7.7345827699803, 62.184638909248854 ], [ 7.8273463395820935, 62.18968048747559 ], [ 7.863959168515021, 62.17078138206889 ], [ 7.98362195937366, 62.17745806674753 ], [ 8.132010461821398, 62.291043461607146 ], [ 8.169536535920454, 62.305159880642 ], [ 8.205844949798005, 62.3317439863727 ], [ 8.275196234231805, 62.34798604379504 ], [ 8.389324205901792, 62.363873828152805 ], [ 8.463269390262171, 62.36343779976563 ], [ 8.635153200165735, 62.37413412113857 ], [ 8.79261880608286, 62.37839902380064 ], [ 8.889616512363972, 62.37549670984849 ], [ 8.919061750447597, 62.353463650408955 ], [ 8.971144399012804, 62.35389967879613 ], [ 9.020431963887743, 62.35911839355516 ], [ 9.062053804186402, 62.37260802178344 ], [ 9.097393624705939, 62.363097152588146 ], [ 9.36054660303036, 62.31772294854754 ], [ 9.486712806435662, 62.29157487120402 ], [ 9.5150787547775, 62.27801711354023 ], [ 9.601920067847438, 62.25572516224581 ], [ 9.718068248521282, 62.28278617402498 ], [ 9.798378474948612, 62.287814126364616 ], [ 9.827297905209313, 62.29919174209252 ], [ 9.839640552000006, 62.31492964169219 ], [ 9.834686888826162, 62.3298499880659 ], [ 9.853256207204087, 62.330136131694985 ], [ 9.822095175171981, 62.34421167306854 ], [ 9.839308462848688, 62.362088836942796 ], [ 9.90027449621168, 62.34437518371373 ], [ 9.934202937838112, 62.35522138984476 ], [ 9.953381086326788, 62.38141034484958 ], [ 9.951803662858023, 62.397202747997646 ], [ 10.097590800287094, 62.42780649042263 ], [ 10.038534279544187, 62.50319852374296 ], [ 10.005740475851429, 62.55813810052726 ], [ 10.038755672311733, 62.56777160270645 ], [ 10.026689766480473, 62.58562151480651 ], [ 10.074178515119101, 62.60190444989016 ], [ 10.086272095046303, 62.62542273102351 ], [ 10.101907959254243, 62.63662321021912 ], [ 10.119508684274154, 62.66433826457906 ], [ 10.176461973725374, 62.69693138652054 ], [ 10.197521960738193, 62.687733912728525 ], [ 10.2387286895977, 62.69507826587504 ], [ 10.325071868940658, 62.695296280068625 ], [ 10.59281874719166, 62.66380685498219 ], [ 10.64952296977939, 62.676574311194216 ], [ 10.711762011555773, 62.66601424869227 ], [ 10.718071705430836, 62.6501809678829 ], [ 10.740349352665156, 62.645466410946554 ], [ 10.792348978942535, 62.679081474420485 ], [ 10.85129480330167, 62.69285724627785 ], [ 10.928256464119865, 62.696290969826876 ], [ 11.043823488778902, 62.66683180191823 ], [ 11.122528617641521, 62.6618038495786 ], [ 11.131439676535251, 62.64988119836672 ], [ 11.160801892331044, 62.64741491280175 ], [ 11.166807171150731, 62.61352733158584 ], [ 11.196446127905958, 62.59400143537257 ], [ 11.19611403875464, 62.570755671981196 ], [ 11.233197327318603, 62.5706602907715 ], [ 11.251683623408697, 62.552156336090675 ], [ 11.254257314331419, 62.532480555119314 ], [ 11.290399683633312, 62.52948285995747 ], [ 11.297705644962331, 62.52219301035936 ], [ 11.340379100906834, 62.51452163592246 ], [ 11.370958976924129, 62.493742158096055 ], [ 11.428880859733365, 62.47984375325479 ], [ 11.461591641138293, 62.45360029470157 ], [ 11.491258271989464, 62.43730373373083 ], [ 11.53202221531388, 62.38985839485113 ], [ 11.556098678784512, 62.371586080251 ], [ 11.671721051635437, 62.38179186968836 ], [ 11.689128057983744, 62.36606759597579 ], [ 11.691535704330807, 62.34964840202115 ], [ 11.72895108204609, 62.34864008637581 ], [ 11.766172741089768, 62.381723740252866 ], [ 11.987565508635816, 62.35943178895844 ], [ 11.993017305536636, 62.35413131887682 ], [ 12.058383520154607, 62.346364563230225 ], [ 12.083816014326459, 62.329863613952995 ], [ 12.130944999717826, 62.310037948223545 ], [ 12.166644583484626, 62.312844880966 ], [ 12.192077077656478, 62.32722019185574 ], [ 12.254675882680122, 62.33102181435644 ], [ 12.29936954762848, 62.267497928699584 ], [ 12.261234643418675, 62.136117125288315 ], [ 12.244729075894174, 62.08667395752782 ], [ 12.184826464519343, 61.87831534136991 ], [ 12.137658568437892, 61.723814946029925 ], [ 12.275625173309166, 61.64024384197126 ], [ 12.341212780694683, 61.614668051885914 ], [ 12.419613494501927, 61.56298506211834 ], [ 12.446602984099421, 61.56712492564664 ], [ 12.569330353554943, 61.568748812361335 ], [ 12.805095843809209, 61.40446991841496 ], [ 12.870839628856714, 61.356498369015824 ], [ 12.833816874078305, 61.25846661504608 ], [ 12.790335683757785, 61.19704823818003 ], [ 12.707036654968583, 61.14326686179917 ], [ 12.682572754154744, 61.0612253955744 ], [ 12.668431291127742, 61.05506649460552 ], [ 12.610342191018866, 61.0465442552418 ], [ 12.487591121075834, 61.05163631718554 ], [ 12.447619679596503, 61.05073346250795 ], [ 12.242443932273204, 61.019966209437776 ], [ 12.223985310279051, 61.01307151056554 ], [ 12.332785567954112, 60.89017166209656 ], [ 12.334487975380473, 60.85236779811661 ], [ 12.349426164878825, 60.817890834765194 ], [ 12.395370986455635, 60.733890709788355 ], [ 12.461056835915436, 60.68521947539449 ], [ 12.511005294312849, 60.64245938120194 ], [ 12.515778798879396, 60.600148975596625 ], [ 12.58186116935926, 60.55090807529385 ], [ 12.606875399992884, 60.51273744991813 ], [ 12.606048719290445, 60.405924214598734 ], [ 12.545281564180254, 60.34735154455594 ], [ 12.498789082995582, 60.32365612689029 ], [ 12.504418391363483, 60.281213958164145 ], [ 12.525005796533161, 60.22364059286251 ], [ 12.541905324475177, 60.19337902033406 ], [ 12.50063158885818, 60.099076854197044 ], [ 12.448549720598624, 60.039175689149694 ], [ 12.39567540151101, 60.01560207134973 ], [ 12.341130240217113, 59.96567726105117 ], [ 12.231042204744583, 59.927592466575476 ], [ 12.174286873341448, 59.88981084805442 ], [ 12.126111487559044, 59.893939501606106 ], [ 12.053462495022428, 59.885938634884674 ], [ 11.985185536384696, 59.900722217215694 ], [ 11.942078219325968, 59.89009069634473 ], [ 11.913201818959616, 59.87205059024408 ], [ 11.884796164527437, 59.87177249948216 ], [ 11.888381548775186, 59.85931314632098 ], [ 11.839702814010998, 59.840781939865956 ], [ 11.832673593641413, 59.86758405979024 ], [ 11.820718384193926, 59.87366120543652 ], [ 11.802785570022696, 59.919716703832094 ], [ 11.821410236592506, 59.93022226278564 ], [ 11.793404051497932, 59.9555936645645 ], [ 11.81072803555841, 59.98908609505453 ], [ 11.835219610468192, 59.9992101291693 ], [ 11.83928770257185, 60.01606535151111 ], [ 11.81939002758865, 60.02362771885121 ], [ 11.816567269802437, 60.05855086748667 ], [ 11.791466864781905, 60.047786416678235 ], [ 11.778072602345368, 60.089740523056925 ], [ 11.735011709057662, 60.09606293467099 ], [ 11.698011442781528, 60.111255798786694 ], [ 11.655033571781653, 60.12211563080482 ], [ 11.562380698563633, 60.17596513662118 ], [ 11.583883471111541, 60.20441598888448 ], [ 11.580839320557782, 60.23726800268085 ], [ 11.601899307570601, 60.267285831960564 ], [ 11.51970724261913, 60.29568218067546 ], [ 11.47440474756002, 60.33202242156925 ], [ 11.432616862685705, 60.33961204068355 ], [ 11.418503073754643, 60.367749497543564 ], [ 11.402341401723781, 60.376633575932296 ], [ 11.387646456777913, 60.402481883759634 ], [ 11.34223326533503, 60.458784049253865 ], [ 11.297235185331296, 60.46869006917504 ], [ 11.242053038020444, 60.49844900659987 ], [ 11.20956364938306, 60.50490767708493 ], [ 11.219055864291597, 60.542256233624066 ], [ 11.214683357132564, 60.563812387015126 ], [ 11.153994064729003, 60.605153328474344 ], [ 11.118709592401352, 60.583910570486566 ], [ 11.104817196237839, 60.559506606691755 ], [ 11.092585245830918, 60.51676219886131 ], [ 11.067125077563123, 60.518669823055205 ], [ 10.944556506630443, 60.487425663936556 ], [ 10.940350044047069, 60.47483534425682 ], [ 10.834164537912795, 60.478514333773624 ], [ 10.760330049936188, 60.49395246385711 ], [ 10.71358850188803, 60.52418830733042 ], [ 10.711291551924738, 60.497154547325444 ], [ 10.692417818491439, 60.49203121377611 ], [ 10.710184588087008, 60.45397411110782 ], [ 10.671966661589373, 60.43386230174928 ], [ 10.720285633106297, 60.434339207797755 ], [ 10.767469966689548, 60.426177301425284 ], [ 10.819524941158813, 60.42737637949002 ], [ 10.903100710907445, 60.39629573101656 ], [ 10.902076769357546, 60.378077919964824 ], [ 10.933818957404458, 60.34664299842678 ], [ 10.882843272676983, 60.31872355576035 ], [ 10.864744413930094, 60.3139272435014 ], [ 10.76306978543457, 60.3140771282595 ], [ 10.719842847571204, 60.32952888423008 ], [ 10.645150462620357, 60.32305658785792 ], [ 10.63319525317287, 60.325672758180986 ], [ 10.604248148816225, 60.312060496968805 ], [ 10.601093301878693, 60.32225266051906 ], [ 10.559305417004378, 60.32065843172845 ], [ 10.547377881652833, 60.32762126003618 ], [ 10.470526917218411, 60.32236166761586 ], [ 10.42190353064611, 60.31261915833987 ], [ 10.414652917508977, 60.318110390840886 ], [ 10.366278597800166, 60.320971827131736 ], [ 10.385650464960445, 60.355799594557496 ], [ 10.3885008968426, 60.37523010956107 ], [ 10.339185657871719, 60.36615526875295 ], [ 10.261200055503624, 60.3936250571451 ], [ 10.20208818656883, 60.39230334609647 ], [ 10.19428409151283, 60.400315367710846 ], [ 10.173085734020297, 60.47153787957879 ], [ 10.176157558669999, 60.477724032321866 ], [ 10.154295022874827, 60.524774220475685 ], [ 10.124794436599316, 60.535525045397016 ], [ 10.094048516006357, 60.55956111024015 ], [ 10.064796996594335, 60.60781037645871 ], [ 10.035324084414768, 60.63205082960833 ], [ 9.962900975331268, 60.63792358694812 ], [ 9.903124928093835, 60.63427184920551 ], [ 9.92025519348271, 60.620141804283556 ], [ 9.952246448393115, 60.61088982694314 ], [ 9.943667478650706, 60.60302769008686 ], [ 9.880708910379798, 60.58385606693817 ], [ 9.853394577683805, 60.56769576483842 ], [ 9.8431551621848, 60.58663574790642 ], [ 9.810472054875813, 60.55608650902983 ], [ 9.817169186094082, 60.52602780208882 ], [ 9.811302277754113, 60.51180237595717 ], [ 9.824585843806876, 60.49452475111528 ], [ 9.830369729859015, 60.45641314489859 ], [ 9.800896817679448, 60.4542330029627 ], [ 9.676944541949604, 60.483092631838986 ], [ 9.610083926150697, 60.501446701761715 ], [ 9.619991252498384, 60.50776911337578 ], [ 9.607067449692883, 60.53884976184924 ], [ 9.578867545926705, 60.534407722654876 ], [ 9.478687318612119, 60.530142819992804 ], [ 9.445340033000495, 60.544477253221245 ], [ 9.417610588865353, 60.54758395547988 ], [ 9.410664390783595, 60.58290225484122 ], [ 9.435155965693376, 60.59956671476364 ], [ 9.423339126725608, 60.6118027613788 ], [ 9.381136130412141, 60.619828408880274 ], [ 9.360463580742529, 60.63893190259346 ], [ 9.36616444450684, 60.64793861396609 ], [ 9.35265948568653, 60.667123863001876 ], [ 9.319450570554624, 60.6819079505046 ], [ 9.332097632400693, 60.729898324868266 ], [ 9.304644929224981, 60.74510481487107 ], [ 9.291306014980332, 60.76186465600318 ], [ 9.216253866782223, 60.77057159785962 ], [ 9.193976219547903, 60.790220127056784 ], [ 9.146902582348424, 60.80683008343081 ], [ 9.088814654963528, 60.81646358561 ], [ 8.937631068825521, 60.86074771868267 ], [ 8.918978728159768, 60.86337751489283 ], [ 8.890585105721986, 60.896624679415076 ], [ 8.814481341878032, 60.900589812560966 ], [ 8.654054607694977, 60.9359489895836 ], [ 8.62109475942656, 60.951904903376864 ], [ 8.626435859943609, 60.971349044267534 ], [ 8.543247527538181, 61.00973316822621 ], [ 8.509485130487409, 61.01841285830845 ], [ 8.44226475144124, 61.02104265451862 ], [ 8.366327032172947, 61.04826717694298 ], [ 8.309207698146066, 61.09172013090259 ], [ 8.25170092677598, 61.07393834823802 ], [ 8.213178585222968, 61.09187001566068 ], [ 8.14393799717294, 61.10958366888975 ], [ 8.082971963809948, 61.16216596720587 ], [ 8.075610654289044, 61.17971610978975 ], [ 8.04821329930522, 61.17441563970813 ], [ 8.060583620191855, 61.19331474511483 ], [ 8.053222310670948, 61.22025312391011 ], [ 8.006729829486279, 61.23495545609023 ], [ 8.051174427571148, 61.23277531415435 ], [ 8.067142380930406, 61.24803630770555 ], [ 8.135691116581851, 61.26902017383844 ], [ 8.140838498427296, 61.279375848033894 ], [ 8.176870171345417, 61.30508789699024 ], [ 8.211103028027225, 61.30465186860306 ], [ 8.244173572679415, 61.32190224167075 ], [ 8.251147444857114, 61.33913898885134 ], [ 8.22543820972583, 61.342109432238985 ], [ 8.21276347378382, 61.35553093103178 ], [ 8.18038478153021, 61.35667550554812 ], [ 8.158134808391832, 61.37144596716374 ], [ 8.161594070384739, 61.3873610032957 ], [ 8.150358387431776, 61.426739817012624 ], [ 8.192256968689867, 61.43879872709549 ], [ 8.214645312307962, 61.43024166999714 ], [ 8.274836470984543, 61.43126361152959 ], [ 8.322048478663737, 61.45588558951798 ], [ 8.28756655511844, 61.48955515654031 ], [ 8.26232777961819, 61.533975548483966 ], [ 8.195577860203057, 61.54779219800264 ], [ 8.117896672890337, 61.522843198723855 ], [ 8.016111348011043, 61.54027070832384 ], [ 7.947313545496108, 61.55667627639137 ], [ 7.933006037893445, 61.60237750172236 ], [ 7.895646008370049, 61.643650313746086 ], [ 7.904418696784061, 61.67913212375261 ], [ 7.9082100479282875, 61.72168576916367 ], [ 7.84184756585636, 61.743132915457934 ], [ 7.75251558415153, 61.75481030070202 ], [ 7.684575678610836, 61.74272413884496 ], [ 7.629089116244608, 61.74136155013503 ], [ 7.513826506640947, 61.72736776408407 ], [ 7.514767425903018, 61.76032878497723 ], [ 7.491548859406626, 61.77841033715798 ], [ 7.412511641392687, 61.857508611769305 ], [ 7.414227435341169, 61.891518825969115 ], [ 7.388794941169317, 61.93307778162192 ], [ 7.399006682572378, 61.97790695017856 ], [ 7.3808801497295455, 62.00296495655414 ], [ 7.349110287586687, 62.00767951349049 ] ] ] } },
{ "type": "Feature", "properties": { "ISO": "NO-21", "NAME_1": "Svalbard" }, "geometry": { "type": "MultiPolygon", "coordinates": [ [ [ [ 8.61135908275007, 68.04237498550006 ], [ 8.67288252025007, 68.00137970600005 ], [ 8.568064812250086, 67.95303986200005 ], [ 8.426097038750086, 68.01846954950005 ], [ 8.61135908275007, 68.04237498550006 ] ] ], [ [ [ 11.77037600975008, 69.13539256400006 ], [ 11.821604851250086, 69.12857697150005 ], [ 11.502879265250087, 69.00192902200007 ], [ 11.57856285875009, 69.05142853400005 ], [ 11.77037600975008, 69.13539256400006 ] ] ], [ [ [ 11.24357661375008, 69.69232904300006 ], [ 10.977610710750085, 69.53354523300007 ], [ 10.708364291250078, 69.46779002500006 ], [ 10.648464575250088, 69.41120284300007 ], [ 10.232005241750088, 69.42136261600007 ], [ 10.283518913750086, 69.44730255750005 ], [ 10.242259148250085, 69.49509308450007 ], [ 10.42035973375009, 69.55681997250005 ], [ 10.32075035875009, 69.53604767450005 ], [ 10.33442223375009, 69.55344269400007 ], [ 10.25450686925008, 69.56827423700005 ], [ 10.127065463250077, 69.53142934750005 ], [ 9.577464226250086, 69.49893829950005 ], [ 9.463938835750085, 69.50746287650006 ], [ 9.49612470775007, 69.53016795450006 ], [ 9.447093132250089, 69.54971954950005 ], [ 9.639231804250088, 69.58414337750006 ], [ 9.66157067125009, 69.64591095600005 ], [ 9.862091504750069, 69.73837921750007 ], [ 9.469676140250087, 69.82865021350005 ], [ 9.879588249750086, 69.88490428250006 ], [ 10.514231804250088, 69.90750763550005 ], [ 10.766429069750089, 69.85849640500007 ], [ 10.583933952750087, 69.82342153500005 ], [ 10.558706088250077, 69.79801056500006 ], [ 10.59142093175008, 69.77231476450007 ], [ 10.84532718175008, 69.71451447150005 ], [ 11.183665398250085, 69.73528676950005 ], [ 11.24357661375008, 69.69232904300006 ] ] ], [ [ [ 10.166819694750089, 69.91312287000005 ], [ 9.354807976250086, 69.87637970600005 ], [ 9.426951530750088, 69.91654083850005 ], [ 9.265574577750087, 69.93702830600006 ], [ 9.368479851250086, 69.95267365100005 ], [ 9.36176598375009, 69.97489044800005 ], [ 9.107981804250088, 70.01706574100007 ], [ 9.541372103750078, 70.05173370950007 ], [ 9.620310905750088, 70.09097931500006 ], [ 9.78087405675008, 70.06339142450005 ], [ 10.063588900750077, 70.07791779150006 ], [ 10.14887535875009, 70.02329132700007 ], [ 10.128977898250085, 69.99879588400006 ], [ 10.166819694750089, 69.91312287000005 ] ] ], [ [ [ 12.541575554250088, 70.12882111200005 ], [ 12.399973991750088, 70.09258657450005 ], [ 12.22936038475008, 70.16696808450007 ], [ 12.338938835750085, 70.18375275250006 ], [ 12.541575554250088, 70.12882111200005 ] ] ], [ [ [ 5.102610710750085, 69.89788442600005 ], [ 4.977325879750069, 69.89615509650005 ], [ 4.938100619250079, 69.91654083850005 ], [ 4.955393913750086, 69.93324412650006 ], [ 4.703074577750087, 70.00392283750006 ], [ 4.592112663750086, 69.99879588400006 ], [ 4.434764030750088, 70.12229035050007 ], [ 4.305491569750089, 70.16495392450005 ], [ 4.314646843250088, 70.20110708200005 ], [ 4.273387077750087, 70.22470734250007 ], [ 4.53111819725008, 70.19644806500006 ], [ 4.623118523250085, 70.14617544150005 ], [ 4.561350944750089, 70.12570831900007 ], [ 4.667511426750067, 70.08444855350007 ], [ 4.660716179250088, 70.04347361850006 ], [ 4.75475100975008, 70.05338165900005 ], [ 4.967316114250067, 70.00333283100005 ], [ 5.102610710750085, 69.89788442600005 ] ] ], [ [ [ 13.240509473750066, 70.26285431500006 ], [ 13.884715202750087, 70.22843048700005 ], [ 12.95217939525007, 70.20110708200005 ], [ 13.240509473750066, 70.26285431500006 ] ] ], [ [ [ 14.065989616750088, 70.28336212750006 ], [ 14.185821973750066, 70.28336212750006 ], [ 14.199737989250067, 70.27652619000006 ], [ 14.099314812250086, 70.26383087750006 ], [ 14.065989616750088, 70.28336212750006 ] ] ], [ [ [ 9.080638054250088, 70.34140656100007 ], [ 9.26508629625009, 70.34226105350007 ], [ 9.447093132250089, 70.30694204300005 ], [ 9.210317416250078, 70.27670929550007 ], [ 9.053294304250088, 70.30010610550005 ], [ 9.098704460750085, 70.30970897000006 ], [ 9.080638054250088, 70.34140656100007 ] ] ], [ [ [ 8.844431999750086, 70.47515493350005 ], [ 9.120188835750085, 70.45607127500006 ], [ 8.881948275750077, 70.44785187350007 ], [ 8.844431999750086, 70.47515493350005 ] ] ], [ [ [ 4.386668327750087, 70.63994985550005 ], [ 4.568186882250089, 70.61234162000005 ], [ 4.441966179250088, 70.60463084500006 ], [ 4.40025882225008, 70.62257518100006 ], [ 4.455190463250077, 70.62599315000006 ], [ 4.386668327750087, 70.63994985550005 ] ] ], [ [ [ 4.52330569725008, 70.64505646350005 ], [ 4.354075554250088, 70.65992869650006 ], [ 4.537181023250085, 70.65018341650006 ], [ 4.52330569725008, 70.64505646350005 ] ] ], [ [ [ 9.32034345775007, 70.09466176950005 ], [ 8.91270999425008, 70.09146759650005 ], [ 8.822581413750086, 70.07010529150006 ], [ 8.871775749750086, 70.03663768100006 ], [ 8.512075228750078, 70.00559113150007 ], [ 8.564402702750087, 69.96829865100005 ], [ 8.508372429250088, 69.92026398300007 ], [ 8.573802116750088, 69.89432404150006 ], [ 8.491486036250066, 69.86862824100007 ], [ 8.580353223750066, 69.83086782450005 ], [ 8.436798536250066, 69.79359568900006 ], [ 8.234324577750087, 69.78993357950006 ], [ 8.282420280750088, 69.76944611200005 ], [ 8.196401400750077, 69.73184845600005 ], [ 8.249298536250066, 69.70773956900007 ], [ 8.258494499750086, 69.66639842300006 ], [ 8.172556999750086, 69.57049184750005 ], [ 8.18110192125009, 69.53946564350005 ], [ 7.843577507250089, 69.50223419800005 ], [ 7.699900749750086, 69.30299510300006 ], [ 7.579783562250086, 69.30669790250005 ], [ 7.693064812250086, 69.26883576050005 ], [ 7.490753614250067, 69.17632680850005 ], [ 7.627228223750066, 69.12778351450007 ], [ 7.43598473375009, 69.06278107300005 ], [ 7.246653679250088, 69.09055206900007 ], [ 7.203074577750087, 69.06556834500006 ], [ 7.173208041250078, 69.13331736850006 ], [ 6.781931999750086, 69.21762726450007 ], [ 6.91840660875009, 69.25550975150006 ], [ 7.151723666250078, 69.24566274600005 ], [ 7.295481804250088, 69.27939484250007 ], [ 7.16002444725008, 69.27567169800005 ], [ 7.045685254750069, 69.32193634650005 ], [ 6.960032585750085, 69.31385936050006 ], [ 6.97447757225008, 69.28714630750005 ], [ 6.704051140250087, 69.28362661350005 ], [ 6.551300489250067, 69.34673696500005 ], [ 6.255076530750088, 69.37005239450005 ], [ 6.018097364250067, 69.48428986200005 ], [ 6.010691765250087, 69.50563182150006 ], [ 6.05846194725008, 69.50563182150006 ], [ 5.986521843250088, 69.54660675650007 ], [ 6.251170280750088, 69.57240428250006 ], [ 6.32913252025007, 69.54660675650007 ], [ 6.305003288750086, 69.52561066300007 ], [ 6.38674970775007, 69.52658722550007 ], [ 6.552358431750079, 69.56272003800007 ], [ 6.957835319750089, 69.54514191300007 ], [ 7.141876661250066, 69.49979279150006 ], [ 7.18598473375009, 69.51246775900006 ], [ 6.95413252025007, 69.56876251850005 ], [ 6.401438835750085, 69.61146678250006 ], [ 7.197866244250079, 69.67815786350005 ], [ 7.593455437250086, 69.67010122250005 ], [ 7.425852898250085, 69.71793244000006 ], [ 7.535105827750087, 69.74863312350007 ], [ 7.372630241750088, 69.71237824100007 ], [ 6.92385908275007, 69.69703807150006 ], [ 6.80846194725008, 69.71941762900005 ], [ 6.576365593250088, 69.67484162000005 ], [ 6.118968132250089, 69.67148468600007 ], [ 6.009715202750087, 69.63931915900005 ], [ 5.89985192125009, 69.65433380750005 ], [ 5.942088249750086, 69.68007029800006 ], [ 5.856761101250086, 69.70426056500006 ], [ 5.866526726250086, 69.77626170450006 ], [ 5.825755241750088, 69.80728790900005 ], [ 6.010040723750066, 69.82720571500005 ], [ 6.196238640250087, 69.76157257700007 ], [ 6.204213900750077, 69.78934357300005 ], [ 6.147573275750077, 69.82608673700005 ], [ 6.548533562250086, 69.83768341650006 ], [ 6.528025749750086, 69.84793732300005 ], [ 6.739858431750079, 69.89865753800007 ], [ 6.87796064525007, 69.88677602750005 ], [ 6.896027051750067, 69.89633820200007 ], [ 6.826284213250077, 69.92368195200007 ], [ 6.92874189525007, 69.95082225150006 ], [ 7.49946129625009, 69.95550161350005 ], [ 7.679392937250086, 69.99566274600005 ], [ 7.456614616750088, 69.97181834500006 ], [ 7.19615725975008, 70.00559113150007 ], [ 7.44477379625009, 70.10336945200007 ], [ 7.308299187250086, 70.13901398300007 ], [ 7.214142286250066, 70.10513947150005 ], [ 7.190053744250079, 70.06324900900006 ], [ 7.032176140250087, 70.02072785050007 ], [ 6.750926140250087, 70.00856150900006 ], [ 6.627635124750086, 70.07415395700005 ], [ 6.763743523250085, 70.10666535050007 ], [ 6.780589226250086, 70.14251333200005 ], [ 6.743723991750088, 70.17349884650005 ], [ 6.774485710750085, 70.18375275250006 ], [ 6.721954786250066, 70.20505402200007 ], [ 6.63072757225008, 70.14959341000005 ], [ 6.661814812250086, 70.11203644400007 ], [ 6.522532585750085, 70.07806020700005 ], [ 6.431834343250088, 70.10147736200005 ], [ 6.456004265250087, 70.12229035050007 ], [ 6.438670280750088, 70.14617544150005 ], [ 6.253977898250085, 70.11856720600005 ], [ 6.302073601250086, 70.10831329950005 ], [ 6.325999382250089, 70.05710480350007 ], [ 6.222972038750086, 70.02982208850005 ], [ 6.398020866750088, 69.97489044800005 ], [ 6.174184603750078, 69.97307973850005 ], [ 6.154368523250085, 69.96121857300005 ], [ 6.192210319750089, 69.93361033750006 ], [ 6.069122754750069, 69.90081411350005 ], [ 6.07953942125009, 69.92368195200007 ], [ 6.01410973375009, 69.92026398300007 ], [ 6.003530306750079, 69.89261505750005 ], [ 5.904246452750087, 69.91312287000005 ], [ 5.959178093250088, 69.88579946500005 ], [ 5.53600100975008, 69.88128286350005 ], [ 5.486847364250067, 69.90286896350005 ], [ 5.506948275750077, 69.92705923050005 ], [ 5.474436882250089, 69.95322296750007 ], [ 5.212473991750088, 70.02298615100005 ], [ 5.630198601250086, 70.05059438700005 ], [ 5.246043327750087, 70.05144887900005 ], [ 4.982981804250088, 70.09840525900006 ], [ 4.852814161250066, 70.15299103400005 ], [ 4.921580437250086, 70.19215525900006 ], [ 4.99986819725008, 70.19058869000006 ], [ 4.982045931750079, 70.20151398300007 ], [ 4.69827314525007, 70.26596710800007 ], [ 5.284495476250086, 70.23526642450005 ], [ 5.243357780750088, 70.27768585800007 ], [ 5.063588900750077, 70.26649607950006 ], [ 5.020701530750088, 70.27280304550007 ], [ 5.085561556750079, 70.27963898300007 ], [ 4.872996452750087, 70.31406281100007 ], [ 5.00670413475008, 70.37928904800006 ], [ 5.099192741750088, 70.38608429550007 ], [ 5.061350944750089, 70.39971548050005 ], [ 5.088694694750089, 70.43045685400006 ], [ 4.94868004625009, 70.42734406100007 ], [ 4.989614291250078, 70.39971548050005 ], [ 4.957631869250079, 70.39237091650006 ], [ 4.876739942250069, 70.44046662000005 ], [ 4.82856285875009, 70.43417999850007 ], [ 4.807810905750088, 70.42022329300005 ], [ 4.892527702750087, 70.37314484250007 ], [ 4.645335319750089, 70.32968781100007 ], [ 4.601674838250077, 70.39768097550007 ], [ 4.451772494250079, 70.46488068250005 ], [ 4.489370150750077, 70.47173696500005 ], [ 4.458811882250089, 70.48477814350005 ], [ 4.481232129750069, 70.51468537000005 ], [ 4.36957848375009, 70.55057404150006 ], [ 4.623118523250085, 70.56082794800005 ], [ 4.458689812250086, 70.57785675650007 ], [ 4.538035515250087, 70.60434601450007 ], [ 4.760040723750066, 70.59525177600005 ], [ 4.63813317125009, 70.63339874850007 ], [ 4.644847038750086, 70.67337677600005 ], [ 4.793081088250077, 70.66289907450005 ], [ 4.794139030750088, 70.68399689350005 ], [ 4.942332390250087, 70.70188019400007 ], [ 5.054515007250089, 70.62599315000006 ], [ 5.17971845775007, 70.61185333850005 ], [ 5.206004265250087, 70.63809845600005 ], [ 5.112864616750088, 70.68399689350005 ], [ 5.226756218250088, 70.69644806500006 ], [ 5.299510124750086, 70.65250275250006 ], [ 5.92971845775007, 70.72031281100007 ], [ 6.00629723375009, 70.69803497900006 ], [ 6.017527702750087, 70.66696808450007 ], [ 5.900340202750087, 70.63258494650006 ], [ 5.538035515250087, 70.62599315000006 ], [ 5.256907585750085, 70.56390005100005 ], [ 5.757029655750088, 70.57557811050006 ], [ 5.777618848750066, 70.56390005100005 ], [ 5.664622429250088, 70.54032013550005 ], [ 5.660960319750089, 70.51612986850006 ], [ 5.839671257250089, 70.51983266800005 ], [ 6.052032911250066, 70.41226837750006 ], [ 6.110301140250087, 70.45094432150006 ], [ 5.972768588250077, 70.55057404150006 ], [ 6.171458366750088, 70.58811066300007 ], [ 6.103139681750079, 70.59525177600005 ], [ 6.305491569750089, 70.68509552600005 ], [ 6.460154655750088, 70.66619497250005 ], [ 6.678823275750077, 70.58127472550007 ], [ 6.678823275750077, 70.54715607300005 ], [ 6.779856804250088, 70.44437287000005 ], [ 6.917552116750088, 70.40044790250005 ], [ 6.860423210750085, 70.35501740100005 ], [ 6.872264030750088, 70.33546580600006 ], [ 6.971995476250086, 70.35987986850006 ], [ 7.09068850975008, 70.31320831900007 ], [ 7.107127312250086, 70.27469513550005 ], [ 7.248810254750069, 70.23508331900007 ], [ 7.276642286250066, 70.24472687350007 ], [ 7.127635124750086, 70.34852732950006 ], [ 7.106557650750077, 70.39637889200006 ], [ 7.010935905750088, 70.43417999850007 ], [ 6.957713249750086, 70.54386017450005 ], [ 6.990183952750087, 70.56082794800005 ], [ 6.853587273250085, 70.66350942600005 ], [ 6.88910973375009, 70.71793244000006 ], [ 7.10004723375009, 70.71473826700006 ], [ 7.009064161250066, 70.75201040250005 ], [ 7.04202314525007, 70.78704458200005 ], [ 7.178538444750089, 70.81304555850005 ], [ 7.309153679250088, 70.80069611200005 ], [ 7.441233757250089, 70.71726105350007 ], [ 7.51354007225008, 70.76065704950005 ], [ 7.665965202750087, 70.75213247250005 ], [ 8.080393913750086, 70.64304230350007 ], [ 7.826528353750078, 70.55364614450005 ], [ 7.905629916250078, 70.55364614450005 ], [ 7.922679069750089, 70.52638377500006 ], [ 7.919016960750085, 70.49222443250005 ], [ 7.857778353750078, 70.46404653500005 ], [ 7.97171064525007, 70.48001740100005 ], [ 8.084259473750066, 70.57352326050005 ], [ 8.204661491750088, 70.59433624850007 ], [ 8.394847038750086, 70.55112335800007 ], [ 8.47211754625009, 70.49991486200005 ], [ 8.487864616750088, 70.47515493350005 ], [ 8.450022819750089, 70.45778025900006 ], [ 8.470774773250085, 70.43729279150006 ], [ 8.327098015250087, 70.40996938700005 ], [ 8.453481478750078, 70.40655141800005 ], [ 8.504954460750085, 70.38950226450007 ], [ 8.503733757250089, 70.35784536350005 ], [ 8.924347364250067, 70.36191437350007 ], [ 8.998362663750086, 70.30881378800007 ], [ 8.98440595775007, 70.28647492050007 ], [ 9.803904655750088, 70.19638703000007 ], [ 9.785431348750066, 70.17636749850007 ], [ 9.807159864250067, 70.16696808450007 ], [ 9.711253288750086, 70.12882111200005 ], [ 9.722849968250088, 70.10865916550006 ], [ 9.376902702750087, 70.12615591000005 ], [ 9.32034345775007, 70.09466176950005 ] ] ], [ [ [ 14.769724968250088, 70.83133576050005 ], [ 15.851390007250089, 70.88974640500007 ], [ 15.446726921250061, 70.84598419800005 ], [ 14.769724968250088, 70.83133576050005 ] ] ], [ [ [ 8.276886426750067, 70.89877960800007 ], [ 8.090607129750069, 70.92423126850005 ], [ 8.189646843250088, 70.96146271350005 ], [ 8.409007194750089, 70.93072134000005 ], [ 8.276886426750067, 70.89877960800007 ] ] ], [ [ [ 11.11583499425008, 71.00241730350007 ], [ 11.152618848750066, 71.00638458850005 ], [ 11.221995476250086, 70.97513458850005 ], [ 11.114777051750067, 70.97104523300007 ], [ 11.11583499425008, 71.00241730350007 ] ] ], [ [ [ 11.177317741750088, 71.02353546750007 ], [ 11.13967939525007, 71.01413605350007 ], [ 11.01996910875009, 71.02664826050005 ], [ 11.11860192125009, 71.03517283750006 ], [ 11.177317741750088, 71.02353546750007 ] ] ], [ [ [ 12.650747103750078, 70.82801951700006 ], [ 12.582224968250088, 70.76657745950007 ], [ 12.643667025750077, 70.74179718600007 ], [ 12.634877963250077, 70.71620311050006 ], [ 11.94420413475008, 70.59238312350007 ], [ 12.015574577750087, 70.53708527200007 ], [ 11.94575035875009, 70.50046417850007 ], [ 11.622833692250069, 70.44748566300007 ], [ 11.491526726250086, 70.46848175650007 ], [ 11.17524254625009, 70.43430206900007 ], [ 11.161082390250087, 70.39975617050007 ], [ 11.057729525750077, 70.37379588400006 ], [ 10.49400882225008, 70.39078400250006 ], [ 10.35354658275007, 70.43417999850007 ], [ 10.358673536250066, 70.46148305850005 ], [ 10.478709343250088, 70.48911163950007 ], [ 9.439646843250088, 70.46840037650006 ], [ 9.457713249750086, 70.48197052600005 ], [ 9.396067741750088, 70.50864288950007 ], [ 9.129588249750086, 70.51376984250007 ], [ 8.873850944750089, 70.55631134650005 ], [ 8.847849968250088, 70.58501821500005 ], [ 9.13536624425008, 70.60208771350005 ], [ 9.608470085750085, 70.56390005100005 ], [ 9.26899254625009, 70.62257518100006 ], [ 9.956370476250086, 70.63282908750006 ], [ 10.204661491750088, 70.67376333200005 ], [ 10.174917025750077, 70.68222687350007 ], [ 8.423126661250066, 70.64090607300005 ], [ 8.087189161250066, 70.73211294150005 ], [ 8.342967155750088, 70.75772736200005 ], [ 8.371450228750078, 70.76966990750006 ], [ 8.309682650750077, 70.76966990750006 ], [ 8.365550163750086, 70.78444041550006 ], [ 8.426097038750086, 70.76657745950007 ], [ 8.49807783275007, 70.80753204950005 ], [ 8.148631218250088, 70.80380890500007 ], [ 8.107371452750087, 70.82118357950006 ], [ 8.21349124425008, 70.82118357950006 ], [ 7.922679069750089, 70.84848663950007 ], [ 8.049917025750077, 70.87578969950005 ], [ 8.415843132250089, 70.87271759650005 ], [ 8.381419304250088, 70.88295115750006 ], [ 8.666819694750089, 70.82199738150007 ], [ 8.823598666250078, 70.85532257700007 ], [ 8.643341504750069, 70.87821076050005 ], [ 8.522003614250067, 70.95120880750005 ], [ 8.547923210750085, 70.95834992050007 ], [ 8.86705569725008, 70.88809845600005 ], [ 8.957102898250085, 70.88974640500007 ], [ 8.888784213250077, 70.90341828000007 ], [ 8.960520866750088, 70.95120880750005 ], [ 8.91645348375009, 70.95462677600005 ], [ 8.988108757250089, 70.97198110550005 ], [ 8.765574577750087, 70.98380158100005 ], [ 8.781443718250088, 71.01547882700007 ], [ 8.868357780750088, 70.99930451050005 ], [ 8.859568718250088, 71.03187693900006 ], [ 9.049591504750069, 71.01328156100007 ], [ 9.083933952750087, 70.96860382700007 ], [ 9.226105176750067, 70.99110545450006 ], [ 9.327098015250087, 70.93072134000005 ], [ 9.45079593175008, 70.93413930850005 ], [ 9.40571129625009, 70.91367218600007 ], [ 9.45763186925008, 70.88632843600007 ], [ 9.95453942125009, 70.91542186050006 ], [ 9.980011426750067, 70.88608429550007 ], [ 9.831004265250087, 70.84197622250005 ], [ 10.063792351250086, 70.83485545450006 ], [ 10.13951663475008, 70.80069611200005 ], [ 10.128977898250085, 70.77337270700005 ], [ 10.172801140250087, 70.77089061050006 ], [ 10.214060905750088, 70.80185578000007 ], [ 10.269847038750086, 70.78704458200005 ], [ 10.204661491750088, 70.81436798700005 ], [ 10.26272627025007, 70.81436798700005 ], [ 10.218048536250066, 70.83485545450006 ], [ 10.255931023250085, 70.91025421750007 ], [ 10.31920413475008, 70.92886994000006 ], [ 10.20006350975008, 70.97128937350007 ], [ 10.259877963250077, 70.99979279150006 ], [ 10.372264030750088, 70.99281443900006 ], [ 10.337840202750087, 70.95834992050007 ], [ 10.406362338250077, 70.94437287000005 ], [ 10.379425489250067, 70.95834992050007 ], [ 10.44770348375009, 70.98565298050005 ], [ 10.421987338250077, 71.03800079950005 ], [ 10.711497429250088, 70.99588654150006 ], [ 10.59166507225008, 70.97513458850005 ], [ 10.708079460750085, 70.94813670450006 ], [ 10.558706088250077, 70.90354035050007 ], [ 10.534536166250078, 70.86040884000005 ], [ 10.592356804250088, 70.83815135300006 ], [ 10.646311882250089, 70.84197622250005 ], [ 10.574575228750078, 70.86557648300007 ], [ 10.684886101250086, 70.87607453000007 ], [ 10.730540398250085, 70.85062287000005 ], [ 10.730540398250085, 70.88144562350007 ], [ 10.766429069750089, 70.88604360550005 ], [ 10.815013054250088, 70.84610626850005 ], [ 10.93362470775007, 70.87163930850005 ], [ 10.889598015250087, 70.91025421750007 ], [ 10.913849317250069, 70.93389516800005 ], [ 11.038442416250078, 70.91464874850007 ], [ 10.978709343250088, 70.93413930850005 ], [ 11.126170280750088, 70.91702912000005 ], [ 11.232249382250089, 70.94095490100005 ], [ 11.105581088250077, 70.95462677600005 ], [ 11.161082390250087, 70.96726105350007 ], [ 11.331573926750067, 70.93788279800006 ], [ 11.266673210750085, 70.92701854050006 ], [ 11.29186038475008, 70.90720245950007 ], [ 11.44615725975008, 70.95731232300005 ], [ 11.475535515250087, 70.94095490100005 ], [ 11.421254916250078, 70.90341828000007 ], [ 11.708933952750087, 70.92050812350007 ], [ 11.643748405750088, 70.90653107300005 ], [ 11.921458366750088, 70.88604360550005 ], [ 11.883372429250088, 70.86557648300007 ], [ 12.434764030750088, 70.86649201050005 ], [ 12.650747103750078, 70.82801951700006 ] ] ], [ [ [ 9.02485192125009, 71.02406443900006 ], [ 8.957306348750066, 71.03187693900006 ], [ 9.097972038750086, 71.03688182150006 ], [ 9.02485192125009, 71.02406443900006 ] ] ], [ [ [ 9.426951530750088, 71.10916779150006 ], [ 9.364451530750088, 71.10043976450007 ], [ 9.279246452750087, 71.10916779150006 ], [ 9.426951530750088, 71.10916779150006 ] ] ], [ [ [ 9.618439161250066, 71.10916779150006 ], [ 9.543325228750078, 71.12625763550005 ], [ 9.714671257250089, 71.11942169800005 ], [ 9.618439161250066, 71.10916779150006 ] ] ], [ [ [ 9.441966179250088, 71.11942169800005 ], [ 9.290110710750085, 71.16409943250005 ], [ 9.532786491750088, 71.13649119650006 ], [ 9.441966179250088, 71.11942169800005 ] ] ] ] } },
{ "type": "Feature", "properties": { "ISO": "NO-22", "NAME_1": "Jan Mayen" }, "geometry": { "type": "Polygon", "coordinates": [ [ [ -7.962554490999935, 71.17487213700008 ], [ -7.939320441999939, 71.13641998900005 ], [ -8.00890051999994, 71.10521067900004 ], [ -7.983021613999938, 71.04515208500004 ], [ -8.005970831999946, 71.03253815300008 ], [ -8.401356574999909, 70.96259186400005 ], [ -8.619740363999938, 70.95807526200008 ], [ -8.98656165299991, 70.81077708500004 ], [ -9.079741990999935, 70.81244538000004 ], [ -9.066070115999935, 70.83226146000004 ], [ -9.11742102799991, 70.87490469000005 ], [ -8.516835089999915, 71.01447174700007 ], [ -8.325672980999911, 71.14760976800005 ], [ -7.962554490999935, 71.17487213700008 ] ] ] } }
]
}
